name,chunk_id,paper_id,context,measurement,value,units
measurement protocols,5,0,"The main carbon pools in tropical forest ecosystems are the living biomass of trees and understory vegetation and the dead mass of litter, woody debris and soil organic matter. The carbon stored in the aboveground living biomass of trees is typically the largest pool and the most directly impacted by deforestation and degradation. Thus, estimating aboveground forest biomass carbon is the most critical step in quantifying carbon stocks and fluxes from tropical forests, and the focus of this paper. Measurement protocols for other carbon pools are described elsewhere (e.g. Post et al 1999, Brown and Masera 2003, Pearson et al 2005a, IPCC 2006).",carbon_sequestration,None,Mt C a^-1
DeFries et al 2005,68,0,"To estimate carbon emissions it is necessary to know the area deforested and the amount of carbon these forests stored. Deforestation will likely be assessed using remote sensing and ideally the same observations will be used both to estimate deforestation and to design the forest carbon sampling matrix and scheme. If forest carbon stocks are collected according to a stratified sampling design it is important that deforestation is estimated for those same strata either through ‘wall-to-wall’ mapping or by ‘targeting sampling’ using the same stratified sampling scheme (DeFries et al 2005, 2007, Olander et al 2007). The average carbon stock value for each forest strata can be applied to the satellite-based forest map to estimate national-level forest carbon stocks or to a map of deforestation to estimate national-level forest emissions. Changes in carbon stocks and emissions could be monitored from satellite-based observations of deforestation once the broad spatial distribution of carbon stocks is well established (assuming deforestation and carbon assessments are compatible).",carbon_sequestration,None,Mt C a^-1
"Achard F, Eva H D, Stibig H-J, Mayaux P, Gallego J, Richards T and Malingreau J-P 2002 Determination of deforestation rates of the world’s human tropical forests Science 297 999–1002",75,0,"Achard F, Belward A S, Eva H D, Federici S, Mollicone D and Raes F 2006 Accounting for avoided conversion of intact and non-intact forests: technical options and a proposal for a policytool European Commission Joint Research Center paper www.gem.jrc.it/tem/EU_development_policy/activities/kyoto_support.htmAchard F, DeFries R, Eva H, Hansen M, Mayaux P and Stibig H-J 2007 Pan-tropical monitoring of deforestation Environ. Res. Lett. 2 045022Achard F, Eva H D, Mayaux P, Stibig H-J and Belward A 2004 Improved estimates of net carbon emissions from land cover change in the tropics for the 1990s Glob. Biogeochem. Cycles 18 GB2008 doi:10.1029/2003GB002142Achard F, Eva H D, Stibig H-J, Mayaux P, Gallego J, Richards T and Malingreau J-P 2002 Determination of deforestation rates of the world’s human tropical forests Science 297 999–1002",carbon_sequestration,1002,Mt C a^-1
broadleaved deciduous open,55,0,"a Overview of methods used to develop table 3: In most cases, total forest carbon stocks per country were calculated by applying biome-average forest carbon values to a satellite-based global land cover map for the year 2000 (GLC 2000) stratified by the FAO forest ecological zone map (FAO 2001). Gibbs and Brown (2007a, 2007b) applied a rule-based model to the GLC 2000 map. Additional description of data sources can be found in table 2 footnotes. All values are for above- and belowground forest biomass carbon stocks (trunk, branches, roots). Units expressed as million tonnes of carbon (M t C). (1) We attempted to trace each biome average to the original source of data and explain all modifications made by the biomass dataset producers, but this was not always possible. (2) Forest classes from the global classification scheme of GLC 2000 include the following: broadleaved evergreen, broadleaved deciduous open, broadleaved deciduous closed, needleleaved evergreen, needleleaved deciduous, mixed leaf, mosaic, and burnt. All non-forest land cover categories were excluded. (3) Each data set provided different values for different biome types. If only a single forest class was provided it was applied universally to all of the above classes (open and closed). When more than one forest category was provided it was translated and applied accordingly. (4) Note that only Gibbs and Brown (2007a, 2007b) account for the impact of human disturbance on forest carbon stocks. All other estimates use the same biome-average carbon value for all forests within each broad class regardless of their condition—however, we divided the average forest carbon stocks values in half for the mosaic and burnt classes in GLC 2000.",carbon_sequestration,None,Mt C a^-1
"DeFries R, Achard F, Brown S, Herold M, Murdiyarso D, Schmalmadinger B and deSouza C 2007 Earth observations for estimating greenhouse gas emissions from deforestation in developing countries Environ. Sci. Policy 10 385–94",79,0,"Cairns M A, Brown S, Helmer E H and Baumgardner G A 1997 Root biomass allocation in the world’s upland forests Oecologia 111 1–11Chambers J Q, Higuchi N, Tribuzy E S and Trumbore S E 2001 Carbon sink for a century Nature 410 429Chave J, Condit R, Aguilar S, Hernandez A, Lao S and Perez R 2004 Error propagation and scaling for tropical forest biomass estimates Phil. Trans. R. Soc. B 359 409–20Chave J et al 2005 Tree allometry and improved estimation of carbon stocks and balance in tropical forests Oecologia 145 87–9DeFries R, Achard F, Brown S, Herold M, Murdiyarso D, Schmalmadinger B and deSouza C 2007 Earth observations for estimating greenhouse gas emissions from deforestation in developing countries Environ. Sci. Policy 10 385–94",carbon_sequestration,10,Mt C a^-1
"Paciomik N and Rypdal K 2003 Cross cutting issues, section 5.3 sampling Good Practice Guidance For Land Use, Land-Use Change and Forestry, Intergovernmental Panel on Climate Change National Greenhouse Gas Inventories Programme ed J Penman, M Gytartsky, T Hiraishi, T Krug, D Kruger, R Pipatti, L Buendia, K Miwa, T Ngara, K Tanabe and F Wagner (Kanagawa: Institute for Global Environmental Strategies (IGES)) pp 5.21–5.28",91,0,"Paciomik N and Rypdal K 2003 Cross cutting issues, section 5.3 sampling Good Practice Guidance For Land Use, Land-Use Change and Forestry, Intergovernmental Panel on Climate Change National Greenhouse Gas Inventories Programme ed J Penman, M Gytartsky, T Hiraishi, T Krug, D Kruger, R Pipatti, L Buendia, K Miwa, T Ngara, K Tanabe and F Wagner (Kanagawa: Institute for Global Environmental Strategies (IGES)) pp 5.21–5.28Page S E, Siegert F, Rieley J O, Boehm Hans-Dieter V, Jaya A and Limin S 2002 The amount of carbon released from peat and forest fires in Indonesia during 1997 Nature 420 61–5Patenaude G et al 2004 Quantifying forest above ground carbon content using lidar remote sensing Remote Sens. Environ. 93 368–80",carbon_sequestration,None,Mt C a^-1
geographical information system,20,0,"Biome averages, however, are freely and immediately available and currently provide the only source of globally consistent forest carbon information. For these reasons, and despite the uncertainties, biome averages continue to be the most routinely used source of forest carbon stock data. Moreover, biome averages provide an important starting point for a country to assess the relative magnitude of their emissions from deforestation and degradation (IPCC Tier 1). Here we have compiled biome-average carbon stock estimates from prominent data sources (table 2). We attempted to trace the original source data and explain all modifications made by the biomass dataset producers, but that was not possible in every instance. We also standardized assumptions about carbon storage in different pools to allow true comparison.We calculated a range of forest carbon stock estimates for each tropical country by applying the standardized biome averages to the widely accepted forest classification scheme of the Global Land Cover 2000 (GLC 2000) vegetation map (stratified by FAO ecological zone map) and then overlaying country boundaries in a geographical information system (table 3).",carbon_sequestration,None,Mt C a^-1
deforestation,68,0,"To estimate carbon emissions it is necessary to know the area deforested and the amount of carbon these forests stored. Deforestation will likely be assessed using remote sensing and ideally the same observations will be used both to estimate deforestation and to design the forest carbon sampling matrix and scheme. If forest carbon stocks are collected according to a stratified sampling design it is important that deforestation is estimated for those same strata either through ‘wall-to-wall’ mapping or by ‘targeting sampling’ using the same stratified sampling scheme (DeFries et al 2005, 2007, Olander et al 2007). The average carbon stock value for each forest strata can be applied to the satellite-based forest map to estimate national-level forest carbon stocks or to a map of deforestation to estimate national-level forest emissions. Changes in carbon stocks and emissions could be monitored from satellite-based observations of deforestation once the broad spatial distribution of carbon stocks is well established (assuming deforestation and carbon assessments are compatible).",carbon_sequestration,None,Mt C a^-1
1621 N Kent Street,0,0,"# Monitoring and estimating tropical forest carbon stocks: making REDD a reality**Holly K Gibbs$^{1}$, Sandra Brown$^{2}$, John O Niles$^{3}$ and Jonathan A Foley$^{1}$**$^{1}$ Center for Sustainability and the Global Environment (SAGE), Nelson Institute for Environmental Studies, University of Wisconsin, 1710 University Avenue, Madison, WI 53726, USA$^{2}$ Winrock International, Ecosystem Services Unit, 1621 N Kent Street, Suite 1200, Arlington, VA 22207, USA$^{3}$ Carbon Conservation, 1226 E Mason Street, Santa Barbara, CA 93103, USAReceived 14 August 2007Accepted for publication 1 November 2007Published 5 December 2007Online at stacks.iop.org/ERL/2/045023",carbon_sequestration,None,Mt C a^-1
Rondonia,60,0,"The spatial distribution of forest carbon in the Amazon remains uncertain (Houghton et al 2001) but recent efforts have had more success extending a few reliable ground-based estimates of carbon density to larger scales. For example, Saatchi et al (2007) developed a map for the Amazon Basin using a method related to Brown’s but based more heavily on remotely sensed indices. Sales et al (2007) were also successful in using geostatistics to extrapolate the RADAMBRASIL forest inventory data across Rondonia, Brazil.5. Remote-sensing options",carbon_sequestration,None,Mt C a^-1
tropical forests,5,0,"The main carbon pools in tropical forest ecosystems are the living biomass of trees and understory vegetation and the dead mass of litter, woody debris and soil organic matter. The carbon stored in the aboveground living biomass of trees is typically the largest pool and the most directly impacted by deforestation and degradation. Thus, estimating aboveground forest biomass carbon is the most critical step in quantifying carbon stocks and fluxes from tropical forests, and the focus of this paper. Measurement protocols for other carbon pools are described elsewhere (e.g. Post et al 1999, Brown and Masera 2003, Pearson et al 2005a, IPCC 2006).",carbon_sequestration,None,Mt C a^-1
Surinam,52,0,<tr><td>Sri Lanka</td><td>302</td><td>509</td><td>296</td><td>400</td><td>138</td><td>138–509</td></tr>  <tr><td>Surinam</td><td>1793</td><td>2753</td><td>2330</td><td>663</td><td>—</td><td>663–2753</td></tr>  <tr><td>Tanzania</td><td>2716</td><td>2221</td><td>3400</td><td>2409</td><td>1281</td><td>1281–3400</td></tr>  <tr><td>Thailand</td><td>1346</td><td>2489</td><td>2215</td><td>1923</td><td>2104</td><td>1346–2489</td></tr>,carbon_sequestration,663,Mt C a^-1
Whittaker and Likens 1973,17,0,"of analyses. Often, ‘best guesses’ are employed as multiple biome averages are combined or modified (e.g. Houghton 1999, Houghton et al 2001, Fearnside 2000, Watson et al 2000, IPCC 2006).Biome averages are based on two main sources of information: compilations of whole-tree harvest measurement data and analysis of forest inventory data archived by the United Nations Food and Agricultural Organization (FAO) and others.• Compilations of point-based biomass harvest measurement data provide direct estimates of the actual forest volume or biomass at a particular site (e.g. Whittaker and Likens 1973, Olson et al 1983, Reichle 1981, Brown and Lugo 1984). While highly accurate for specific locations, these data were collected to describe only very local conditions and cover a tiny portion of total forest area (Brown 1997). Consequently, these compilations could be highly biased (depending on where the individual point measurements are made), and provide only rough approximations of forest carbon stocks over larger spatial scales.",carbon_sequestration,None,Mt C a^-1
Stephens B S et al 2007 Weak Northern and strong tropical land carbon uptake from vertical profiles of atmospheric CO$_2$ Science 316 1732–5,94,0,"Saatchi S S, Houghton R A, Dos Santos Alvala R C, Soares J V and Yu Y 2007 Distribution of aboveground live biomass in the Amazon Basin Glob. Change Biol. 13 816–37Sales M H, Souza C M Jr, Kyriakidis P C, Roberts D A and Vidal E 2007 Improving spatial distribution estimation of forest biomass with geostatistics: a case study for Rondonia, Brazil Ecol. Modelling 205 221–30Santilli M, Mouthino P, Schwartzman S, Nepstad D, Curran L and Nobre C 2005 Tropical deforestation and the Kyoto protocol Clim. Change 71 267–76Shimada M, Rosenqvist A, Watanabe M and Tadono T 2005 The polarimetric and interferometric potential of ALOS PALSAR Proc. POLInSAR 2005 (January 2005)Stephens B S et al 2007 Weak Northern and strong tropical land carbon uptake from vertical profiles of atmospheric CO$_2$ Science 316 1732–5",carbon_sequestration,1732,Mt C a^-1
Houghton 2005,69,0,"A major advantage of the forest strata approach is that carbon stock estimates could be applied to estimate emissions in the past, present and future, which is important for reference scenarios. Forest conditions will change over time, but the carbon estimates can still be applied as long as the forest classification reflects these changing conditions. A limitation of this approach is that forest carbon stocks for a particular area may be overestimated or underestimated if the forests in question differ from the average forest strata values (Houghton et al 2001, Houghton 2005).7. Accounting for forest degradation and condition",carbon_sequestration,None,Mt C a^-1
Brazil,86,0,"Houghton R A and Hackler J L 2001 Carbon Flux to the Atmosphere from Land-Use Changes: 1850 to 1990 ORNL/CDIAC-131, NDP-050/R1 http://cdiac.esd.ornl.gov/ndps/ndp050.htmlCarbon Dioxide Information Analysis Center, US Department of Energy, Oak Ridge National Laboratory, Oak Ridge, TN, p 86Houghton R A, Lawrence K T, Hackler J L and Brown S 2001 The spatial distribution of forest biomass in the Brazilian Amazon: a comparison of estimates Glob. Change Biol. 7 731–46Houghton R A, Lefkowitz D S and Skole D L 1991 Changes in the landscape of Latin America between 1850–1980 (I). A progressive loss of forest Forest Ecol. Manag. 38 143–72IPCC 2006 IPCC Guidelines for National Greenhouse Gas Inventories. Prepared by the National Greenhouse Gas Inventories Programme ed H S Eggleston, L Buendia, K Miwa, T Ngara and K Tanabe (Japan: Institute For Global Environmental Strategies)",carbon_sequestration,731,Mt C a^-1
Brown (1997),30,0,"a Table modified from Ramankutty et al (2007). Estimates of forest carbon stocks (t C/ha) are based on different biome-average datasets and most have slight modifications. All values are for above- and belowground forest biomass carbon. Olson et al (1983) was excluded from this table because he provides only a single value for all tropical forests (120 t C/ha) and for dry forest/woodland (60 t C/ha).b Houghton (1999)/DeFries et al (2002) and IPCC (2006) distinguished forest types within each region, whereas Brown (1997)/Achard et al (2004) distinguished only by region and not by forest type.",carbon_sequestration,None,Mt C a^-1
Baccini et al 2004,61,0,"Forest carbon stocks can also be evaluated using remote-sensing instruments mounted on satellites or airborne platforms, but substantial refinements are needed before routine assessments can be made at national or regional scales (Baccini et al 2004, DeFries et al 2007). No remote-sensing instrument can measure forest carbon stocks directly, and thus require additional ground-based data collection (Rosenqvist et al 2003a, Drake et al 2003). A major benefit of a satellite-based approach is the potential to provide ‘wall-to-wall’ observation of carbon stock proxies. Airplane-based sensors cover relatively small areas so the cost would likely be prohibitive for wall-to-wall coverage for larger countries, but a sampling approach could be used to estimate forest carbon stocks across a country (e.g. Drake et al 2003).",carbon_sequestration,None,Mt C a^-1
forest carbon,4,0,"Political acceptance and implementation of climate policies aimed at reducing carbon emissions from deforestation will require resolution of scientific challenges. Foremost among these challenges is identifying feasible approaches to assess national-level carbon emissions from deforestation and degradation in developing countries. To estimate emissions, we need to know the area of cleared forest and the amount of carbon that was stored in those forests. Methods to assess tropical deforestation are described elsewhere (DeFries et al 2005, 2007, Herold and Johns 2007, Olander et al 2007, Achard et al 2007). The purpose of this paper is to synthesize options to estimate national-level forest biomass carbon stocks in developing countries and propose methods to link forest carbon and deforestation estimates. Here we compile, update and map prominent forest biomass carbon databases to create the first complete set of national-level estimates.2. Overview of forest carbon stock measurements",carbon_sequestration,None,Mt C a^-1
"Keller M, Palace M and Hurt G 2001 Biomass estimation in the Tapajos National Forest, Brazil: examination of sampling and allometric uncertainties Forest Ecol. Manag. 154 371–82",87,0,"Iverson L, Brown S, Prasad A, Mitasova H, Gillespie A J R and Lugo A E 1994 Use of GIS for estimating potential and actual forest biomass for continental South and Southeast Asia Effects of Land-Use Change on Atmospheric CO2 Concentrations: South and Southeast Asia as a Case Study ed V Dale (New York: Springer) pp 67–116Keller M, Palace M and Hurt G 2001 Biomass estimation in the Tapajos National Forest, Brazil: examination of sampling and allometric uncertainties Forest Ecol. Manag. 154 371–82Kellndorfer J, Walker W, Pierce L, Dobson C, Fites J A, Hunsaker C, Vona J and Clutter M 2004 Vegetation height estimation from shuttle radar topography mission and national elevation datasets Remote Sens. Environ. 93 339–58",carbon_sequestration,371,Mt C a^-1
drainage class,19,0,"Biomes likely represent the most important variation of forest carbon stocks because they account for major bioclimatic gradients such as temperature, precipitation and geologic substrate. However, forest carbon stocks vary further within each biome according to slope, elevation, drainage class, soil type and land-use history. An average value cannot adequately represent the variation for an entire forest category or country. Estimates of emissions from deforestation could be biased if the forests that are cleared have carbon stocks that systematically differ from the biome-average values (Houghton et al 2001, Houghton 2005). Further, the compilations of studies used to develop the biome averages generally focused on mature stands and were based on a few plots that may not adequately represent the biome or region. Use of biome averages is further constrained because it is very difficult to assess the uncertainty or accuracy of source data.",carbon_sequestration,None,Mt C a^-1
mature stands,19,0,"Biomes likely represent the most important variation of forest carbon stocks because they account for major bioclimatic gradients such as temperature, precipitation and geologic substrate. However, forest carbon stocks vary further within each biome according to slope, elevation, drainage class, soil type and land-use history. An average value cannot adequately represent the variation for an entire forest category or country. Estimates of emissions from deforestation could be biased if the forests that are cleared have carbon stocks that systematically differ from the biome-average values (Houghton et al 2001, Houghton 2005). Further, the compilations of studies used to develop the biome averages generally focused on mature stands and were based on a few plots that may not adequately represent the biome or region. Use of biome averages is further constrained because it is very difficult to assess the uncertainty or accuracy of source data.",carbon_sequestration,None,Mt C a^-1
carbon stocks,1,0,"**Abstract**Reducing carbon emissions from deforestation and degradation in developing countries is of central importance in efforts to combat climate change. Key scientific challenges must be addressed to prevent any policy roadblocks. Foremost among the challenges is quantifying nations’ carbon emissions from deforestation and forest degradation, which requires information on forest clearing and carbon storage. Here we review a range of methods available to estimate national-level forest carbon stocks in developing countries. While there are no practical methods to directly measure all forest carbon stocks across a country, both ground-based and remote-sensing measurements of forest attributes can be converted into estimates of national carbon stocks using allometric relationships. Here we synthesize, map and update prominent forest biomass carbon databases to create the first complete set of national-level forest carbon stock estimates. These forest carbon estimates expand on the default values recommended by the Intergovernmental Panel on Climate Change’s National Greenhouse Gas Inventory Guidelines and provide a range of globally consistent estimates.**Keywords:** deforestation, tropical forests, forest biomass, carbon stocks, emissions, forest inventory, UNFCCC, REDD, LULUCF, avoided deforestation**1. Introduction**",carbon_sequestration,None,Mt C a^-1
Tropical seasonal forest,28,0,<td>—</td>    <td>38</td>    <td>152</td>  </tr>  <tr>    <td>Tropical seasonal forest</td>    <td>—</td>    <td>—</td>    <td>17</td>    <td>72</td>  </tr>  <tr>    <td>Tropical dry forest</td>    <td>—</td>    <td>—</td>    <td>—</td>    <td>—</td>  </tr>  <tr>    <td>Closed forest</td>    <td>136</td>    <td>—</td>    <td>—</td>    <td>—</td>  </tr>  <tr>    <td>Open forest</td>    <td>30</td>    <td>36</td>    <td>—</td>    <td>—</td>,carbon_sequestration,17,Mt C a^-1
"Ajtay G K, Ketner P and Duvigneaud P (1979) Terrestrial primary production and phytomass The global carbon cycle ed B Bolin, E T Degens, S Kempe and P Ketner (New York: Wiley) pp 129–82",76,0,"Ajtay G K, Ketner P and Duvigneaud P 1979 Terrestrial primary production and phytomass The global carbon cycle ed B Bolin, E T Degens, S Kempe and P Ketner (New York: Wiley) pp 129–82Asner G P 2001 Cloud cover in Landsat observations of the Brazilian Amazon Int. J. Remote Sens. 22 3855–62Asner G P et al 2005 Selective logging in the Brazilian Amazon Science 310 480–2Baccini A, Friedl A M A, Woodcock C E and Warbington R 2004 Forest biomass estimation over regional scales using multisource data Geophys. Res. Lett. 31 L10501Brown S 1997 Estimating biomass and biomass change of tropical forests: a primer FAO Forestry Paper no. 134 RomeBrown S 2002 Measuring carbon in forests: current status and future challenges Environ. Pollut. 116 363–72",carbon_sequestration,None,Mt C a^-1
Vegetation canopy LiDAR (VCL),15,0,</ul>    </td>    <td>      <ul>        <li>Less accurate in complex canopies of mature forests because signal saturates</li>        <li>Mountainous terrain also increases errors</li>        <li>Can be expensive and technically demanding</li>      </ul>    </td>    <td>Medium</td>  </tr>  <tr>    <td>Laser remote sensors</td>    <td>      <ul>        <li>LiDAR uses laser light to estimates forest height/vertical structure</li>        <li>Ex: Carbon 3-D satellite system combines Vegetation canopy LiDAR (VCL) with horizontal imager</li>      </ul>    </td>    <td>      <ul>        <li>Accurately estimates full spatial variability of forest carbon stocks</li>        <li>Potential for satellite-based system to estimate global forest carbon stocks</li>      </ul>    </td>    <td>      <ul>,carbon_sequestration,None,Mt C a^-1
"Pearson T, Walker S and Brown S 2005a Sourcebook for land use, land-use change and forestry projects Winrock International and the BioCarbon Fund of the World Bank p 57",92,0,"Pearson T, Brown S, Petrova S, Moore N and Slaymaker D 2005b Application of multispectral three-dimensional aerial digital imagery for estimating carbon stocks in a closed tropical forest Report to The Nature Conservancy Winrock InternationalPearson T, Walker S and Brown S 2005a Sourcebook for land use, land-use change and forestry projects Winrock International and the BioCarbon Fund of the World Bank p 57Penman J et al 2003 Good practice guidance for land use, land-use change and forestry IPCC National Greenhouse Gas Inventories Programme and Institute for Global Environmental Strategies, Kanagawa, Japan available at: http://www.ipcc-nggip.iges.or.jp/public/gpglulucf/gpglulucf.htmPost W M, Izaurralde R C, Mann L K and Bliss N 1999 Monitoring and verification of soil organic carbon sequestration Proc. Symp. Carbon Sequestration in Soils Science, Monitoring and Beyond (December) ed N J Rosenberg, R C Izaurralde and E L Malone (Columbus, OH: Batelle Press) p 41",carbon_sequestration,57,Mt C a^-1
IPCC (2006),34,0,"Before an allometric relationship can be used, ground-based forest inventory data must be collected using standardized sampling schemes appropriate for a country or forest type. Sampling data from targeted locations saves time by creating a means to infer carbon stocks for an entire forest or forest class while measuring only a fraction of it. It is best to use a sampling design developed specifically for each country<table>  <tr>    <th rowspan=""2"">Country</th>    <th colspan=""3"">Based on compilations of harvest data</th>    <th colspan=""2"">Based on forest inventory</th>    <th rowspan=""2"">Total range</th>  </tr>  <tr>    <th>Olson <i>et al</i> (1983)/Gibbs (2006)<sup>b</sup></th>    <th>Houghton (1999)/DeFries <i>et al</i> (2002)</th>    <th>IPCC (2006)<sup>c</sup></th>",carbon_sequestration,None,Mt C a^-1
Brazil,85,0,"Hirsch A I, Little W S, Houghton R A, Scott N A and White J D 2004 The net carbon flux due to deforestation and forest re-growth in the Brazilian Amazon: analysis using a process-based model Glob. Change Biol. 10 908–24Houghton R A 1999 The annual net flux of carbon to the atmosphere from changes in land use 1850–1990 Tellus B 51 298–13Houghton R A 2005 Tropical deforestation as a source of greenhouse gas emissions Tropical Deforestation and Climate Change ed Mutinho and Schwartzman (Belem: IPAM)Houghton R A and Hackler J L 1995 Continental scale estimates of biotic carbon flux from land cover change: 1850–1980 ORNL/CDIAC-79, NDP-050 (Oak Ridge, TN: Oak Ridge National Laboratory)",carbon_sequestration,908,Mt C a^-1
Brazil,70,0,"Accounting for differences in the forest carbon stocks as a result of degradation (and recovery from clearing) is important for estimating carbon emissions, particularly considering that degraded and regrowing forests are projected to comprise increasingly large portions of the tropics (FAO 2005). In the Brazilian Amazon, the re-clearance rate of secondary forest may rival the clearance rate of primary forest (Hirsch et al 2004) and the area of selectively logged forest is approximately equal to the area deforested (Asner et al 2005). Accurate estimates of carbon stored in secondary, logged or other non-primary forests are needed to estimate emissions from degradation and deforestation as the amount of carbon stored and subsequently emitted to the atmosphere varies greatly depending on forest condition.",carbon_sequestration,None,Mt C a^-1
DeFries et al (2002),34,0,"Before an allometric relationship can be used, ground-based forest inventory data must be collected using standardized sampling schemes appropriate for a country or forest type. Sampling data from targeted locations saves time by creating a means to infer carbon stocks for an entire forest or forest class while measuring only a fraction of it. It is best to use a sampling design developed specifically for each country<table>  <tr>    <th rowspan=""2"">Country</th>    <th colspan=""3"">Based on compilations of harvest data</th>    <th colspan=""2"">Based on forest inventory</th>    <th rowspan=""2"">Total range</th>  </tr>  <tr>    <th>Olson <i>et al</i> (1983)/Gibbs (2006)<sup>b</sup></th>    <th>Houghton (1999)/DeFries <i>et al</i> (2002)</th>    <th>IPCC (2006)<sup>c</sup></th>",carbon_sequestration,None,Mt C a^-1
DeFries et al 2007,68,0,"To estimate carbon emissions it is necessary to know the area deforested and the amount of carbon these forests stored. Deforestation will likely be assessed using remote sensing and ideally the same observations will be used both to estimate deforestation and to design the forest carbon sampling matrix and scheme. If forest carbon stocks are collected according to a stratified sampling design it is important that deforestation is estimated for those same strata either through ‘wall-to-wall’ mapping or by ‘targeting sampling’ using the same stratified sampling scheme (DeFries et al 2005, 2007, Olander et al 2007). The average carbon stock value for each forest strata can be applied to the satellite-based forest map to estimate national-level forest carbon stocks or to a map of deforestation to estimate national-level forest emissions. Changes in carbon stocks and emissions could be monitored from satellite-based observations of deforestation once the broad spatial distribution of carbon stocks is well established (assuming deforestation and carbon assessments are compatible).",carbon_sequestration,None,Mt C a^-1
"Delaney M, Brown S, Lugo A E, Torres-Lezama A and Bello Quintero N 1998 The quantity and turnover of dead wood in permanent forest plots in six life zones of Venezuela Biotropica 30 2–11",80,0,"DeFries R S, Asner G, Achard F, Justice C, Laporte N, Price K, Small C and Townshend J 2005 Monitoring tropical deforestation for emerging carbon markets Tropical Deforestation and Climate Change ed P Moutino and S Schwartzman (Belem: IPAM and Environmental Defense) pp 35–44DeFries R S, Houghton R A, Hansen M C, Field C B, Skole D and Townshend J 2002 Carbon emissions from tropical deforestation and regrowth based on satellite observations for the 1980s and 1990s Proc. Natl Acad. Sci. USA 99 14256–61Delaney M, Brown S, Lugo A E, Torres-Lezama A and Bello Quintero N 1998 The quantity and turnover of dead wood in permanent forest plots in six life zones of Venezuela Biotropica 30 2–11Drake J B et al 2003 Above-ground biomass estimation in closed-canopy neotropical forests using lidar remote sensing: factors affecting the generality of relationships Glob. Ecol. Biogeogr. 12 147–59",carbon_sequestration,2,Mt C a^-1
Keller et al 2001,24,0,"Generalized allometric equations also have the major advantage of being based on larger numbers of trees that span a wider range of diameters (Brown 1997, Chave et al 2005). An extensive review of allometric equations concluded that the pan-tropic models were ‘the best available’ way to estimate forest biomass and recommended them over local allometric models that may be based on less than 100 destructively sampled trees (Chave et al 2004). Chave et al (2005) developed generalized allometric equations for the pan-tropics based on an exceptionally large dataset of 2410 trees that can be used to accurately estimate forest carbon stocks across a wide range of forest types.The effort required to develop species- or location-specific relationships will not typically improve accuracy (Chambers et al 2001, Keller et al 2001, Chave et al 2005) but occasionally a localized relationship is warranted, as generalized equationsTable 2. Biome-average tropical forest biomass carbon stock estimates (t C/ha)a.",carbon_sequestration,None,Mt C a^-1
Tropical equatorial forest,29,0,</tr>  <tr>    <td>Tropical Asia</td>    <td></td>    <td>151</td>    <td>—</td>    <td>—</td>  </tr>  <tr>    <td>All forests</td>    <td>—</td>    <td>—</td>    <td>164</td>    <td>180 / 225g</td>  </tr>  <tr>    <td>Tropical equatorial forest</td>    <td>250</td>    <td>—</td>    <td>142</td>    <td>105 / 169</td>  </tr>  <tr>    <td>Tropical seasonal forest</td>    <td>150</td>    <td>—</td>    <td>120</td>    <td>78 / 96</td>  </tr></table>,carbon_sequestration,142,Mt C a^-1
"DeFries R S, Asner G, Achard F, Justice C, Laporte N, Price K, Small C and Townshend J 2005 Monitoring tropical deforestation for emerging carbon markets Tropical Deforestation and Climate Change ed P Moutino and S Schwartzman (Belem: IPAM and Environmental Defense) pp 35–44",80,0,"DeFries R S, Asner G, Achard F, Justice C, Laporte N, Price K, Small C and Townshend J 2005 Monitoring tropical deforestation for emerging carbon markets Tropical Deforestation and Climate Change ed P Moutino and S Schwartzman (Belem: IPAM and Environmental Defense) pp 35–44DeFries R S, Houghton R A, Hansen M C, Field C B, Skole D and Townshend J 2002 Carbon emissions from tropical deforestation and regrowth based on satellite observations for the 1980s and 1990s Proc. Natl Acad. Sci. USA 99 14256–61Delaney M, Brown S, Lugo A E, Torres-Lezama A and Bello Quintero N 1998 The quantity and turnover of dead wood in permanent forest plots in six life zones of Venezuela Biotropica 30 2–11Drake J B et al 2003 Above-ground biomass estimation in closed-canopy neotropical forests using lidar remote sensing: factors affecting the generality of relationships Glob. Ecol. Biogeogr. 12 147–59",carbon_sequestration,None,Mt C a^-1
"Pearson T, Brown S, Petrova S, Moore N and Slaymaker D 2005b Application of multispectral three-dimensional aerial digital imagery for estimating carbon stocks in a closed tropical forest Report to The Nature Conservancy Winrock International",92,0,"Pearson T, Brown S, Petrova S, Moore N and Slaymaker D 2005b Application of multispectral three-dimensional aerial digital imagery for estimating carbon stocks in a closed tropical forest Report to The Nature Conservancy Winrock InternationalPearson T, Walker S and Brown S 2005a Sourcebook for land use, land-use change and forestry projects Winrock International and the BioCarbon Fund of the World Bank p 57Penman J et al 2003 Good practice guidance for land use, land-use change and forestry IPCC National Greenhouse Gas Inventories Programme and Institute for Global Environmental Strategies, Kanagawa, Japan available at: http://www.ipcc-nggip.iges.or.jp/public/gpglulucf/gpglulucf.htmPost W M, Izaurralde R C, Mann L K and Bliss N 1999 Monitoring and verification of soil organic carbon sequestration Proc. Symp. Carbon Sequestration in Soils Science, Monitoring and Beyond (December) ed N J Rosenberg, R C Izaurralde and E L Malone (Columbus, OH: Batelle Press) p 41",carbon_sequestration,41,Mt C a^-1
burnt,55,0,"a Overview of methods used to develop table 3: In most cases, total forest carbon stocks per country were calculated by applying biome-average forest carbon values to a satellite-based global land cover map for the year 2000 (GLC 2000) stratified by the FAO forest ecological zone map (FAO 2001). Gibbs and Brown (2007a, 2007b) applied a rule-based model to the GLC 2000 map. Additional description of data sources can be found in table 2 footnotes. All values are for above- and belowground forest biomass carbon stocks (trunk, branches, roots). Units expressed as million tonnes of carbon (M t C). (1) We attempted to trace each biome average to the original source of data and explain all modifications made by the biomass dataset producers, but this was not always possible. (2) Forest classes from the global classification scheme of GLC 2000 include the following: broadleaved evergreen, broadleaved deciduous open, broadleaved deciduous closed, needleleaved evergreen, needleleaved deciduous, mixed leaf, mosaic, and burnt. All non-forest land cover categories were excluded. (3) Each data set provided different values for different biome types. If only a single forest class was provided it was applied universally to all of the above classes (open and closed). When more than one forest category was provided it was translated and applied accordingly. (4) Note that only Gibbs and Brown (2007a, 2007b) account for the impact of human disturbance on forest carbon stocks. All other estimates use the same biome-average carbon value for all forests within each broad class regardless of their condition—however, we divided the average forest carbon stocks values in half for the mosaic and burnt classes in GLC 2000.",carbon_sequestration,50,Mt C a^-1
Tropical forests,23,0,"Developing allometric relationships is time-consuming and expensive because it requires destructive harvesting of a large number of trees. Tropical forests often contain 300 or more species, but research has shown that species-specific allometric relationships are not needed to generate reliable estimates of forest carbon stocks. Grouping all species together and using generalized allometric relationships, stratified by broad forest types or ecological zones, is highly effective for the tropics because DBH alone explains more than 95% of the variation in aboveground tropical forest carbon stocks, even in highly diverse regions (Brown 2002).",carbon_sequestration,95,Mt C a^-1
NASA’s DESDynI,67,0,"LiDAR systems send out pulses of laser light and measure the signal return time to directly estimate the height and vertical structure of forests (Dubayah and Drake 2000, Patenaude et al 2004). The light hits the forest canopy and ground surfaces and is then reflected back to the instrument. Forest carbon stocks are estimated by applying allometric height–carbon relationships (Hese et al 2005), which can introduce some challenges in tropical forests that reach their maximum height relatively quickly but continue to accumulate carbon for many decades. However, large-footprint LiDAR remote sensing far exceeds the capabilities of radar and optical sensors to estimate carbon stocks for all forest types (Means et al 1998, Lefsky et al 1999, Drake et al 2003). Currently, airplane-mounted LiDAR instruments are too costly to be used for more than a small area. A satellite-based LiDAR system could provide global coverage but is not yet an option. However, future satellite missions including LiDAR instruments such as NASA’s DESDynI (planned launch in 2014) and the proposed but not yet funded ‘Carbon 3D’ could greatly improve our capacity to measure carbon stocks from space (Hese et al 2005).6. Linking measurements of carbon stocks and deforestation",carbon_sequestration,2014,Mt C a^-1
FAO 2005,18,0,"• Analysis of forest inventory data archived by the FAO and others have also been used to develop biome averages. Forest inventory data can provide high quality information for a particular region, but existinginventories were generally not collected using sampling schemes appropriate for the biome scale. Country-level estimates of forest carbon stocks reported in the FAO Forest Resources Assessments are also based on forest inventory data, but these estimates are highly suspect because of inadequate sampling for the national scale and inconsistent methods (Brown 1997, FAO 2000, 2005). In the latest FAO report, national forest carbon estimates based on inventory data remain very questionable, with more than half of tropical countries relying on ‘best guesses’ rather than actual measurements (FAO 2005).",carbon_sequestration,None,Mt C a^-1
remotely sensed data,73,0,"Here we have provided IPCC Tier 1 estimates of national-level forest carbon stocks that can be used immediately by countries and policy-makers. Each country will need to use expert judgment based on financial, time and capacity constraints in deciding whether to use higher Tier methods. In many countries it may be more feasible to rely on ground-based inventories rather than remotely sensed data to estimate forest carbon stocks, as labor costs are often low compared to installing and managing high-tech remote-sensing equipment and expertise. However, satellite-based estimates of forest carbon stocks will likely be more accessible over the next decade as new technologies emerge and technical capacities are strengthened. Collecting additional ground-based data using an appropriate sampling design that accounts for both forest type and condition will be necessary regardless of method and a critical next step for improving the understanding of carbon stocks and fluxes in tropical forests.Acknowledgments",carbon_sequestration,None,Mt C a^-1
evergreen broadleaf forests,47,0,"Stratification of systematic and random sampling schemes by broad forest types greatly increases survey efficiency by reducing unnecessary sampling and ensuring that major variation has been captured. It is important to assess how forest carbon stocks vary across a country before designing a stratified sampling scheme (Brown 2002). This information is used to define sampling strata or broad forest categories with similar forest carbon stocks. Information on soil types, drainage class, elevation, topography and land-use history are likely universally important to understanding the spatial distribution of carbon stocks. We recommend developing a ‘stratification matrix’ for each country or region using broad forest types (e.g. evergreen broadleaf, palm forests, semi-deciduous dry forests) and forest conditions such as drainage (e.g. flooded or dry), slope (e.g. steep or flat), level of degradation (e.g. logged, fragmented, pristine) and age (e.g. young fallow, secondary forest, mature) (figure 1).",carbon_sequestration,None,Mt C a^-1
Laos,43,0,<tr><td>Ivory Coast</td><td>1047</td><td>750</td><td>3355</td><td>830</td><td>1238</td><td>750–3355</td></tr>  <tr><td>Kenya</td><td>314</td><td>320</td><td>618</td><td>339</td><td>163</td><td>163–618</td></tr>  <tr><td>Laos</td><td>718</td><td>1523</td><td>1388</td><td>1163</td><td>1870</td><td>718–1870</td></tr>  <tr><td>Liberia</td><td>506</td><td>515</td><td>1302</td><td>543</td><td>707</td><td>506–1302</td></tr>,carbon_sequestration,1870,Mt C a^-1
tree height,9,0,"In this paper, we review and summarize a range of approaches that could be adapted to estimate forest carbon stocks across tropical countries at different tiers of detail and accuracy (table 1). Biome averages and new geographically explicit datasets, for instance, provide rough approximations that can be immediately used to estimate a nation’s carbon stocks (Tier 1). Ground-based measurements of tree diameters and height can be combined with predictive relationships to estimate forest carbon stocks (Tiers 2 and 3). Remote-sensing instruments mounted on satellites or airplanes can estimate tree volume and other proxies that can also be converted using statistical relationships with ground-based forest carbon measurements (Tiers 2 and 3). These approaches have varying benefits and limitations.3. Global estimates of forest carbon stocks: the biome-average approach",carbon_sequestration,None,Mt C a^-1
geologic substrate,19,0,"Biomes likely represent the most important variation of forest carbon stocks because they account for major bioclimatic gradients such as temperature, precipitation and geologic substrate. However, forest carbon stocks vary further within each biome according to slope, elevation, drainage class, soil type and land-use history. An average value cannot adequately represent the variation for an entire forest category or country. Estimates of emissions from deforestation could be biased if the forests that are cleared have carbon stocks that systematically differ from the biome-average values (Houghton et al 2001, Houghton 2005). Further, the compilations of studies used to develop the biome averages generally focused on mature stands and were based on a few plots that may not adequately represent the biome or region. Use of biome averages is further constrained because it is very difficult to assess the uncertainty or accuracy of source data.",carbon_sequestration,None,Mt C a^-1
Arlington,0,0,"# Monitoring and estimating tropical forest carbon stocks: making REDD a reality**Holly K Gibbs$^{1}$, Sandra Brown$^{2}$, John O Niles$^{3}$ and Jonathan A Foley$^{1}$**$^{1}$ Center for Sustainability and the Global Environment (SAGE), Nelson Institute for Environmental Studies, University of Wisconsin, 1710 University Avenue, Madison, WI 53726, USA$^{2}$ Winrock International, Ecosystem Services Unit, 1621 N Kent Street, Suite 1200, Arlington, VA 22207, USA$^{3}$ Carbon Conservation, 1226 E Mason Street, Santa Barbara, CA 93103, USAReceived 14 August 2007Accepted for publication 1 November 2007Published 5 December 2007Online at stacks.iop.org/ERL/2/045023",carbon_sequestration,None,Mt C a^-1
Brazilian Amazon,70,0,"Accounting for differences in the forest carbon stocks as a result of degradation (and recovery from clearing) is important for estimating carbon emissions, particularly considering that degraded and regrowing forests are projected to comprise increasingly large portions of the tropics (FAO 2005). In the Brazilian Amazon, the re-clearance rate of secondary forest may rival the clearance rate of primary forest (Hirsch et al 2004) and the area of selectively logged forest is approximately equal to the area deforested (Asner et al 2005). Accurate estimates of carbon stored in secondary, logged or other non-primary forests are needed to estimate emissions from degradation and deforestation as the amount of carbon stored and subsequently emitted to the atmosphere varies greatly depending on forest condition.",carbon_sequestration,None,Mt C a^-1
environmental conditions,46,0,"or group of countries as land-use history and environmental conditions likely vary across political boundaries.Systematic and random sampling designs are the two broad types of schemes used to estimate forest carbon stocks at the country level (Paciomik and Rypdal 2003). Systematic sampling uses a regularly spaced grid to identify plot locations across an entire region, while random sampling chooses plot locations by chance. Without stratification, both schemes may over- or under-sample because patterns in nature are inherently clumpy and not likely to be randomly distributed.",carbon_sequestration,None,Mt C a^-1
Congo,38,0,<tr><td>CAR</td><td>4059</td><td>3176</td><td>7405</td><td>3524</td><td>4096</td><td>3176–7405</td></tr>  <tr><td>Colombia</td><td>6737</td><td>10 085</td><td>11 467</td><td>2529</td><td>—</td><td>2529–11 467</td></tr>  <tr><td>Congo</td><td>3458</td><td>3549</td><td>5472</td><td>3740</td><td>4739</td><td>3458–5472</td></tr>  <tr><td>Costa Rica</td><td>471</td><td>704</td><td>593</td><td>493</td><td>—</td><td>471–704</td></tr>,carbon_sequestration,3740,Mt C a^-1
carbon emissions,68,0,"To estimate carbon emissions it is necessary to know the area deforested and the amount of carbon these forests stored. Deforestation will likely be assessed using remote sensing and ideally the same observations will be used both to estimate deforestation and to design the forest carbon sampling matrix and scheme. If forest carbon stocks are collected according to a stratified sampling design it is important that deforestation is estimated for those same strata either through ‘wall-to-wall’ mapping or by ‘targeting sampling’ using the same stratified sampling scheme (DeFries et al 2005, 2007, Olander et al 2007). The average carbon stock value for each forest strata can be applied to the satellite-based forest map to estimate national-level forest carbon stocks or to a map of deforestation to estimate national-level forest emissions. Changes in carbon stocks and emissions could be monitored from satellite-based observations of deforestation once the broad spatial distribution of carbon stocks is well established (assuming deforestation and carbon assessments are compatible).",carbon_sequestration,None,Mt C a^-1
table 3,55,0,"a Overview of methods used to develop table 3: In most cases, total forest carbon stocks per country were calculated by applying biome-average forest carbon values to a satellite-based global land cover map for the year 2000 (GLC 2000) stratified by the FAO forest ecological zone map (FAO 2001). Gibbs and Brown (2007a, 2007b) applied a rule-based model to the GLC 2000 map. Additional description of data sources can be found in table 2 footnotes. All values are for above- and belowground forest biomass carbon stocks (trunk, branches, roots). Units expressed as million tonnes of carbon (M t C). (1) We attempted to trace each biome average to the original source of data and explain all modifications made by the biomass dataset producers, but this was not always possible. (2) Forest classes from the global classification scheme of GLC 2000 include the following: broadleaved evergreen, broadleaved deciduous open, broadleaved deciduous closed, needleleaved evergreen, needleleaved deciduous, mixed leaf, mosaic, and burnt. All non-forest land cover categories were excluded. (3) Each data set provided different values for different biome types. If only a single forest class was provided it was applied universally to all of the above classes (open and closed). When more than one forest category was provided it was translated and applied accordingly. (4) Note that only Gibbs and Brown (2007a, 2007b) account for the impact of human disturbance on forest carbon stocks. All other estimates use the same biome-average carbon value for all forests within each broad class regardless of their condition—however, we divided the average forest carbon stocks values in half for the mosaic and burnt classes in GLC 2000.",carbon_sequestration,None,Mt C a^-1
tropical forests,4,0,"Political acceptance and implementation of climate policies aimed at reducing carbon emissions from deforestation will require resolution of scientific challenges. Foremost among these challenges is identifying feasible approaches to assess national-level carbon emissions from deforestation and degradation in developing countries. To estimate emissions, we need to know the area of cleared forest and the amount of carbon that was stored in those forests. Methods to assess tropical deforestation are described elsewhere (DeFries et al 2005, 2007, Herold and Johns 2007, Olander et al 2007, Achard et al 2007). The purpose of this paper is to synthesize options to estimate national-level forest biomass carbon stocks in developing countries and propose methods to link forest carbon and deforestation estimates. Here we compile, update and map prominent forest biomass carbon databases to create the first complete set of national-level estimates.2. Overview of forest carbon stock measurements",carbon_sequestration,None,Mt C a^-1
Gibbs (2006),48,0,"Once a country’s forest strata have been identified, the layout and number of plots needed to achieve a desired level of precision can be determined based on standards of acceptable sampling error. There are established methods and guidelines for determining the number, size, and distribution of sample<table>  <tr>    <th rowspan=""2"">Country</th>    <th colspan=""3"">Based on compilations of harvest data</th>    <th colspan=""2"">Based on forest inventory</th>    <th rowspan=""2"">Total range</th>  </tr>  <tr>    <th>Olson <i>et al</i> (1983)/Gibbs (2006)<sup>b</sup></th>    <th>Houghton (1999)/DeFries <i>et al</i> (2002)</th>    <th>IPCC (2006)<sup>c</sup></th>    <th>Brown (1997)/Achard <i>et al</i> (2002, 2004)</th>",carbon_sequestration,None,Mt C a^-1
IPCC Tier 1,20,0,"Biome averages, however, are freely and immediately available and currently provide the only source of globally consistent forest carbon information. For these reasons, and despite the uncertainties, biome averages continue to be the most routinely used source of forest carbon stock data. Moreover, biome averages provide an important starting point for a country to assess the relative magnitude of their emissions from deforestation and degradation (IPCC Tier 1). Here we have compiled biome-average carbon stock estimates from prominent data sources (table 2). We attempted to trace the original source data and explain all modifications made by the biomass dataset producers, but that was not possible in every instance. We also standardized assumptions about carbon storage in different pools to allow true comparison.We calculated a range of forest carbon stock estimates for each tropical country by applying the standardized biome averages to the widely accepted forest classification scheme of the Global Land Cover 2000 (GLC 2000) vegetation map (stratified by FAO ecological zone map) and then overlaying country boundaries in a geographical information system (table 3).",carbon_sequestration,1,Mt C a^-1
"Gibbs and Brown (2007a, 2007b)",55,0,"a Overview of methods used to develop table 3: In most cases, total forest carbon stocks per country were calculated by applying biome-average forest carbon values to a satellite-based global land cover map for the year 2000 (GLC 2000) stratified by the FAO forest ecological zone map (FAO 2001). Gibbs and Brown (2007a, 2007b) applied a rule-based model to the GLC 2000 map. Additional description of data sources can be found in table 2 footnotes. All values are for above- and belowground forest biomass carbon stocks (trunk, branches, roots). Units expressed as million tonnes of carbon (M t C). (1) We attempted to trace each biome average to the original source of data and explain all modifications made by the biomass dataset producers, but this was not always possible. (2) Forest classes from the global classification scheme of GLC 2000 include the following: broadleaved evergreen, broadleaved deciduous open, broadleaved deciduous closed, needleleaved evergreen, needleleaved deciduous, mixed leaf, mosaic, and burnt. All non-forest land cover categories were excluded. (3) Each data set provided different values for different biome types. If only a single forest class was provided it was applied universally to all of the above classes (open and closed). When more than one forest category was provided it was translated and applied accordingly. (4) Note that only Gibbs and Brown (2007a, 2007b) account for the impact of human disturbance on forest carbon stocks. All other estimates use the same biome-average carbon value for all forests within each broad class regardless of their condition—however, we divided the average forest carbon stocks values in half for the mosaic and burnt classes in GLC 2000.",carbon_sequestration,None,Mt C a^-1
"Penman J et al 2003 Good practice guidance for land use, land-use change and forestry IPCC National Greenhouse Gas Inventories Programme and Institute for Global Environmental Strategies, Kanagawa, Japan available at: http://www.ipcc-nggip.iges.or.jp/public/gpglulucf/gpglulucf.htm",92,0,"Pearson T, Brown S, Petrova S, Moore N and Slaymaker D 2005b Application of multispectral three-dimensional aerial digital imagery for estimating carbon stocks in a closed tropical forest Report to The Nature Conservancy Winrock InternationalPearson T, Walker S and Brown S 2005a Sourcebook for land use, land-use change and forestry projects Winrock International and the BioCarbon Fund of the World Bank p 57Penman J et al 2003 Good practice guidance for land use, land-use change and forestry IPCC National Greenhouse Gas Inventories Programme and Institute for Global Environmental Strategies, Kanagawa, Japan available at: http://www.ipcc-nggip.iges.or.jp/public/gpglulucf/gpglulucf.htmPost W M, Izaurralde R C, Mann L K and Bliss N 1999 Monitoring and verification of soil organic carbon sequestration Proc. Symp. Carbon Sequestration in Soils Science, Monitoring and Beyond (December) ed N J Rosenberg, R C Izaurralde and E L Malone (Columbus, OH: Batelle Press) p 41",carbon_sequestration,None,Mt C a^-1
IPCC Tier 1 estimates,73,0,"Here we have provided IPCC Tier 1 estimates of national-level forest carbon stocks that can be used immediately by countries and policy-makers. Each country will need to use expert judgment based on financial, time and capacity constraints in deciding whether to use higher Tier methods. In many countries it may be more feasible to rely on ground-based inventories rather than remotely sensed data to estimate forest carbon stocks, as labor costs are often low compared to installing and managing high-tech remote-sensing equipment and expertise. However, satellite-based estimates of forest carbon stocks will likely be more accessible over the next decade as new technologies emerge and technical capacities are strengthened. Collecting additional ground-based data using an appropriate sampling design that accounts for both forest type and condition will be necessary regardless of method and a critical next step for improving the understanding of carbon stocks and fluxes in tropical forests.Acknowledgments",carbon_sequestration,None,Mt C a^-1
Myanmar,49,0,"<th>Gibbs and Brown (2007a, 2007b)</th>  </tr>  <tr><td>Myanmar</td><td>2843</td><td>5182</td><td>4867</td><td>4024</td><td>4754</td><td>2377–5182</td></tr>  <tr><td>Nepal</td><td>246</td><td>393</td><td>369</td><td>337</td><td>334</td><td>246–393</td></tr>  <tr><td>Nicaragua</td><td>930</td><td>1395</td><td>1275</td><td>972</td><td>—</td><td>930–1395</td></tr>  <tr><td>Nigeria</td><td>1805</td><td>1377</td><td>3952</td><td>1510</td><td>1278</td><td>1278–3952</td></tr>",carbon_sequestration,2843,Mt C a^-1
Open forest,28,0,<td>—</td>    <td>38</td>    <td>152</td>  </tr>  <tr>    <td>Tropical seasonal forest</td>    <td>—</td>    <td>—</td>    <td>17</td>    <td>72</td>  </tr>  <tr>    <td>Tropical dry forest</td>    <td>—</td>    <td>—</td>    <td>—</td>    <td>—</td>  </tr>  <tr>    <td>Closed forest</td>    <td>136</td>    <td>—</td>    <td>—</td>    <td>—</td>  </tr>  <tr>    <td>Open forest</td>    <td>30</td>    <td>36</td>    <td>—</td>    <td>—</td>,carbon_sequestration,30,Mt C a^-1
elevation,19,0,"Biomes likely represent the most important variation of forest carbon stocks because they account for major bioclimatic gradients such as temperature, precipitation and geologic substrate. However, forest carbon stocks vary further within each biome according to slope, elevation, drainage class, soil type and land-use history. An average value cannot adequately represent the variation for an entire forest category or country. Estimates of emissions from deforestation could be biased if the forests that are cleared have carbon stocks that systematically differ from the biome-average values (Houghton et al 2001, Houghton 2005). Further, the compilations of studies used to develop the biome averages generally focused on mature stands and were based on a few plots that may not adequately represent the biome or region. Use of biome averages is further constrained because it is very difficult to assess the uncertainty or accuracy of source data.",carbon_sequestration,None,Mt C a^-1
Brown S (2002) Measuring carbon in forests: current status and future challenges Environ. Pollut. 116 363–72,76,0,"Ajtay G K, Ketner P and Duvigneaud P 1979 Terrestrial primary production and phytomass The global carbon cycle ed B Bolin, E T Degens, S Kempe and P Ketner (New York: Wiley) pp 129–82Asner G P 2001 Cloud cover in Landsat observations of the Brazilian Amazon Int. J. Remote Sens. 22 3855–62Asner G P et al 2005 Selective logging in the Brazilian Amazon Science 310 480–2Baccini A, Friedl A M A, Woodcock C E and Warbington R 2004 Forest biomass estimation over regional scales using multisource data Geophys. Res. Lett. 31 L10501Brown S 1997 Estimating biomass and biomass change of tropical forests: a primer FAO Forestry Paper no. 134 RomeBrown S 2002 Measuring carbon in forests: current status and future challenges Environ. Pollut. 116 363–72",carbon_sequestration,363–72,Mt C a^-1
Togo,53,0,<tr><td>Togo</td><td>252</td><td>172</td><td>510</td><td>192</td><td>145</td><td>145–510</td></tr>  <tr><td>Uganda</td><td>536</td><td>434</td><td>1237</td><td>479</td><td>429</td><td>429–1237</td></tr>  <tr><td>Venezuela</td><td>6141</td><td>9202</td><td>7886</td><td>2326</td><td>—</td><td>2326–9202</td></tr>  <tr><td>Vietnam</td><td>774</td><td>1632</td><td>1546</td><td>1169</td><td>1642</td><td>774–1642</td></tr>,carbon_sequestration,145,Mt C a^-1
temperature,19,0,"Biomes likely represent the most important variation of forest carbon stocks because they account for major bioclimatic gradients such as temperature, precipitation and geologic substrate. However, forest carbon stocks vary further within each biome according to slope, elevation, drainage class, soil type and land-use history. An average value cannot adequately represent the variation for an entire forest category or country. Estimates of emissions from deforestation could be biased if the forests that are cleared have carbon stocks that systematically differ from the biome-average values (Houghton et al 2001, Houghton 2005). Further, the compilations of studies used to develop the biome averages generally focused on mature stands and were based on a few plots that may not adequately represent the biome or region. Use of biome averages is further constrained because it is very difficult to assess the uncertainty or accuracy of source data.",carbon_sequestration,None,Mt C a^-1
Means et al (1998),67,0,"LiDAR systems send out pulses of laser light and measure the signal return time to directly estimate the height and vertical structure of forests (Dubayah and Drake 2000, Patenaude et al 2004). The light hits the forest canopy and ground surfaces and is then reflected back to the instrument. Forest carbon stocks are estimated by applying allometric height–carbon relationships (Hese et al 2005), which can introduce some challenges in tropical forests that reach their maximum height relatively quickly but continue to accumulate carbon for many decades. However, large-footprint LiDAR remote sensing far exceeds the capabilities of radar and optical sensors to estimate carbon stocks for all forest types (Means et al 1998, Lefsky et al 1999, Drake et al 2003). Currently, airplane-mounted LiDAR instruments are too costly to be used for more than a small area. A satellite-based LiDAR system could provide global coverage but is not yet an option. However, future satellite missions including LiDAR instruments such as NASA’s DESDynI (planned launch in 2014) and the proposed but not yet funded ‘Carbon 3D’ could greatly improve our capacity to measure carbon stocks from space (Hese et al 2005).6. Linking measurements of carbon stocks and deforestation",carbon_sequestration,None,Mt C a^-1
allometric relationships,12,0,"<td>Relates ground-based measurements of tree diameters or volume to forest carbon stocks using allometric relationships</td>    <td>      <ul>        <li>Generic relationships readily available</li>        <li>Low-tech method widely understood</li>        <li>Can be relatively inexpensive as field-labor is largest cost</li>      </ul>    </td>    <td>      <ul>        <li>Generic relationships not appropriate for all regions</li>        <li>Can be expensive and slow</li>        <li>Challenging to produce globally consistent results</li>      </ul>    </td>    <td>Low</td>  </tr>  <tr>    <td>Optical remote sensors</td>    <td>      <ul>        <li>Uses visible and infrared wavelengths to measure spectral indices and correlate to ground-based forest carbon measurements</li>        <li>Ex: Landsat, MODIS</li>      </ul>    </td>    <td>      <ul>",carbon_sequestration,None,Mt C a^-1
Houghton 1999,17,0,"of analyses. Often, ‘best guesses’ are employed as multiple biome averages are combined or modified (e.g. Houghton 1999, Houghton et al 2001, Fearnside 2000, Watson et al 2000, IPCC 2006).Biome averages are based on two main sources of information: compilations of whole-tree harvest measurement data and analysis of forest inventory data archived by the United Nations Food and Agricultural Organization (FAO) and others.• Compilations of point-based biomass harvest measurement data provide direct estimates of the actual forest volume or biomass at a particular site (e.g. Whittaker and Likens 1973, Olson et al 1983, Reichle 1981, Brown and Lugo 1984). While highly accurate for specific locations, these data were collected to describe only very local conditions and cover a tiny portion of total forest area (Brown 1997). Consequently, these compilations could be highly biased (depending on where the individual point measurements are made), and provide only rough approximations of forest carbon stocks over larger spatial scales.",carbon_sequestration,None,Mt C a^-1
"Foody G M, Boyd D S and Cutler M E J 2003 Predictive relations of tropical forest biomass from Landsat TM data and their transferability between regions Remote Sens. Environ. 85 463–74",82,0,"Foody G M, Boyd D S and Cutler M E J 2003 Predictive relations of tropical forest biomass from Landsat TM data and their transferability between regions Remote Sens. Environ. 85 463–74Foody G M and Cutler M E J 2003 Tree diversity in protected and logged Bornean tropical rain forests and is measurement by satellite remote sensing J. Biogeogr. 30 1053–66Fuller D O 2006 Tropical forest monitoring and remote sensing: a new era of transparency in forest governance? Singap. J. Trop. Geogr. 27 15–29Fuller D O, Jessup T C and Salim A 2004 Forest loss in Kalimantan, Indonesia since the 1997–1998 El Nino event Conser. Biol. 18 249–54Gaston G, Brown S, Lorenzini M and Singh K D 1998 State and change in carbon pools in the forests of tropical Africa Glob. Change Biol. 4 97",carbon_sequestration,None,Mt C a^-1
semi-deciduous dry forests,47,0,"Stratification of systematic and random sampling schemes by broad forest types greatly increases survey efficiency by reducing unnecessary sampling and ensuring that major variation has been captured. It is important to assess how forest carbon stocks vary across a country before designing a stratified sampling scheme (Brown 2002). This information is used to define sampling strata or broad forest categories with similar forest carbon stocks. Information on soil types, drainage class, elevation, topography and land-use history are likely universally important to understanding the spatial distribution of carbon stocks. We recommend developing a ‘stratification matrix’ for each country or region using broad forest types (e.g. evergreen broadleaf, palm forests, semi-deciduous dry forests) and forest conditions such as drainage (e.g. flooded or dry), slope (e.g. steep or flat), level of degradation (e.g. logged, fragmented, pristine) and age (e.g. young fallow, secondary forest, mature) (figure 1).",carbon_sequestration,None,Mt C a^-1
"Achard F, Belward A S, Eva H D, Federici S, Mollicone D and Raes F 2006 Accounting for avoided conversion of intact and non-intact forests: technical options and a proposal for a policytool European Commission Joint Research Center paper www.gem.jrc.it/tem/EU_development_policy/activities/kyoto_support.htm",75,0,"Achard F, Belward A S, Eva H D, Federici S, Mollicone D and Raes F 2006 Accounting for avoided conversion of intact and non-intact forests: technical options and a proposal for a policytool European Commission Joint Research Center paper www.gem.jrc.it/tem/EU_development_policy/activities/kyoto_support.htmAchard F, DeFries R, Eva H, Hansen M, Mayaux P and Stibig H-J 2007 Pan-tropical monitoring of deforestation Environ. Res. Lett. 2 045022Achard F, Eva H D, Mayaux P, Stibig H-J and Belward A 2004 Improved estimates of net carbon emissions from land cover change in the tropics for the 1990s Glob. Biogeochem. Cycles 18 GB2008 doi:10.1029/2003GB002142Achard F, Eva H D, Stibig H-J, Mayaux P, Gallego J, Richards T and Malingreau J-P 2002 Determination of deforestation rates of the world’s human tropical forests Science 297 999–1002",carbon_sequestration,None,Mt C a^-1
tropical countries,58,0,"Many tropical countries have already conducted at least one inventory of all or part of their forest area that could supplement new analyses or serve as a ‘stopgap’ while additional data are collected. However, very few developing countries have comprehensive national inventories, and any existing sub-national inventories must be evaluated before further use (Brown 1997, FAO 2005).Figure 1. Generalized stratification matrix that uses forest type and condition to capture the major variation in forest carbon stocks. Specific matrices should be developed for each country or region. Emissions from forest degradation could be quantified by comparing estimates of carbon storage under different forest conditions.4.3. Mapping forest carbon stocks using existing inventory data",carbon_sequestration,None,Mt C a^-1
airplanes,9,0,"In this paper, we review and summarize a range of approaches that could be adapted to estimate forest carbon stocks across tropical countries at different tiers of detail and accuracy (table 1). Biome averages and new geographically explicit datasets, for instance, provide rough approximations that can be immediately used to estimate a nation’s carbon stocks (Tier 1). Ground-based measurements of tree diameters and height can be combined with predictive relationships to estimate forest carbon stocks (Tiers 2 and 3). Remote-sensing instruments mounted on satellites or airplanes can estimate tree volume and other proxies that can also be converted using statistical relationships with ground-based forest carbon measurements (Tiers 2 and 3). These approaches have varying benefits and limitations.3. Global estimates of forest carbon stocks: the biome-average approach",carbon_sequestration,None,Mt C a^-1
"Fuller D O, Jessup T C and Salim A 2004 Forest loss in Kalimantan, Indonesia since the 1997–1998 El Nino event Conser. Biol. 18 249–54",82,0,"Foody G M, Boyd D S and Cutler M E J 2003 Predictive relations of tropical forest biomass from Landsat TM data and their transferability between regions Remote Sens. Environ. 85 463–74Foody G M and Cutler M E J 2003 Tree diversity in protected and logged Bornean tropical rain forests and is measurement by satellite remote sensing J. Biogeogr. 30 1053–66Fuller D O 2006 Tropical forest monitoring and remote sensing: a new era of transparency in forest governance? Singap. J. Trop. Geogr. 27 15–29Fuller D O, Jessup T C and Salim A 2004 Forest loss in Kalimantan, Indonesia since the 1997–1998 El Nino event Conser. Biol. 18 249–54Gaston G, Brown S, Lorenzini M and Singh K D 1998 State and change in carbon pools in the forests of tropical Africa Glob. Change Biol. 4 97",carbon_sequestration,249,Mt C a^-1
young fallow forests,47,0,"Stratification of systematic and random sampling schemes by broad forest types greatly increases survey efficiency by reducing unnecessary sampling and ensuring that major variation has been captured. It is important to assess how forest carbon stocks vary across a country before designing a stratified sampling scheme (Brown 2002). This information is used to define sampling strata or broad forest categories with similar forest carbon stocks. Information on soil types, drainage class, elevation, topography and land-use history are likely universally important to understanding the spatial distribution of carbon stocks. We recommend developing a ‘stratification matrix’ for each country or region using broad forest types (e.g. evergreen broadleaf, palm forests, semi-deciduous dry forests) and forest conditions such as drainage (e.g. flooded or dry), slope (e.g. steep or flat), level of degradation (e.g. logged, fragmented, pristine) and age (e.g. young fallow, secondary forest, mature) (figure 1).",carbon_sequestration,None,Mt C a^-1
1226 E Mason Street,0,0,"# Monitoring and estimating tropical forest carbon stocks: making REDD a reality**Holly K Gibbs$^{1}$, Sandra Brown$^{2}$, John O Niles$^{3}$ and Jonathan A Foley$^{1}$**$^{1}$ Center for Sustainability and the Global Environment (SAGE), Nelson Institute for Environmental Studies, University of Wisconsin, 1710 University Avenue, Madison, WI 53726, USA$^{2}$ Winrock International, Ecosystem Services Unit, 1621 N Kent Street, Suite 1200, Arlington, VA 22207, USA$^{3}$ Carbon Conservation, 1226 E Mason Street, Santa Barbara, CA 93103, USAReceived 14 August 2007Accepted for publication 1 November 2007Published 5 December 2007Online at stacks.iop.org/ERL/2/045023",carbon_sequestration,None,Mt C a^-1
Generalized allometric relationships,23,0,"Developing allometric relationships is time-consuming and expensive because it requires destructive harvesting of a large number of trees. Tropical forests often contain 300 or more species, but research has shown that species-specific allometric relationships are not needed to generate reliable estimates of forest carbon stocks. Grouping all species together and using generalized allometric relationships, stratified by broad forest types or ecological zones, is highly effective for the tropics because DBH alone explains more than 95% of the variation in aboveground tropical forest carbon stocks, even in highly diverse regions (Brown 2002).",carbon_sequestration,95,Mt C a^-1
Winrock International,0,0,"# Monitoring and estimating tropical forest carbon stocks: making REDD a reality**Holly K Gibbs$^{1}$, Sandra Brown$^{2}$, John O Niles$^{3}$ and Jonathan A Foley$^{1}$**$^{1}$ Center for Sustainability and the Global Environment (SAGE), Nelson Institute for Environmental Studies, University of Wisconsin, 1710 University Avenue, Madison, WI 53726, USA$^{2}$ Winrock International, Ecosystem Services Unit, 1621 N Kent Street, Suite 1200, Arlington, VA 22207, USA$^{3}$ Carbon Conservation, 1226 E Mason Street, Santa Barbara, CA 93103, USAReceived 14 August 2007Accepted for publication 1 November 2007Published 5 December 2007Online at stacks.iop.org/ERL/2/045023",carbon_sequestration,None,Mt C a^-1
PNG,50,0,<tr><td>Panama</td><td>509</td><td>763</td><td>685</td><td>549</td><td>—</td><td>509–763</td></tr>  <tr><td>PNG</td><td>4154</td><td>8037</td><td>7075</td><td>5160</td><td>—</td><td>4154–8037</td></tr>  <tr><td>Paraguay</td><td>2831</td><td>3659</td><td>3063</td><td>1087</td><td>—</td><td>1087–3659</td></tr>  <tr><td>Peru</td><td>7694</td><td>11 521</td><td>13 241</td><td>2782</td><td>—</td><td>2782–13 241</td></tr>,carbon_sequestration,None,Mt C a^-1
land-use history,19,0,"Biomes likely represent the most important variation of forest carbon stocks because they account for major bioclimatic gradients such as temperature, precipitation and geologic substrate. However, forest carbon stocks vary further within each biome according to slope, elevation, drainage class, soil type and land-use history. An average value cannot adequately represent the variation for an entire forest category or country. Estimates of emissions from deforestation could be biased if the forests that are cleared have carbon stocks that systematically differ from the biome-average values (Houghton et al 2001, Houghton 2005). Further, the compilations of studies used to develop the biome averages generally focused on mature stands and were based on a few plots that may not adequately represent the biome or region. Use of biome averages is further constrained because it is very difficult to assess the uncertainty or accuracy of source data.",carbon_sequestration,None,Mt C a^-1
LiDAR systems,67,0,"LiDAR systems send out pulses of laser light and measure the signal return time to directly estimate the height and vertical structure of forests (Dubayah and Drake 2000, Patenaude et al 2004). The light hits the forest canopy and ground surfaces and is then reflected back to the instrument. Forest carbon stocks are estimated by applying allometric height–carbon relationships (Hese et al 2005), which can introduce some challenges in tropical forests that reach their maximum height relatively quickly but continue to accumulate carbon for many decades. However, large-footprint LiDAR remote sensing far exceeds the capabilities of radar and optical sensors to estimate carbon stocks for all forest types (Means et al 1998, Lefsky et al 1999, Drake et al 2003). Currently, airplane-mounted LiDAR instruments are too costly to be used for more than a small area. A satellite-based LiDAR system could provide global coverage but is not yet an option. However, future satellite missions including LiDAR instruments such as NASA’s DESDynI (planned launch in 2014) and the proposed but not yet funded ‘Carbon 3D’ could greatly improve our capacity to measure carbon stocks from space (Hese et al 2005).6. Linking measurements of carbon stocks and deforestation",carbon_sequestration,None,Mt C a^-1
plots,19,0,"Biomes likely represent the most important variation of forest carbon stocks because they account for major bioclimatic gradients such as temperature, precipitation and geologic substrate. However, forest carbon stocks vary further within each biome according to slope, elevation, drainage class, soil type and land-use history. An average value cannot adequately represent the variation for an entire forest category or country. Estimates of emissions from deforestation could be biased if the forests that are cleared have carbon stocks that systematically differ from the biome-average values (Houghton et al 2001, Houghton 2005). Further, the compilations of studies used to develop the biome averages generally focused on mature stands and were based on a few plots that may not adequately represent the biome or region. Use of biome averages is further constrained because it is very difficult to assess the uncertainty or accuracy of source data.",carbon_sequestration,None,Mt C a^-1
Brazil,36,0,<tr><td>Benin</td><td>410</td><td>260</td><td>792</td><td>292</td><td>262</td><td>260–792</td></tr>  <tr><td>Bhutan</td><td>13</td><td>29</td><td>121</td><td>22</td><td>2</td><td>1–121</td></tr>  <tr><td>Bolivia</td><td>6542</td><td>9541</td><td>9189</td><td>2469</td><td>—</td><td>2469–9189</td></tr>  <tr><td>Brazil</td><td>54 697</td><td>81 087</td><td>82 510</td><td>82 699</td><td>—</td><td>54 697–82 699</td></tr>,carbon_sequestration,82 699,Mt C a^-1
forest carbon stocks,12,0,"<td>Relates ground-based measurements of tree diameters or volume to forest carbon stocks using allometric relationships</td>    <td>      <ul>        <li>Generic relationships readily available</li>        <li>Low-tech method widely understood</li>        <li>Can be relatively inexpensive as field-labor is largest cost</li>      </ul>    </td>    <td>      <ul>        <li>Generic relationships not appropriate for all regions</li>        <li>Can be expensive and slow</li>        <li>Challenging to produce globally consistent results</li>      </ul>    </td>    <td>Low</td>  </tr>  <tr>    <td>Optical remote sensors</td>    <td>      <ul>        <li>Uses visible and infrared wavelengths to measure spectral indices and correlate to ground-based forest carbon measurements</li>        <li>Ex: Landsat, MODIS</li>      </ul>    </td>    <td>      <ul>",carbon_sequestration,None,Mt C a^-1
slope,19,0,"Biomes likely represent the most important variation of forest carbon stocks because they account for major bioclimatic gradients such as temperature, precipitation and geologic substrate. However, forest carbon stocks vary further within each biome according to slope, elevation, drainage class, soil type and land-use history. An average value cannot adequately represent the variation for an entire forest category or country. Estimates of emissions from deforestation could be biased if the forests that are cleared have carbon stocks that systematically differ from the biome-average values (Houghton et al 2001, Houghton 2005). Further, the compilations of studies used to develop the biome averages generally focused on mature stands and were based on a few plots that may not adequately represent the biome or region. Use of biome averages is further constrained because it is very difficult to assess the uncertainty or accuracy of source data.",carbon_sequestration,None,Mt C a^-1
Brown 1997,58,0,"Many tropical countries have already conducted at least one inventory of all or part of their forest area that could supplement new analyses or serve as a ‘stopgap’ while additional data are collected. However, very few developing countries have comprehensive national inventories, and any existing sub-national inventories must be evaluated before further use (Brown 1997, FAO 2005).Figure 1. Generalized stratification matrix that uses forest type and condition to capture the major variation in forest carbon stocks. Specific matrices should be developed for each country or region. Emissions from forest degradation could be quantified by comparing estimates of carbon storage under different forest conditions.4.3. Mapping forest carbon stocks using existing inventory data",carbon_sequestration,None,Mt C a^-1
Guin.-Bissau,41,0,<tr><td>Ghana</td><td>880</td><td>612</td><td>2172</td><td>678</td><td>609</td><td>609–2172</td></tr>  <tr><td>Guatemala</td><td>787</td><td>1147</td><td>923</td><td>823</td><td>—</td><td>787–1147</td></tr>  <tr><td>Guinea</td><td>854</td><td>598</td><td>2051</td><td>664</td><td>973</td><td>598–2051</td></tr>  <tr><td>Guin.-Bissau</td><td>204</td><td>145</td><td>381</td><td>161</td><td>78</td><td>78–381</td></tr>,carbon_sequestration,78,Mt C a^-1
forest area,58,0,"Many tropical countries have already conducted at least one inventory of all or part of their forest area that could supplement new analyses or serve as a ‘stopgap’ while additional data are collected. However, very few developing countries have comprehensive national inventories, and any existing sub-national inventories must be evaluated before further use (Brown 1997, FAO 2005).Figure 1. Generalized stratification matrix that uses forest type and condition to capture the major variation in forest carbon stocks. Specific matrices should be developed for each country or region. Emissions from forest degradation could be quantified by comparing estimates of carbon storage under different forest conditions.4.3. Mapping forest carbon stocks using existing inventory data",carbon_sequestration,None,Mt C a^-1
evergreen broadleaf forest type,71,0,"One approach to account for carbon emissions from degradation is to measure forest carbon under different forest conditions as depicted in the stratification matrix (figure 1). To account for various levels of degradation, sampling schemes could measure carbon across broad forest type (e.g. evergreen broadleaf, seasonally flooded) and condition (e.g. young, logged, fragmented) in each forest stratum. Note that this stratification method is needed to accurately estimate emissions from deforestation even if degradation is excluded from the final climate policy framework.",carbon_sequestration,None,Mt C a^-1
Gibbs (2006),34,0,"Before an allometric relationship can be used, ground-based forest inventory data must be collected using standardized sampling schemes appropriate for a country or forest type. Sampling data from targeted locations saves time by creating a means to infer carbon stocks for an entire forest or forest class while measuring only a fraction of it. It is best to use a sampling design developed specifically for each country<table>  <tr>    <th rowspan=""2"">Country</th>    <th colspan=""3"">Based on compilations of harvest data</th>    <th colspan=""2"">Based on forest inventory</th>    <th rowspan=""2"">Total range</th>  </tr>  <tr>    <th>Olson <i>et al</i> (1983)/Gibbs (2006)<sup>b</sup></th>    <th>Houghton (1999)/DeFries <i>et al</i> (2002)</th>    <th>IPCC (2006)<sup>c</sup></th>",carbon_sequestration,None,Mt C a^-1
MODIS,63,0,"The present suite of optical satellite sensors, such as Landsat, AVHRR and MODIS, cannot yet be used to estimate carbon stocks of tropical forests with certainty (Thenkabail et al 2004). Attempts have been made to estimate forest carbon stocks indirectly by developing statistical relationships between ground-based measurements and satellite-observed vegetation indices (e.g. Foody et al 2003, Lu 2005). But this method tends to underestimate carbon stocks in tropical forests where optical satellites are less effective due to dense canopy closure, and has been unsuccessful in generating broad or transferable relationships (Waring et al 1995). Nonetheless, optical remote-sensing systems are operational at the global scale and some satellite systems (Landsat and AVHRR) provide a globally consistent record for the last 30 years.5.2. Very high-resolution aerial imagery",carbon_sequestration,None,Mt C a^-1
Africa,32,0,"e Estimated values were calculated by taking the average forest carbon stock estimate for each biome from Gibbs and Brown (2007a, 2007b) maps for Southeast Asia and Africa that represent actual forest carbon in the year 2000. FAO ecofloristic zones were used to identify biomes. Note that this estimate accounts for anthropogenic disturbances including land use and degradation while the other biome averages presented here represent carbon stocks of undisturbed forests. Gibbs and Brown (2007a, 2007b) are based on methods pioneered by Brown and colleagues using a rule-base GIS analysis to spatially extrapolated forest inventory data archived by the FAO based on climate, soils, topographic, population and land-use information and produce maps of forest carbon stocks in the 1980s (Brown et al 1993, Iverson et al 1994, Brown and Gaston 1995, Gaston et al 1998). Central and South America have not yet been mapped using this method. Belowground carbon stocks included by Brown and colleagues were based on root:shoot ratios calculated from previously published data and stratified by dry, seasonal and moist climate zones. Biomass values converted to carbon stocks using 0.5 carbon fraction.",carbon_sequestration,3,Mt C a^-1
"DeFries et al, 2002",10,0,"Nearly all estimates of emissions from tropical deforestation are based on a handful of biome-average datasets where a single representative value of forest carbon per unit area (e.g. tonnes of C per hectare) is applied to broad forest categories or biomes (e.g. Fearnside 2000, Houghton 1999, Houghton et al 2001, DeFries et al 2002, Achard et al 2002, 2004, Ramankutty et al 2007). The earliest compilations of biome averages were made decades ago and have been subsequently updated and modified by the research community (e.g. Whittaker and Likens 1973, Ajtay et al 1979, Olson et al 1983, Brown and Lugo 1984, 1992). This continuous updating of biome averages makes it difficult to identify original data sources and other key information. Many contemporary estimates of forest carbon stocks are based on multiple versions or iterationsTable 1. Benefits and limitations of available methods to estimate national-level forest carbon stocks.",carbon_sequestration,None,Mt C a^-1
pristine forests,47,0,"Stratification of systematic and random sampling schemes by broad forest types greatly increases survey efficiency by reducing unnecessary sampling and ensuring that major variation has been captured. It is important to assess how forest carbon stocks vary across a country before designing a stratified sampling scheme (Brown 2002). This information is used to define sampling strata or broad forest categories with similar forest carbon stocks. Information on soil types, drainage class, elevation, topography and land-use history are likely universally important to understanding the spatial distribution of carbon stocks. We recommend developing a ‘stratification matrix’ for each country or region using broad forest types (e.g. evergreen broadleaf, palm forests, semi-deciduous dry forests) and forest conditions such as drainage (e.g. flooded or dry), slope (e.g. steep or flat), level of degradation (e.g. logged, fragmented, pristine) and age (e.g. young fallow, secondary forest, mature) (figure 1).",carbon_sequestration,None,Mt C a^-1
Ivory Coast,43,0,<tr><td>Ivory Coast</td><td>1047</td><td>750</td><td>3355</td><td>830</td><td>1238</td><td>750–3355</td></tr>  <tr><td>Kenya</td><td>314</td><td>320</td><td>618</td><td>339</td><td>163</td><td>163–618</td></tr>  <tr><td>Laos</td><td>718</td><td>1523</td><td>1388</td><td>1163</td><td>1870</td><td>718–1870</td></tr>  <tr><td>Liberia</td><td>506</td><td>515</td><td>1302</td><td>543</td><td>707</td><td>506–1302</td></tr>,carbon_sequestration,1047,Mt C a^-1
deforestation,19,0,"Biomes likely represent the most important variation of forest carbon stocks because they account for major bioclimatic gradients such as temperature, precipitation and geologic substrate. However, forest carbon stocks vary further within each biome according to slope, elevation, drainage class, soil type and land-use history. An average value cannot adequately represent the variation for an entire forest category or country. Estimates of emissions from deforestation could be biased if the forests that are cleared have carbon stocks that systematically differ from the biome-average values (Houghton et al 2001, Houghton 2005). Further, the compilations of studies used to develop the biome averages generally focused on mature stands and were based on a few plots that may not adequately represent the biome or region. Use of biome averages is further constrained because it is very difficult to assess the uncertainty or accuracy of source data.",carbon_sequestration,None,Mt C a^-1
developing countries,1,0,"**Abstract**Reducing carbon emissions from deforestation and degradation in developing countries is of central importance in efforts to combat climate change. Key scientific challenges must be addressed to prevent any policy roadblocks. Foremost among the challenges is quantifying nations’ carbon emissions from deforestation and forest degradation, which requires information on forest clearing and carbon storage. Here we review a range of methods available to estimate national-level forest carbon stocks in developing countries. While there are no practical methods to directly measure all forest carbon stocks across a country, both ground-based and remote-sensing measurements of forest attributes can be converted into estimates of national carbon stocks using allometric relationships. Here we synthesize, map and update prominent forest biomass carbon databases to create the first complete set of national-level forest carbon stock estimates. These forest carbon estimates expand on the default values recommended by the Intergovernmental Panel on Climate Change’s National Greenhouse Gas Inventory Guidelines and provide a range of globally consistent estimates.**Keywords:** deforestation, tropical forests, forest biomass, carbon stocks, emissions, forest inventory, UNFCCC, REDD, LULUCF, avoided deforestation**1. Introduction**",carbon_sequestration,None,Mt C a^-1
"Whittaker and Likens, 1973",10,0,"Nearly all estimates of emissions from tropical deforestation are based on a handful of biome-average datasets where a single representative value of forest carbon per unit area (e.g. tonnes of C per hectare) is applied to broad forest categories or biomes (e.g. Fearnside 2000, Houghton 1999, Houghton et al 2001, DeFries et al 2002, Achard et al 2002, 2004, Ramankutty et al 2007). The earliest compilations of biome averages were made decades ago and have been subsequently updated and modified by the research community (e.g. Whittaker and Likens 1973, Ajtay et al 1979, Olson et al 1983, Brown and Lugo 1984, 1992). This continuous updating of biome averages makes it difficult to identify original data sources and other key information. Many contemporary estimates of forest carbon stocks are based on multiple versions or iterationsTable 1. Benefits and limitations of available methods to estimate national-level forest carbon stocks.",carbon_sequestration,None,Mt C a^-1
temperate forests,62,0,"Remote-sensing methodologies have been more successful at measuring carbon stocks in boreal and temperate forests and in young stands with lower forest carbon densities (Rosenqvist et al 2003b). Tropical forests are among the most carbon-rich and structurally complex ecosystems in the world and signals from remote-sensing instruments tend to saturate quickly. This has inhibited reliable forest carbon stock estimates in these ecosystems. Remote-sensing systems relying on optical data (visible and infrared light) are further limited in the tropics by cloud cover, but newer technologies, such as radar systems, can penetrate clouds and provide data day and night (Asner 2001).Attempts to use remote-sensing data to estimate carbon stocks have evolved along four major fronts:5.1. Optical remote sensing data",carbon_sequestration,None,Mt C a^-1
carbon stock estimates,69,0,"A major advantage of the forest strata approach is that carbon stock estimates could be applied to estimate emissions in the past, present and future, which is important for reference scenarios. Forest conditions will change over time, but the carbon estimates can still be applied as long as the forest classification reflects these changing conditions. A limitation of this approach is that forest carbon stocks for a particular area may be overestimated or underestimated if the forests in question differ from the average forest strata values (Houghton et al 2001, Houghton 2005).7. Accounting for forest degradation and condition",carbon_sequestration,None,Mt C a^-1
"Gibbs H K and Brown S 2007b Geographical distribution of biomass carbon in tropical southeast Asian forests: an updated database for 2000. Available at http://cdiac.ornl.gov/epubs/ndp/ndp068/ndp068b.html from the Carbon Dioxide Information Center, Oak Ridge National Laboratory, Oak Ridge, TN",83,0,"Gibbs H K 2006 Olson’s major world ecosystem complexes ranked by carbon in live vegetation: an updated database using the GLC2000 land cover product NDP-017b available at http://cdiac.ornl.gov/epubs/ndp/ndp017/ndp017b.html from the Carbon Dioxide Information Center, Oak Ridge National Laboratory, Oak Ridge, TNGibbs H K and Brown S 2007a Geographical distribution of woody biomass carbon stocks in tropical Africa: an updated database for 2000. Available at http://cdiac.ornl.gov/epubs/ndp/ndp0555/ndp05b.html from the Carbon Dioxide Information Center, Oak Ridge National Laboratory, Oak Ridge, TNGibbs H K and Brown S 2007b Geographical distribution of biomass carbon in tropical southeast Asian forests: an updated database for 2000. Available at http://cdiac.ornl.gov/epubs/ndp/ndp068/ndp068b.html from the Carbon Dioxide Information Center, Oak Ridge National Laboratory, Oak Ridge, TN",carbon_sequestration,0,Mt C a^-1
"Chave J, Condit R, Aguilar S, Hernandez A, Lao S and Perez R 2004 Error propagation and scaling for tropical forest biomass estimates Phil. Trans. R. Soc. B 359 409–20",79,0,"Cairns M A, Brown S, Helmer E H and Baumgardner G A 1997 Root biomass allocation in the world’s upland forests Oecologia 111 1–11Chambers J Q, Higuchi N, Tribuzy E S and Trumbore S E 2001 Carbon sink for a century Nature 410 429Chave J, Condit R, Aguilar S, Hernandez A, Lao S and Perez R 2004 Error propagation and scaling for tropical forest biomass estimates Phil. Trans. R. Soc. B 359 409–20Chave J et al 2005 Tree allometry and improved estimation of carbon stocks and balance in tropical forests Oecologia 145 87–9DeFries R, Achard F, Brown S, Herold M, Murdiyarso D, Schmalmadinger B and deSouza C 2007 Earth observations for estimating greenhouse gas emissions from deforestation in developing countries Environ. Sci. Policy 10 385–94",carbon_sequestration,87,Mt C a^-1
forest strata values,69,0,"A major advantage of the forest strata approach is that carbon stock estimates could be applied to estimate emissions in the past, present and future, which is important for reference scenarios. Forest conditions will change over time, but the carbon estimates can still be applied as long as the forest classification reflects these changing conditions. A limitation of this approach is that forest carbon stocks for a particular area may be overestimated or underestimated if the forests in question differ from the average forest strata values (Houghton et al 2001, Houghton 2005).7. Accounting for forest degradation and condition",carbon_sequestration,None,Mt C a^-1
Brown 2002,23,0,"Developing allometric relationships is time-consuming and expensive because it requires destructive harvesting of a large number of trees. Tropical forests often contain 300 or more species, but research has shown that species-specific allometric relationships are not needed to generate reliable estimates of forest carbon stocks. Grouping all species together and using generalized allometric relationships, stratified by broad forest types or ecological zones, is highly effective for the tropics because DBH alone explains more than 95% of the variation in aboveground tropical forest carbon stocks, even in highly diverse regions (Brown 2002).",carbon_sequestration,95,Mt C a^-1
Sri Lanka,52,0,<tr><td>Sri Lanka</td><td>302</td><td>509</td><td>296</td><td>400</td><td>138</td><td>138–509</td></tr>  <tr><td>Surinam</td><td>1793</td><td>2753</td><td>2330</td><td>663</td><td>—</td><td>663–2753</td></tr>  <tr><td>Tanzania</td><td>2716</td><td>2221</td><td>3400</td><td>2409</td><td>1281</td><td>1281–3400</td></tr>  <tr><td>Thailand</td><td>1346</td><td>2489</td><td>2215</td><td>1923</td><td>2104</td><td>1346–2489</td></tr>,carbon_sequestration,302,Mt C a^-1
Guyana,42,0,<tr><td>Guyana</td><td>2494</td><td>3742</td><td>3354</td><td>923</td><td>—</td><td>923–3354</td></tr>  <tr><td>Honduras</td><td>852</td><td>1268</td><td>1123</td><td>901</td><td>—</td><td>852–1268</td></tr>  <tr><td>India</td><td>5420</td><td>8997</td><td>5085</td><td>7333</td><td>8560</td><td>5085–8997</td></tr>  <tr><td>Indonesia</td><td>13 143</td><td>25 547</td><td>25 397</td><td>16 448</td><td>20 504</td><td>10 252–25 547</td></tr>,carbon_sequestration,923,Mt C a^-1
UNFCCC,1,0,"**Abstract**Reducing carbon emissions from deforestation and degradation in developing countries is of central importance in efforts to combat climate change. Key scientific challenges must be addressed to prevent any policy roadblocks. Foremost among the challenges is quantifying nations’ carbon emissions from deforestation and forest degradation, which requires information on forest clearing and carbon storage. Here we review a range of methods available to estimate national-level forest carbon stocks in developing countries. While there are no practical methods to directly measure all forest carbon stocks across a country, both ground-based and remote-sensing measurements of forest attributes can be converted into estimates of national carbon stocks using allometric relationships. Here we synthesize, map and update prominent forest biomass carbon databases to create the first complete set of national-level forest carbon stock estimates. These forest carbon estimates expand on the default values recommended by the Intergovernmental Panel on Climate Change’s National Greenhouse Gas Inventory Guidelines and provide a range of globally consistent estimates.**Keywords:** deforestation, tropical forests, forest biomass, carbon stocks, emissions, forest inventory, UNFCCC, REDD, LULUCF, avoided deforestation**1. Introduction**",carbon_sequestration,None,Mt C a^-1
logged forest condition,71,0,"One approach to account for carbon emissions from degradation is to measure forest carbon under different forest conditions as depicted in the stratification matrix (figure 1). To account for various levels of degradation, sampling schemes could measure carbon across broad forest type (e.g. evergreen broadleaf, seasonally flooded) and condition (e.g. young, logged, fragmented) in each forest stratum. Note that this stratification method is needed to accurately estimate emissions from deforestation even if degradation is excluded from the final climate policy framework.",carbon_sequestration,None,Mt C a^-1
Nascimento H E M and Laurance W F 2002 Total aboveground biomass in central Amazonian rainforests: a landscape-scale study Forest Ecol. Manag. 168 311–21,90,0,"Mokany K, Raison J R and Prokushkin A S 2006 Critical analysis of root-shoot rations in terrestrial biomes Glob. Change Biol. 12 84–96Nascimento H E M and Laurance W F 2002 Total aboveground biomass in central Amazonian rainforests: a landscape-scale study Forest Ecol. Manag. 168 311–21Niles J O 2002 Tropical forests and climate change Climate change policy: a survey ed S Schneider, A Rosencranz and J Niles (Washington, DC: Island Press)Olander L P, Gibbs H K, Murray B C, Steininger M and Swenson J 2007 Data and methods to estimate national historical deforestation baselines in support of UNFCCC REDD Environ. Res. Lett. submittedOlson J S, Watts J A and Allison L J 1983 Carbon in live vegetation of major world ecosystems ORNL-5862 (Oak Ridge, TN: Oak Ridge National Laboratory)",carbon_sequestration,None,Mt C a^-1
Brown et al 2000,57,0,"plots (Brown <i>et al</i> 2000, Hamburg 2000, Nascimento and Laurance 2002, Paciomik and Rypdal 2003, Pearson <i>et al</i> 2005a).Country-level forest carbon stocks can then be estimated using the statistically sampled ground-based data. Allometric relationships are first applied to the ground-based forest measurements to estimate the average carbon stocks in each forest strata (Forest C/ha).A country’s forest carbon stocks can then be estimated by applying the average carbon density values across a national land-cover map or to a forest statistics table with the same forest strata (see section 6 for more on linking forest carbon and deforestation measurements). This approach could improve upon the Tier 1 results reported in table 3 and provide estimates at the Tier 2 or 3 level.4.2. Existing forest inventory data",carbon_sequestration,None,Mt C a^-1
GLC 2000 land cover map,56,0,"b Based on Gibbs (2006), which translated and applied the original Olson <i>et al</i> (1983) data to the GLC 2000 land cover map. Olson <i>et al</i> (1983) is based on a large compilation of literature studies; please see on-line documentation for full list. The Olson ‘medium’ biomass estimates were used here. Note that Olson <i>et al</i> (1983) provides only a single value for all tropical forests (120 Mg C/ha) and for dry forest/woodland (60 Mg C/ha).c Note that mountain systems were included in these national-level estimates but excluded from table 2 because they cover a relatively small portion of the tropics and are not distinguished by other databases. Default IPCC Tier 1 values for above and belowground forest biomass carbon stocks for mountain systems are 69, 87, 81, and 122 t C/ha for Africa, Latin America, continental Southeast Asia, and insular Southeast Asia, respectively.",carbon_sequestration,120,Mt C a^-1
"United Nations Framework Convention on Climate Change - Study and consider a new initiative, led by forest-rich developing countries. No specific countries mentioned, but implied to be tropical forest countries. However, the text does not explicitly mention any countries. ",3,0,"Despite the importance of avoiding deforestation and associated emissions, developing countries have had few economic or policy incentives to reduce emissions from land-use change (Santilli *et al* 2005). ‘Avoided deforestation’ projects were excluded from the 2008–2012 first commitment period of the Kyoto Protocol because of concerns about diluting fossil fuel reductions, sovereignty and methods to measure emissions reductions (Niles 2002, Gullison *et al* 2007). More recently the importance of including emissions reductions from tropical deforestation in future climate change policy has grown. The United Nations Framework Convention on Climate Change recently agreed to study and consider a new initiative, led by forest-rich developing countries, that calls for economic incentives to help facilitate reductionsin emissions from deforestation in developing countries (REDD).The REDD concept is—at its core—a proposal to provide financial incentives to help developing countries voluntarily reduce national deforestation rates and associated carbon emissions below a baseline (based either on a historical reference case or future projection). Countries that demonstrate emissions reductions may be able to sell those carbon credits on the international carbon market or elsewhere. These emissions reductions could simultaneously combat climate change, conserve biodiversity and protect other ecosystem goods and services.",carbon_sequestration,None,Mt C a^-1
emissions,1,0,"**Abstract**Reducing carbon emissions from deforestation and degradation in developing countries is of central importance in efforts to combat climate change. Key scientific challenges must be addressed to prevent any policy roadblocks. Foremost among the challenges is quantifying nations’ carbon emissions from deforestation and forest degradation, which requires information on forest clearing and carbon storage. Here we review a range of methods available to estimate national-level forest carbon stocks in developing countries. While there are no practical methods to directly measure all forest carbon stocks across a country, both ground-based and remote-sensing measurements of forest attributes can be converted into estimates of national carbon stocks using allometric relationships. Here we synthesize, map and update prominent forest biomass carbon databases to create the first complete set of national-level forest carbon stock estimates. These forest carbon estimates expand on the default values recommended by the Intergovernmental Panel on Climate Change’s National Greenhouse Gas Inventory Guidelines and provide a range of globally consistent estimates.**Keywords:** deforestation, tropical forests, forest biomass, carbon stocks, emissions, forest inventory, UNFCCC, REDD, LULUCF, avoided deforestation**1. Introduction**",carbon_sequestration,None,Mt C a^-1
Systematic sampling,46,0,"or group of countries as land-use history and environmental conditions likely vary across political boundaries.Systematic and random sampling designs are the two broad types of schemes used to estimate forest carbon stocks at the country level (Paciomik and Rypdal 2003). Systematic sampling uses a regularly spaced grid to identify plot locations across an entire region, while random sampling chooses plot locations by chance. Without stratification, both schemes may over- or under-sample because patterns in nature are inherently clumpy and not likely to be randomly distributed.",carbon_sequestration,None,Mt C a^-1
Stephens *et al* 2007,2,0,"Forests sequester and store more carbon than any other terrestrial ecosystem and are an important natural ‘brake’ on climate change. When forests are cleared or degraded, their stored carbon is released into the atmosphere as carbon dioxide (CO$_2$). Tropical deforestation is estimated to have released of the order of 1–2 billion tonnes of carbon per year during the 1990s, roughly 15–25% of annual global greenhouse gas emissions (Malhi and Grace 2000, Fearnside and Laurance 2003, 2004, Houghton 2005). The largest source of greenhouse gas emissions in most tropical countries is from deforestation and forest degradation. In Africa, for example, deforestation accounts for nearly 70% of total emissions (FAO 2005). Moreover, clearing tropical forests also destroys globally important carbon sinks that are currently sequestering CO$_2$ from the atmosphere and are critical to future climate stabilization (Stephens *et al* 2007).",carbon_sequestration,1,Mt C a^-1
"Niles (2002) - Concerns about diluting fossil fuel reductions, sovereignty and methods to measure emissions reductions. No specific countries mentioned, but implied to be tropical forest countries. However, the text does not explicitly mention any countries. ",3,0,"Despite the importance of avoiding deforestation and associated emissions, developing countries have had few economic or policy incentives to reduce emissions from land-use change (Santilli *et al* 2005). ‘Avoided deforestation’ projects were excluded from the 2008–2012 first commitment period of the Kyoto Protocol because of concerns about diluting fossil fuel reductions, sovereignty and methods to measure emissions reductions (Niles 2002, Gullison *et al* 2007). More recently the importance of including emissions reductions from tropical deforestation in future climate change policy has grown. The United Nations Framework Convention on Climate Change recently agreed to study and consider a new initiative, led by forest-rich developing countries, that calls for economic incentives to help facilitate reductionsin emissions from deforestation in developing countries (REDD).The REDD concept is—at its core—a proposal to provide financial incentives to help developing countries voluntarily reduce national deforestation rates and associated carbon emissions below a baseline (based either on a historical reference case or future projection). Countries that demonstrate emissions reductions may be able to sell those carbon credits on the international carbon market or elsewhere. These emissions reductions could simultaneously combat climate change, conserve biodiversity and protect other ecosystem goods and services.",carbon_sequestration,None,Mt C a^-1
IPCC 2006,17,0,"of analyses. Often, ‘best guesses’ are employed as multiple biome averages are combined or modified (e.g. Houghton 1999, Houghton et al 2001, Fearnside 2000, Watson et al 2000, IPCC 2006).Biome averages are based on two main sources of information: compilations of whole-tree harvest measurement data and analysis of forest inventory data archived by the United Nations Food and Agricultural Organization (FAO) and others.• Compilations of point-based biomass harvest measurement data provide direct estimates of the actual forest volume or biomass at a particular site (e.g. Whittaker and Likens 1973, Olson et al 1983, Reichle 1981, Brown and Lugo 1984). While highly accurate for specific locations, these data were collected to describe only very local conditions and cover a tiny portion of total forest area (Brown 1997). Consequently, these compilations could be highly biased (depending on where the individual point measurements are made), and provide only rough approximations of forest carbon stocks over larger spatial scales.",carbon_sequestration,None,Mt C a^-1
aboveground living biomass of trees,5,0,"The main carbon pools in tropical forest ecosystems are the living biomass of trees and understory vegetation and the dead mass of litter, woody debris and soil organic matter. The carbon stored in the aboveground living biomass of trees is typically the largest pool and the most directly impacted by deforestation and degradation. Thus, estimating aboveground forest biomass carbon is the most critical step in quantifying carbon stocks and fluxes from tropical forests, and the focus of this paper. Measurement protocols for other carbon pools are described elsewhere (e.g. Post et al 1999, Brown and Masera 2003, Pearson et al 2005a, IPCC 2006).",carbon_sequestration,None,Mt C a^-1
forest biomass carbon databases,1,0,"**Abstract**Reducing carbon emissions from deforestation and degradation in developing countries is of central importance in efforts to combat climate change. Key scientific challenges must be addressed to prevent any policy roadblocks. Foremost among the challenges is quantifying nations’ carbon emissions from deforestation and forest degradation, which requires information on forest clearing and carbon storage. Here we review a range of methods available to estimate national-level forest carbon stocks in developing countries. While there are no practical methods to directly measure all forest carbon stocks across a country, both ground-based and remote-sensing measurements of forest attributes can be converted into estimates of national carbon stocks using allometric relationships. Here we synthesize, map and update prominent forest biomass carbon databases to create the first complete set of national-level forest carbon stock estimates. These forest carbon estimates expand on the default values recommended by the Intergovernmental Panel on Climate Change’s National Greenhouse Gas Inventory Guidelines and provide a range of globally consistent estimates.**Keywords:** deforestation, tropical forests, forest biomass, carbon stocks, emissions, forest inventory, UNFCCC, REDD, LULUCF, avoided deforestation**1. Introduction**",carbon_sequestration,None,Mt C a^-1
Malhi and Grace 2000,2,0,"Forests sequester and store more carbon than any other terrestrial ecosystem and are an important natural ‘brake’ on climate change. When forests are cleared or degraded, their stored carbon is released into the atmosphere as carbon dioxide (CO$_2$). Tropical deforestation is estimated to have released of the order of 1–2 billion tonnes of carbon per year during the 1990s, roughly 15–25% of annual global greenhouse gas emissions (Malhi and Grace 2000, Fearnside and Laurance 2003, 2004, Houghton 2005). The largest source of greenhouse gas emissions in most tropical countries is from deforestation and forest degradation. In Africa, for example, deforestation accounts for nearly 70% of total emissions (FAO 2005). Moreover, clearing tropical forests also destroys globally important carbon sinks that are currently sequestering CO$_2$ from the atmosphere and are critical to future climate stabilization (Stephens *et al* 2007).",carbon_sequestration,None,Mt C a^-1
degradation,4,0,"Political acceptance and implementation of climate policies aimed at reducing carbon emissions from deforestation will require resolution of scientific challenges. Foremost among these challenges is identifying feasible approaches to assess national-level carbon emissions from deforestation and degradation in developing countries. To estimate emissions, we need to know the area of cleared forest and the amount of carbon that was stored in those forests. Methods to assess tropical deforestation are described elsewhere (DeFries et al 2005, 2007, Herold and Johns 2007, Olander et al 2007, Achard et al 2007). The purpose of this paper is to synthesize options to estimate national-level forest biomass carbon stocks in developing countries and propose methods to link forest carbon and deforestation estimates. Here we compile, update and map prominent forest biomass carbon databases to create the first complete set of national-level estimates.2. Overview of forest carbon stock measurements",carbon_sequestration,None,Mt C a^-1
forest classification,69,0,"A major advantage of the forest strata approach is that carbon stock estimates could be applied to estimate emissions in the past, present and future, which is important for reference scenarios. Forest conditions will change over time, but the carbon estimates can still be applied as long as the forest classification reflects these changing conditions. A limitation of this approach is that forest carbon stocks for a particular area may be overestimated or underestimated if the forests in question differ from the average forest strata values (Houghton et al 2001, Houghton 2005).7. Accounting for forest degradation and condition",carbon_sequestration,None,Mt C a^-1
Brazil,60,0,"The spatial distribution of forest carbon in the Amazon remains uncertain (Houghton et al 2001) but recent efforts have had more success extending a few reliable ground-based estimates of carbon density to larger scales. For example, Saatchi et al (2007) developed a map for the Amazon Basin using a method related to Brown’s but based more heavily on remotely sensed indices. Sales et al (2007) were also successful in using geostatistics to extrapolate the RADAMBRASIL forest inventory data across Rondonia, Brazil.5. Remote-sensing options",carbon_sequestration,None,Mt C a^-1
Country,34,0,"Before an allometric relationship can be used, ground-based forest inventory data must be collected using standardized sampling schemes appropriate for a country or forest type. Sampling data from targeted locations saves time by creating a means to infer carbon stocks for an entire forest or forest class while measuring only a fraction of it. It is best to use a sampling design developed specifically for each country<table>  <tr>    <th rowspan=""2"">Country</th>    <th colspan=""3"">Based on compilations of harvest data</th>    <th colspan=""2"">Based on forest inventory</th>    <th rowspan=""2"">Total range</th>  </tr>  <tr>    <th>Olson <i>et al</i> (1983)/Gibbs (2006)<sup>b</sup></th>    <th>Houghton (1999)/DeFries <i>et al</i> (2002)</th>    <th>IPCC (2006)<sup>c</sup></th>",carbon_sequestration,None,Mt C a^-1
FAO 2000,18,0,"• Analysis of forest inventory data archived by the FAO and others have also been used to develop biome averages. Forest inventory data can provide high quality information for a particular region, but existinginventories were generally not collected using sampling schemes appropriate for the biome scale. Country-level estimates of forest carbon stocks reported in the FAO Forest Resources Assessments are also based on forest inventory data, but these estimates are highly suspect because of inadequate sampling for the national scale and inconsistent methods (Brown 1997, FAO 2000, 2005). In the latest FAO report, national forest carbon estimates based on inventory data remain very questionable, with more than half of tropical countries relying on ‘best guesses’ rather than actual measurements (FAO 2005).",carbon_sequestration,None,Mt C a^-1
Houghton 2005,19,0,"Biomes likely represent the most important variation of forest carbon stocks because they account for major bioclimatic gradients such as temperature, precipitation and geologic substrate. However, forest carbon stocks vary further within each biome according to slope, elevation, drainage class, soil type and land-use history. An average value cannot adequately represent the variation for an entire forest category or country. Estimates of emissions from deforestation could be biased if the forests that are cleared have carbon stocks that systematically differ from the biome-average values (Houghton et al 2001, Houghton 2005). Further, the compilations of studies used to develop the biome averages generally focused on mature stands and were based on a few plots that may not adequately represent the biome or region. Use of biome averages is further constrained because it is very difficult to assess the uncertainty or accuracy of source data.",carbon_sequestration,2005,Mt C a^-1
Pan-Amazon,25,0,"<table>  <tr>    <th>Forest type or regionb</th>    <th>Houghton (1999)/DeFries et al (2002)c</th>    <th>Brown (1997)/Achard et al (2004)d</th>    <th>Gibbs and Brown (2007a, 2007b)e</th>    <th>IPCC (2006)f</th>  </tr>  <tr>    <td>Central America</td>    <td>—</td>    <td>—</td>    <td>—</td>    <td>—</td>  </tr>  <tr>    <td>Pan-Amazon</td>    <td>—</td>    <td>129</td>    <td>—</td>    <td>—</td>  </tr>  <tr>    <td>Brazilian Amazon</td>    <td>—</td>    <td>186</td>",carbon_sequestration,186,Mt C a^-1
Africa,64,0,"The spatial detail of optical images collected from airborne sensors (as fine as ~10 cm pixels) can be used to directly collect measurements of tree height and crown area or diameter. Allometric relationships between ground-based measurements of tree carbon stocks and its crown area with or without tree height can be applied to estimate forest carbonFigure 2. Forest biomass carbon maps for Africa and Southeast Asia produced by using regression-based models to extrapolate forest inventory measurements (Gibbs and Brown 2007a, 2007b).stocks with high certainty. These data are collected over relatively small areas (several thousands of ha), but could be used for inaccessible areas or in a sampling scheme. An airplane-mounted system, using dual cameras and collecting imagery that can be viewed in 3D, has been demonstrated to reduce costs of conducting forest inventories, particularly for highly variable, widely spaced or inaccessible sites (Brown et al 2005, Brown and Pearson 2005) and for dense forests (Pearson et al 2005b).5.3. Microwave or radar data",carbon_sequestration,None,Mt C a^-1
Malaysia,44,0,<tr><td>Madagascar</td><td>1043</td><td>1055</td><td>2114</td><td>1116</td><td>1796</td><td>1043–2114</td></tr>  <tr><td>Malawi</td><td>290</td><td>246</td><td>391</td><td>267</td><td>152</td><td>152–391</td></tr>  <tr><td>Malaysia</td><td>2405</td><td>4625</td><td>4821</td><td>2984</td><td>3994</td><td>2405–4821</td></tr>  <tr><td>Mexico</td><td>4361</td><td>5924</td><td>5790</td><td>4646</td><td>—</td><td>4361–5924</td></tr>,carbon_sequestration,3994,Mt C a^-1
"Cairns M A, Brown S, Helmer E H and Baumgardner G A 1997 Root biomass allocation in the world’s upland forests Oecologia 111 1–11",79,0,"Cairns M A, Brown S, Helmer E H and Baumgardner G A 1997 Root biomass allocation in the world’s upland forests Oecologia 111 1–11Chambers J Q, Higuchi N, Tribuzy E S and Trumbore S E 2001 Carbon sink for a century Nature 410 429Chave J, Condit R, Aguilar S, Hernandez A, Lao S and Perez R 2004 Error propagation and scaling for tropical forest biomass estimates Phil. Trans. R. Soc. B 359 409–20Chave J et al 2005 Tree allometry and improved estimation of carbon stocks and balance in tropical forests Oecologia 145 87–9DeFries R, Achard F, Brown S, Herold M, Murdiyarso D, Schmalmadinger B and deSouza C 2007 Earth observations for estimating greenhouse gas emissions from deforestation in developing countries Environ. Sci. Policy 10 385–94",carbon_sequestration,None,Mt C a^-1
Intergovernmental Panel on Climate Change’s National Greenhouse Gas Inventory Guidelines,1,0,"**Abstract**Reducing carbon emissions from deforestation and degradation in developing countries is of central importance in efforts to combat climate change. Key scientific challenges must be addressed to prevent any policy roadblocks. Foremost among the challenges is quantifying nations’ carbon emissions from deforestation and forest degradation, which requires information on forest clearing and carbon storage. Here we review a range of methods available to estimate national-level forest carbon stocks in developing countries. While there are no practical methods to directly measure all forest carbon stocks across a country, both ground-based and remote-sensing measurements of forest attributes can be converted into estimates of national carbon stocks using allometric relationships. Here we synthesize, map and update prominent forest biomass carbon databases to create the first complete set of national-level forest carbon stock estimates. These forest carbon estimates expand on the default values recommended by the Intergovernmental Panel on Climate Change’s National Greenhouse Gas Inventory Guidelines and provide a range of globally consistent estimates.**Keywords:** deforestation, tropical forests, forest biomass, carbon stocks, emissions, forest inventory, UNFCCC, REDD, LULUCF, avoided deforestation**1. Introduction**",carbon_sequestration,None,Mt C a^-1
Tropical Asia,29,0,</tr>  <tr>    <td>Tropical Asia</td>    <td></td>    <td>151</td>    <td>—</td>    <td>—</td>  </tr>  <tr>    <td>All forests</td>    <td>—</td>    <td>—</td>    <td>164</td>    <td>180 / 225g</td>  </tr>  <tr>    <td>Tropical equatorial forest</td>    <td>250</td>    <td>—</td>    <td>142</td>    <td>105 / 169</td>  </tr>  <tr>    <td>Tropical seasonal forest</td>    <td>150</td>    <td>—</td>    <td>120</td>    <td>78 / 96</td>  </tr></table>,carbon_sequestration,151,Mt C a^-1
Brown and Masera 2003,5,0,"The main carbon pools in tropical forest ecosystems are the living biomass of trees and understory vegetation and the dead mass of litter, woody debris and soil organic matter. The carbon stored in the aboveground living biomass of trees is typically the largest pool and the most directly impacted by deforestation and degradation. Thus, estimating aboveground forest biomass carbon is the most critical step in quantifying carbon stocks and fluxes from tropical forests, and the focus of this paper. Measurement protocols for other carbon pools are described elsewhere (e.g. Post et al 1999, Brown and Masera 2003, Pearson et al 2005a, IPCC 2006).",carbon_sequestration,None,Mt C a^-1
Figure 1,58,0,"Many tropical countries have already conducted at least one inventory of all or part of their forest area that could supplement new analyses or serve as a ‘stopgap’ while additional data are collected. However, very few developing countries have comprehensive national inventories, and any existing sub-national inventories must be evaluated before further use (Brown 1997, FAO 2005).Figure 1. Generalized stratification matrix that uses forest type and condition to capture the major variation in forest carbon stocks. Specific matrices should be developed for each country or region. Emissions from forest degradation could be quantified by comparing estimates of carbon storage under different forest conditions.4.3. Mapping forest carbon stocks using existing inventory data",carbon_sequestration,None,Mt C a^-1
Generalized stratification matrix,58,0,"Many tropical countries have already conducted at least one inventory of all or part of their forest area that could supplement new analyses or serve as a ‘stopgap’ while additional data are collected. However, very few developing countries have comprehensive national inventories, and any existing sub-national inventories must be evaluated before further use (Brown 1997, FAO 2005).Figure 1. Generalized stratification matrix that uses forest type and condition to capture the major variation in forest carbon stocks. Specific matrices should be developed for each country or region. Emissions from forest degradation could be quantified by comparing estimates of carbon storage under different forest conditions.4.3. Mapping forest carbon stocks using existing inventory data",carbon_sequestration,None,Mt C a^-1
"Houghton et al, 2001",10,0,"Nearly all estimates of emissions from tropical deforestation are based on a handful of biome-average datasets where a single representative value of forest carbon per unit area (e.g. tonnes of C per hectare) is applied to broad forest categories or biomes (e.g. Fearnside 2000, Houghton 1999, Houghton et al 2001, DeFries et al 2002, Achard et al 2002, 2004, Ramankutty et al 2007). The earliest compilations of biome averages were made decades ago and have been subsequently updated and modified by the research community (e.g. Whittaker and Likens 1973, Ajtay et al 1979, Olson et al 1983, Brown and Lugo 1984, 1992). This continuous updating of biome averages makes it difficult to identify original data sources and other key information. Many contemporary estimates of forest carbon stocks are based on multiple versions or iterationsTable 1. Benefits and limitations of available methods to estimate national-level forest carbon stocks.",carbon_sequestration,2001,Mt C a^-1
Benin,36,0,<tr><td>Benin</td><td>410</td><td>260</td><td>792</td><td>292</td><td>262</td><td>260–792</td></tr>  <tr><td>Bhutan</td><td>13</td><td>29</td><td>121</td><td>22</td><td>2</td><td>1–121</td></tr>  <tr><td>Bolivia</td><td>6542</td><td>9541</td><td>9189</td><td>2469</td><td>—</td><td>2469–9189</td></tr>  <tr><td>Brazil</td><td>54 697</td><td>81 087</td><td>82 510</td><td>82 699</td><td>—</td><td>54 697–82 699</td></tr>,carbon_sequestration,410,Mt C a^-1
"Ramankutty et al, 2007",10,0,"Nearly all estimates of emissions from tropical deforestation are based on a handful of biome-average datasets where a single representative value of forest carbon per unit area (e.g. tonnes of C per hectare) is applied to broad forest categories or biomes (e.g. Fearnside 2000, Houghton 1999, Houghton et al 2001, DeFries et al 2002, Achard et al 2002, 2004, Ramankutty et al 2007). The earliest compilations of biome averages were made decades ago and have been subsequently updated and modified by the research community (e.g. Whittaker and Likens 1973, Ajtay et al 1979, Olson et al 1983, Brown and Lugo 1984, 1992). This continuous updating of biome averages makes it difficult to identify original data sources and other key information. Many contemporary estimates of forest carbon stocks are based on multiple versions or iterationsTable 1. Benefits and limitations of available methods to estimate national-level forest carbon stocks.",carbon_sequestration,None,Mt C a^-1
million tonnes of carbon (M t C),55,0,"a Overview of methods used to develop table 3: In most cases, total forest carbon stocks per country were calculated by applying biome-average forest carbon values to a satellite-based global land cover map for the year 2000 (GLC 2000) stratified by the FAO forest ecological zone map (FAO 2001). Gibbs and Brown (2007a, 2007b) applied a rule-based model to the GLC 2000 map. Additional description of data sources can be found in table 2 footnotes. All values are for above- and belowground forest biomass carbon stocks (trunk, branches, roots). Units expressed as million tonnes of carbon (M t C). (1) We attempted to trace each biome average to the original source of data and explain all modifications made by the biomass dataset producers, but this was not always possible. (2) Forest classes from the global classification scheme of GLC 2000 include the following: broadleaved evergreen, broadleaved deciduous open, broadleaved deciduous closed, needleleaved evergreen, needleleaved deciduous, mixed leaf, mosaic, and burnt. All non-forest land cover categories were excluded. (3) Each data set provided different values for different biome types. If only a single forest class was provided it was applied universally to all of the above classes (open and closed). When more than one forest category was provided it was translated and applied accordingly. (4) Note that only Gibbs and Brown (2007a, 2007b) account for the impact of human disturbance on forest carbon stocks. All other estimates use the same biome-average carbon value for all forests within each broad class regardless of their condition—however, we divided the average forest carbon stocks values in half for the mosaic and burnt classes in GLC 2000.",carbon_sequestration,None,Mt C a^-1
REDD,1,0,"**Abstract**Reducing carbon emissions from deforestation and degradation in developing countries is of central importance in efforts to combat climate change. Key scientific challenges must be addressed to prevent any policy roadblocks. Foremost among the challenges is quantifying nations’ carbon emissions from deforestation and forest degradation, which requires information on forest clearing and carbon storage. Here we review a range of methods available to estimate national-level forest carbon stocks in developing countries. While there are no practical methods to directly measure all forest carbon stocks across a country, both ground-based and remote-sensing measurements of forest attributes can be converted into estimates of national carbon stocks using allometric relationships. Here we synthesize, map and update prominent forest biomass carbon databases to create the first complete set of national-level forest carbon stock estimates. These forest carbon estimates expand on the default values recommended by the Intergovernmental Panel on Climate Change’s National Greenhouse Gas Inventory Guidelines and provide a range of globally consistent estimates.**Keywords:** deforestation, tropical forests, forest biomass, carbon stocks, emissions, forest inventory, UNFCCC, REDD, LULUCF, avoided deforestation**1. Introduction**",carbon_sequestration,None,Mt C a^-1
DeFries et al (2002),30,0,"a Table modified from Ramankutty et al (2007). Estimates of forest carbon stocks (t C/ha) are based on different biome-average datasets and most have slight modifications. All values are for above- and belowground forest biomass carbon. Olson et al (1983) was excluded from this table because he provides only a single value for all tropical forests (120 t C/ha) and for dry forest/woodland (60 t C/ha).b Houghton (1999)/DeFries et al (2002) and IPCC (2006) distinguished forest types within each region, whereas Brown (1997)/Achard et al (2004) distinguished only by region and not by forest type.",carbon_sequestration,120,Mt C a^-1
Lefsky et al (1999),67,0,"LiDAR systems send out pulses of laser light and measure the signal return time to directly estimate the height and vertical structure of forests (Dubayah and Drake 2000, Patenaude et al 2004). The light hits the forest canopy and ground surfaces and is then reflected back to the instrument. Forest carbon stocks are estimated by applying allometric height–carbon relationships (Hese et al 2005), which can introduce some challenges in tropical forests that reach their maximum height relatively quickly but continue to accumulate carbon for many decades. However, large-footprint LiDAR remote sensing far exceeds the capabilities of radar and optical sensors to estimate carbon stocks for all forest types (Means et al 1998, Lefsky et al 1999, Drake et al 2003). Currently, airplane-mounted LiDAR instruments are too costly to be used for more than a small area. A satellite-based LiDAR system could provide global coverage but is not yet an option. However, future satellite missions including LiDAR instruments such as NASA’s DESDynI (planned launch in 2014) and the proposed but not yet funded ‘Carbon 3D’ could greatly improve our capacity to measure carbon stocks from space (Hese et al 2005).6. Linking measurements of carbon stocks and deforestation",carbon_sequestration,None,Mt C a^-1
continental Southeast Asia,56,0,"b Based on Gibbs (2006), which translated and applied the original Olson <i>et al</i> (1983) data to the GLC 2000 land cover map. Olson <i>et al</i> (1983) is based on a large compilation of literature studies; please see on-line documentation for full list. The Olson ‘medium’ biomass estimates were used here. Note that Olson <i>et al</i> (1983) provides only a single value for all tropical forests (120 Mg C/ha) and for dry forest/woodland (60 Mg C/ha).c Note that mountain systems were included in these national-level estimates but excluded from table 2 because they cover a relatively small portion of the tropics and are not distinguished by other databases. Default IPCC Tier 1 values for above and belowground forest biomass carbon stocks for mountain systems are 69, 87, 81, and 122 t C/ha for Africa, Latin America, continental Southeast Asia, and insular Southeast Asia, respectively.",carbon_sequestration,87,Mt C a^-1
"Gibbs and Brown (2007a, 2007b)",21,0,"Our analysis does not account for different forest conditions that could lead to lower carbon stocks, such as logged, burnt or secondary forest. The same biome-average carbon value was applied to all forests within each broad class regardless of their condition. Olson et al (1983) provided a single value for all tropical forests, which likely overestimates carbon storage in the dry tropics and open forests and underestimates carbon storage in humid and dense forests. Most sources provided a breakdown by forest type and continents (Houghton 1999, Achard et al 2002, 2004, IPCC 2006). Only the Gibbs and Brown (2007a, 2007b) estimates account for variations within forest classes from human disturbance and ecological conditions (described in section 4.3). Accuracy assessment is not possible until additional field data are collected across the tropics, so we cannot determine which dataset provides the most certain estimate.",carbon_sequestration,"2007a, 2007b",Mt C a^-1
Guatemala,41,0,<tr><td>Ghana</td><td>880</td><td>612</td><td>2172</td><td>678</td><td>609</td><td>609–2172</td></tr>  <tr><td>Guatemala</td><td>787</td><td>1147</td><td>923</td><td>823</td><td>—</td><td>787–1147</td></tr>  <tr><td>Guinea</td><td>854</td><td>598</td><td>2051</td><td>664</td><td>973</td><td>598–2051</td></tr>  <tr><td>Guin.-Bissau</td><td>204</td><td>145</td><td>381</td><td>161</td><td>78</td><td>78–381</td></tr>,carbon_sequestration,787,Mt C a^-1
Olson et al (1983),48,0,"Once a country’s forest strata have been identified, the layout and number of plots needed to achieve a desired level of precision can be determined based on standards of acceptable sampling error. There are established methods and guidelines for determining the number, size, and distribution of sample<table>  <tr>    <th rowspan=""2"">Country</th>    <th colspan=""3"">Based on compilations of harvest data</th>    <th colspan=""2"">Based on forest inventory</th>    <th rowspan=""2"">Total range</th>  </tr>  <tr>    <th>Olson <i>et al</i> (1983)/Gibbs (2006)<sup>b</sup></th>    <th>Houghton (1999)/DeFries <i>et al</i> (2002)</th>    <th>IPCC (2006)<sup>c</sup></th>    <th>Brown (1997)/Achard <i>et al</i> (2002, 2004)</th>",carbon_sequestration,None,Mt C a^-1
"Brown et al, 1989, 1993, Waring et al 1995, Brown 1997, Chave et al 2005, Saatchi et al 2007, MacDicken 1997, Brown and Masera 2003, Pearson et al 2005a, Penman et al 2003, IPCC 2006, chapter 3, 4, chapter 2, 4",8,0,"No methodology can yet directly measure forest carbon stocks across a landscape. Consequently, much effort has gone into developing tools and models that can ‘scale up’ or extrapolate destructive harvest data points to larger scales based on proxies measured in the field or from remote-sensing instruments (e.g. Brown et al, 1989, 1993, Waring et al 1995, Brown 1997, Chave et al 2005, Saatchi et al 2007). Most previous work has focused on project-level, or single-site approaches (e.g. MacDicken 1997, Brown and Masera 2003, Pearson et al 2005a). At the national level, the Intergovernmental Panel on Climate Change (IPCC) has produced a set of guidelines for estimating greenhouse gas inventories at different tiers of quality, ranging from Tier 1 (simplest to use; globally available data) up to Tier 3 (high-resolution methods specific for each country and repeated through time) (Penman et al 2003, (chapter 3, 4), IPCC 2006, (chapter 2, 4)).",carbon_sequestration,None,Mt C a^-1
emissions from deforestation and degradation,20,0,"Biome averages, however, are freely and immediately available and currently provide the only source of globally consistent forest carbon information. For these reasons, and despite the uncertainties, biome averages continue to be the most routinely used source of forest carbon stock data. Moreover, biome averages provide an important starting point for a country to assess the relative magnitude of their emissions from deforestation and degradation (IPCC Tier 1). Here we have compiled biome-average carbon stock estimates from prominent data sources (table 2). We attempted to trace the original source data and explain all modifications made by the biomass dataset producers, but that was not possible in every instance. We also standardized assumptions about carbon storage in different pools to allow true comparison.We calculated a range of forest carbon stock estimates for each tropical country by applying the standardized biome averages to the widely accepted forest classification scheme of the Global Land Cover 2000 (GLC 2000) vegetation map (stratified by FAO ecological zone map) and then overlaying country boundaries in a geographical information system (table 3).",carbon_sequestration,None,Mt C a^-1
Houghton and Hackler (2001),31,0,"c Used values from Houghton and Hackler (2001), which was based on a compilation of harvest measurements from ecological studies and originally published in Houghton (1999); ‘The values were obtained from summaries of global vegetation Whittaker and Likens (1973), Ajtay et al (1979), Olson et al (1983) as well as from regional studies (for additional sources see Melillo et al 1988, Houghton et al 1991, Houghton and Hackler 1995)’ (Houghton 1999: p 302). Values include aboveground, belowground and groundcover carbon stocks.d Estimated values based on Brown (1997), which was based on forest inventory data and converted to carbon stocks using allometric relationships. Achard et al (2002, 2004) increased values by 20% for root carbon stocks. Here, we report mean values; Achard et al (2004) added a range by adding ±20%.",carbon_sequestration,20%,Mt C a^-1
Foody et al 2003,63,0,"The present suite of optical satellite sensors, such as Landsat, AVHRR and MODIS, cannot yet be used to estimate carbon stocks of tropical forests with certainty (Thenkabail et al 2004). Attempts have been made to estimate forest carbon stocks indirectly by developing statistical relationships between ground-based measurements and satellite-observed vegetation indices (e.g. Foody et al 2003, Lu 2005). But this method tends to underestimate carbon stocks in tropical forests where optical satellites are less effective due to dense canopy closure, and has been unsuccessful in generating broad or transferable relationships (Waring et al 1995). Nonetheless, optical remote-sensing systems are operational at the global scale and some satellite systems (Landsat and AVHRR) provide a globally consistent record for the last 30 years.5.2. Very high-resolution aerial imagery",carbon_sequestration,None,Mt C a^-1
Brazilian Amazon,88,0,"Lefsky M A, Cohen W B, Acker S A, Parker G G, Spies T A and Harding D 1999 Lidar remote sensing of the canopy structure and biophysical properties of Douglas-Fir Western Hemlock forests—concepts and management Remote Sens. Environ. 70 339–61Le Toan T, Quegan S, Woodward I, Lomas M, Delbart N and Picard C 2004 Relating radar remote sensing of biomass to modeling of forest carbon budgets Clim. Change 76 379–402Lu D 2005 Aboveground biomass estimation using Landsat TM data in the Brazilian Amazon Int. J. Remote Sens. 26 2509–25MacDicken K 1997 A Guide to Monitoring Carbon Storage in Forestry and Agroforestry Projects (Arlington, VA: Winrock International)Malhi Y and Grace J 2000 Tropical forests and atmospheric carbon dioxide Trends Ecol. Evolut. 15 332–7",carbon_sequestration,2509,Mt C a^-1
"Brown S and Pearson T 2005 Cost comparison of the M3DADI system and conventional field methods for monitoring carbon stocks in forests Report to The Nature Conservancy (Arlington, VA: Winrock International)",78,0,"Brown S and Masera O 2003 Supplementary methods and good practice guidance arising from the Kyoto Protocol, section 4.3 LULUCF projects Good Practice Guidance For Land Use, Land-Use Change and Forestry, Intergovernmental Panel on Climate Change National Greenhouse Gas Inventories Programme ed J Penman, M Gytartsky, T Hiraishi, T Krug, D Kruger, R Pipatti, L Buendia, K Miwa, T Ngara, K Tanabe and F Wagner (Kanagawa: Institute for Global Environmental Strategies (IGES)) pp 4.89–4.120Brown S and Pearson T 2005 Cost comparison of the M3DADI system and conventional field methods for monitoring carbon stocks in forests Report to The Nature Conservancy (Arlington, VA: Winrock International)Brown S, Pearson T, Slaymaker D, Ambagis S, Moore N, Novelo D and Sabido W 2005 Creating a virtual tropical forest from three-dimensional aerial imagery: application for estimating carbon stocks Ecol. Appl. 15 1083–95",carbon_sequestration,1083,Mt C a^-1
Country,48,0,"Once a country’s forest strata have been identified, the layout and number of plots needed to achieve a desired level of precision can be determined based on standards of acceptable sampling error. There are established methods and guidelines for determining the number, size, and distribution of sample<table>  <tr>    <th rowspan=""2"">Country</th>    <th colspan=""3"">Based on compilations of harvest data</th>    <th colspan=""2"">Based on forest inventory</th>    <th rowspan=""2"">Total range</th>  </tr>  <tr>    <th>Olson <i>et al</i> (1983)/Gibbs (2006)<sup>b</sup></th>    <th>Houghton (1999)/DeFries <i>et al</i> (2002)</th>    <th>IPCC (2006)<sup>c</sup></th>    <th>Brown (1997)/Achard <i>et al</i> (2002, 2004)</th>",carbon_sequestration,None,Mt C a^-1
"Achard F, DeFries R, Eva H, Hansen M, Mayaux P and Stibig H-J 2007 Pan-tropical monitoring of deforestation Environ. Res. Lett. 2 045022",75,0,"Achard F, Belward A S, Eva H D, Federici S, Mollicone D and Raes F 2006 Accounting for avoided conversion of intact and non-intact forests: technical options and a proposal for a policytool European Commission Joint Research Center paper www.gem.jrc.it/tem/EU_development_policy/activities/kyoto_support.htmAchard F, DeFries R, Eva H, Hansen M, Mayaux P and Stibig H-J 2007 Pan-tropical monitoring of deforestation Environ. Res. Lett. 2 045022Achard F, Eva H D, Mayaux P, Stibig H-J and Belward A 2004 Improved estimates of net carbon emissions from land cover change in the tropics for the 1990s Glob. Biogeochem. Cycles 18 GB2008 doi:10.1029/2003GB002142Achard F, Eva H D, Stibig H-J, Mayaux P, Gallego J, Richards T and Malingreau J-P 2002 Determination of deforestation rates of the world’s human tropical forests Science 297 999–1002",carbon_sequestration,2003GB002142,Mt C a^-1
uncertainty,19,0,"Biomes likely represent the most important variation of forest carbon stocks because they account for major bioclimatic gradients such as temperature, precipitation and geologic substrate. However, forest carbon stocks vary further within each biome according to slope, elevation, drainage class, soil type and land-use history. An average value cannot adequately represent the variation for an entire forest category or country. Estimates of emissions from deforestation could be biased if the forests that are cleared have carbon stocks that systematically differ from the biome-average values (Houghton et al 2001, Houghton 2005). Further, the compilations of studies used to develop the biome averages generally focused on mature stands and were based on a few plots that may not adequately represent the biome or region. Use of biome averages is further constrained because it is very difficult to assess the uncertainty or accuracy of source data.",carbon_sequestration,None,Mt C a^-1
predictive relationships,9,0,"In this paper, we review and summarize a range of approaches that could be adapted to estimate forest carbon stocks across tropical countries at different tiers of detail and accuracy (table 1). Biome averages and new geographically explicit datasets, for instance, provide rough approximations that can be immediately used to estimate a nation’s carbon stocks (Tier 1). Ground-based measurements of tree diameters and height can be combined with predictive relationships to estimate forest carbon stocks (Tiers 2 and 3). Remote-sensing instruments mounted on satellites or airplanes can estimate tree volume and other proxies that can also be converted using statistical relationships with ground-based forest carbon measurements (Tiers 2 and 3). These approaches have varying benefits and limitations.3. Global estimates of forest carbon stocks: the biome-average approach",carbon_sequestration,None,Mt C a^-1
Sierra Leone,51,0,<tr><td>Philippines</td><td>869</td><td>1765</td><td>2503</td><td>1213</td><td>1530</td><td>765–2503</td></tr>  <tr><td>Rwanda</td><td>45</td><td>45</td><td>36</td><td>48</td><td>6</td><td>6–48</td></tr>  <tr><td>Senegal</td><td>171</td><td>141</td><td>228</td><td>153</td><td>86</td><td>86–228</td></tr>  <tr><td>Sierra Leone</td><td>136</td><td>114</td><td>683</td><td>123</td><td>240</td><td>114–683</td></tr>,carbon_sequestration,114,Mt C a^-1
forest carbon stock data,20,0,"Biome averages, however, are freely and immediately available and currently provide the only source of globally consistent forest carbon information. For these reasons, and despite the uncertainties, biome averages continue to be the most routinely used source of forest carbon stock data. Moreover, biome averages provide an important starting point for a country to assess the relative magnitude of their emissions from deforestation and degradation (IPCC Tier 1). Here we have compiled biome-average carbon stock estimates from prominent data sources (table 2). We attempted to trace the original source data and explain all modifications made by the biomass dataset producers, but that was not possible in every instance. We also standardized assumptions about carbon storage in different pools to allow true comparison.We calculated a range of forest carbon stock estimates for each tropical country by applying the standardized biome averages to the widely accepted forest classification scheme of the Global Land Cover 2000 (GLC 2000) vegetation map (stratified by FAO ecological zone map) and then overlaying country boundaries in a geographical information system (table 3).",carbon_sequestration,None,Mt C a^-1
young stands,62,0,"Remote-sensing methodologies have been more successful at measuring carbon stocks in boreal and temperate forests and in young stands with lower forest carbon densities (Rosenqvist et al 2003b). Tropical forests are among the most carbon-rich and structurally complex ecosystems in the world and signals from remote-sensing instruments tend to saturate quickly. This has inhibited reliable forest carbon stock estimates in these ecosystems. Remote-sensing systems relying on optical data (visible and infrared light) are further limited in the tropics by cloud cover, but newer technologies, such as radar systems, can penetrate clouds and provide data day and night (Asner 2001).Attempts to use remote-sensing data to estimate carbon stocks have evolved along four major fronts:5.1. Optical remote sensing data",carbon_sequestration,None,Mt C a^-1
Carbon 3D,67,0,"LiDAR systems send out pulses of laser light and measure the signal return time to directly estimate the height and vertical structure of forests (Dubayah and Drake 2000, Patenaude et al 2004). The light hits the forest canopy and ground surfaces and is then reflected back to the instrument. Forest carbon stocks are estimated by applying allometric height–carbon relationships (Hese et al 2005), which can introduce some challenges in tropical forests that reach their maximum height relatively quickly but continue to accumulate carbon for many decades. However, large-footprint LiDAR remote sensing far exceeds the capabilities of radar and optical sensors to estimate carbon stocks for all forest types (Means et al 1998, Lefsky et al 1999, Drake et al 2003). Currently, airplane-mounted LiDAR instruments are too costly to be used for more than a small area. A satellite-based LiDAR system could provide global coverage but is not yet an option. However, future satellite missions including LiDAR instruments such as NASA’s DESDynI (planned launch in 2014) and the proposed but not yet funded ‘Carbon 3D’ could greatly improve our capacity to measure carbon stocks from space (Hese et al 2005).6. Linking measurements of carbon stocks and deforestation",carbon_sequestration,None,Mt C a^-1
carbon storage,58,0,"Many tropical countries have already conducted at least one inventory of all or part of their forest area that could supplement new analyses or serve as a ‘stopgap’ while additional data are collected. However, very few developing countries have comprehensive national inventories, and any existing sub-national inventories must be evaluated before further use (Brown 1997, FAO 2005).Figure 1. Generalized stratification matrix that uses forest type and condition to capture the major variation in forest carbon stocks. Specific matrices should be developed for each country or region. Emissions from forest degradation could be quantified by comparing estimates of carbon storage under different forest conditions.4.3. Mapping forest carbon stocks using existing inventory data",carbon_sequestration,None,Mt C a^-1
plot locations,46,0,"or group of countries as land-use history and environmental conditions likely vary across political boundaries.Systematic and random sampling designs are the two broad types of schemes used to estimate forest carbon stocks at the country level (Paciomik and Rypdal 2003). Systematic sampling uses a regularly spaced grid to identify plot locations across an entire region, while random sampling chooses plot locations by chance. Without stratification, both schemes may over- or under-sample because patterns in nature are inherently clumpy and not likely to be randomly distributed.",carbon_sequestration,None,Mt C a^-1
Houghton et al 2001,69,0,"A major advantage of the forest strata approach is that carbon stock estimates could be applied to estimate emissions in the past, present and future, which is important for reference scenarios. Forest conditions will change over time, but the carbon estimates can still be applied as long as the forest classification reflects these changing conditions. A limitation of this approach is that forest carbon stocks for a particular area may be overestimated or underestimated if the forests in question differ from the average forest strata values (Houghton et al 2001, Houghton 2005).7. Accounting for forest degradation and condition",carbon_sequestration,None,Mt C a^-1
forest biomass carbon databases,4,0,"Political acceptance and implementation of climate policies aimed at reducing carbon emissions from deforestation will require resolution of scientific challenges. Foremost among these challenges is identifying feasible approaches to assess national-level carbon emissions from deforestation and degradation in developing countries. To estimate emissions, we need to know the area of cleared forest and the amount of carbon that was stored in those forests. Methods to assess tropical deforestation are described elsewhere (DeFries et al 2005, 2007, Herold and Johns 2007, Olander et al 2007, Achard et al 2007). The purpose of this paper is to synthesize options to estimate national-level forest biomass carbon stocks in developing countries and propose methods to link forest carbon and deforestation estimates. Here we compile, update and map prominent forest biomass carbon databases to create the first complete set of national-level estimates.2. Overview of forest carbon stock measurements",carbon_sequestration,None,Mt C a^-1
Achard et al (2002),31,0,"c Used values from Houghton and Hackler (2001), which was based on a compilation of harvest measurements from ecological studies and originally published in Houghton (1999); ‘The values were obtained from summaries of global vegetation Whittaker and Likens (1973), Ajtay et al (1979), Olson et al (1983) as well as from regional studies (for additional sources see Melillo et al 1988, Houghton et al 1991, Houghton and Hackler 1995)’ (Houghton 1999: p 302). Values include aboveground, belowground and groundcover carbon stocks.d Estimated values based on Brown (1997), which was based on forest inventory data and converted to carbon stocks using allometric relationships. Achard et al (2002, 2004) increased values by 20% for root carbon stocks. Here, we report mean values; Achard et al (2004) added a range by adding ±20%.",carbon_sequestration,20,Mt C a^-1
South America,32,0,"e Estimated values were calculated by taking the average forest carbon stock estimate for each biome from Gibbs and Brown (2007a, 2007b) maps for Southeast Asia and Africa that represent actual forest carbon in the year 2000. FAO ecofloristic zones were used to identify biomes. Note that this estimate accounts for anthropogenic disturbances including land use and degradation while the other biome averages presented here represent carbon stocks of undisturbed forests. Gibbs and Brown (2007a, 2007b) are based on methods pioneered by Brown and colleagues using a rule-base GIS analysis to spatially extrapolated forest inventory data archived by the FAO based on climate, soils, topographic, population and land-use information and produce maps of forest carbon stocks in the 1980s (Brown et al 1993, Iverson et al 1994, Brown and Gaston 1995, Gaston et al 1998). Central and South America have not yet been mapped using this method. Belowground carbon stocks included by Brown and colleagues were based on root:shoot ratios calculated from previously published data and stratified by dry, seasonal and moist climate zones. Biomass values converted to carbon stocks using 0.5 carbon fraction.",carbon_sequestration,None,Mt C a^-1
carbon stock,4,0,"Political acceptance and implementation of climate policies aimed at reducing carbon emissions from deforestation will require resolution of scientific challenges. Foremost among these challenges is identifying feasible approaches to assess national-level carbon emissions from deforestation and degradation in developing countries. To estimate emissions, we need to know the area of cleared forest and the amount of carbon that was stored in those forests. Methods to assess tropical deforestation are described elsewhere (DeFries et al 2005, 2007, Herold and Johns 2007, Olander et al 2007, Achard et al 2007). The purpose of this paper is to synthesize options to estimate national-level forest biomass carbon stocks in developing countries and propose methods to link forest carbon and deforestation estimates. Here we compile, update and map prominent forest biomass carbon databases to create the first complete set of national-level estimates.2. Overview of forest carbon stock measurements",carbon_sequestration,None,Mt C a^-1
Belize,35,0,"<th>Brown (1997)/Achard <i>et al</i> (2002, 2004)</th>    <th>Gibbs and Brown (2007a, 2007b)</th>  </tr>  <tr><td>Angola</td><td>7811</td><td>6702</td><td>11 767</td><td>7215</td><td>3557</td><td>3557–11 767</td></tr>  <tr><td>Bangladesh</td><td>65</td><td>137</td><td>93</td><td>92</td><td>158</td><td>65–158</td></tr>  <tr><td>Belize</td><td>198</td><td>318</td><td>261</td><td>218</td><td>—</td><td>198–318</td></tr>",carbon_sequestration,198,Mt C a^-1
Rwanda,51,0,<tr><td>Philippines</td><td>869</td><td>1765</td><td>2503</td><td>1213</td><td>1530</td><td>765–2503</td></tr>  <tr><td>Rwanda</td><td>45</td><td>45</td><td>36</td><td>48</td><td>6</td><td>6–48</td></tr>  <tr><td>Senegal</td><td>171</td><td>141</td><td>228</td><td>153</td><td>86</td><td>86–228</td></tr>  <tr><td>Sierra Leone</td><td>136</td><td>114</td><td>683</td><td>123</td><td>240</td><td>114–683</td></tr>,carbon_sequestration,36,Mt C a^-1
Colombia,38,0,<tr><td>CAR</td><td>4059</td><td>3176</td><td>7405</td><td>3524</td><td>4096</td><td>3176–7405</td></tr>  <tr><td>Colombia</td><td>6737</td><td>10 085</td><td>11 467</td><td>2529</td><td>—</td><td>2529–11 467</td></tr>  <tr><td>Congo</td><td>3458</td><td>3549</td><td>5472</td><td>3740</td><td>4739</td><td>3458–5472</td></tr>  <tr><td>Costa Rica</td><td>471</td><td>704</td><td>593</td><td>493</td><td>—</td><td>471–704</td></tr>,carbon_sequestration,2529,Mt C a^-1
forest condition,58,0,"Many tropical countries have already conducted at least one inventory of all or part of their forest area that could supplement new analyses or serve as a ‘stopgap’ while additional data are collected. However, very few developing countries have comprehensive national inventories, and any existing sub-national inventories must be evaluated before further use (Brown 1997, FAO 2005).Figure 1. Generalized stratification matrix that uses forest type and condition to capture the major variation in forest carbon stocks. Specific matrices should be developed for each country or region. Emissions from forest degradation could be quantified by comparing estimates of carbon storage under different forest conditions.4.3. Mapping forest carbon stocks using existing inventory data",carbon_sequestration,None,Mt C a^-1
stratified sampling design,68,0,"To estimate carbon emissions it is necessary to know the area deforested and the amount of carbon these forests stored. Deforestation will likely be assessed using remote sensing and ideally the same observations will be used both to estimate deforestation and to design the forest carbon sampling matrix and scheme. If forest carbon stocks are collected according to a stratified sampling design it is important that deforestation is estimated for those same strata either through ‘wall-to-wall’ mapping or by ‘targeting sampling’ using the same stratified sampling scheme (DeFries et al 2005, 2007, Olander et al 2007). The average carbon stock value for each forest strata can be applied to the satellite-based forest map to estimate national-level forest carbon stocks or to a map of deforestation to estimate national-level forest emissions. Changes in carbon stocks and emissions could be monitored from satellite-based observations of deforestation once the broad spatial distribution of carbon stocks is well established (assuming deforestation and carbon assessments are compatible).",carbon_sequestration,None,Mt C a^-1
Online at stacks.iop.org/ERL/2/045023,0,0,"# Monitoring and estimating tropical forest carbon stocks: making REDD a reality**Holly K Gibbs$^{1}$, Sandra Brown$^{2}$, John O Niles$^{3}$ and Jonathan A Foley$^{1}$**$^{1}$ Center for Sustainability and the Global Environment (SAGE), Nelson Institute for Environmental Studies, University of Wisconsin, 1710 University Avenue, Madison, WI 53726, USA$^{2}$ Winrock International, Ecosystem Services Unit, 1621 N Kent Street, Suite 1200, Arlington, VA 22207, USA$^{3}$ Carbon Conservation, 1226 E Mason Street, Santa Barbara, CA 93103, USAReceived 14 August 2007Accepted for publication 1 November 2007Published 5 December 2007Online at stacks.iop.org/ERL/2/045023",carbon_sequestration,045023,Mt C a^-1
forest,4,0,"Political acceptance and implementation of climate policies aimed at reducing carbon emissions from deforestation will require resolution of scientific challenges. Foremost among these challenges is identifying feasible approaches to assess national-level carbon emissions from deforestation and degradation in developing countries. To estimate emissions, we need to know the area of cleared forest and the amount of carbon that was stored in those forests. Methods to assess tropical deforestation are described elsewhere (DeFries et al 2005, 2007, Herold and Johns 2007, Olander et al 2007, Achard et al 2007). The purpose of this paper is to synthesize options to estimate national-level forest biomass carbon stocks in developing countries and propose methods to link forest carbon and deforestation estimates. Here we compile, update and map prominent forest biomass carbon databases to create the first complete set of national-level estimates.2. Overview of forest carbon stock measurements",carbon_sequestration,None,Mt C a^-1
Tropical seasonal forest,29,0,</tr>  <tr>    <td>Tropical Asia</td>    <td></td>    <td>151</td>    <td>—</td>    <td>—</td>  </tr>  <tr>    <td>All forests</td>    <td>—</td>    <td>—</td>    <td>164</td>    <td>180 / 225g</td>  </tr>  <tr>    <td>Tropical equatorial forest</td>    <td>250</td>    <td>—</td>    <td>142</td>    <td>105 / 169</td>  </tr>  <tr>    <td>Tropical seasonal forest</td>    <td>150</td>    <td>—</td>    <td>120</td>    <td>78 / 96</td>  </tr></table>,carbon_sequestration,120,Mt C a^-1
Olson et al (1983),34,0,"Before an allometric relationship can be used, ground-based forest inventory data must be collected using standardized sampling schemes appropriate for a country or forest type. Sampling data from targeted locations saves time by creating a means to infer carbon stocks for an entire forest or forest class while measuring only a fraction of it. It is best to use a sampling design developed specifically for each country<table>  <tr>    <th rowspan=""2"">Country</th>    <th colspan=""3"">Based on compilations of harvest data</th>    <th colspan=""2"">Based on forest inventory</th>    <th rowspan=""2"">Total range</th>  </tr>  <tr>    <th>Olson <i>et al</i> (1983)/Gibbs (2006)<sup>b</sup></th>    <th>Houghton (1999)/DeFries <i>et al</i> (2002)</th>    <th>IPCC (2006)<sup>c</sup></th>",carbon_sequestration,None,Mt C a^-1
national-level carbon emissions,4,0,"Political acceptance and implementation of climate policies aimed at reducing carbon emissions from deforestation will require resolution of scientific challenges. Foremost among these challenges is identifying feasible approaches to assess national-level carbon emissions from deforestation and degradation in developing countries. To estimate emissions, we need to know the area of cleared forest and the amount of carbon that was stored in those forests. Methods to assess tropical deforestation are described elsewhere (DeFries et al 2005, 2007, Herold and Johns 2007, Olander et al 2007, Achard et al 2007). The purpose of this paper is to synthesize options to estimate national-level forest biomass carbon stocks in developing countries and propose methods to link forest carbon and deforestation estimates. Here we compile, update and map prominent forest biomass carbon databases to create the first complete set of national-level estimates.2. Overview of forest carbon stock measurements",carbon_sequestration,None,Mt C a^-1
deforestation,5,0,"The main carbon pools in tropical forest ecosystems are the living biomass of trees and understory vegetation and the dead mass of litter, woody debris and soil organic matter. The carbon stored in the aboveground living biomass of trees is typically the largest pool and the most directly impacted by deforestation and degradation. Thus, estimating aboveground forest biomass carbon is the most critical step in quantifying carbon stocks and fluxes from tropical forests, and the focus of this paper. Measurement protocols for other carbon pools are described elsewhere (e.g. Post et al 1999, Brown and Masera 2003, Pearson et al 2005a, IPCC 2006).",carbon_sequestration,None,Mt C a^-1
LiDAR,15,0,</ul>    </td>    <td>      <ul>        <li>Less accurate in complex canopies of mature forests because signal saturates</li>        <li>Mountainous terrain also increases errors</li>        <li>Can be expensive and technically demanding</li>      </ul>    </td>    <td>Medium</td>  </tr>  <tr>    <td>Laser remote sensors</td>    <td>      <ul>        <li>LiDAR uses laser light to estimates forest height/vertical structure</li>        <li>Ex: Carbon 3-D satellite system combines Vegetation canopy LiDAR (VCL) with horizontal imager</li>      </ul>    </td>    <td>      <ul>        <li>Accurately estimates full spatial variability of forest carbon stocks</li>        <li>Potential for satellite-based system to estimate global forest carbon stocks</li>      </ul>    </td>    <td>      <ul>,carbon_sequestration,None,Mt C a^-1
land-use history,46,0,"or group of countries as land-use history and environmental conditions likely vary across political boundaries.Systematic and random sampling designs are the two broad types of schemes used to estimate forest carbon stocks at the country level (Paciomik and Rypdal 2003). Systematic sampling uses a regularly spaced grid to identify plot locations across an entire region, while random sampling chooses plot locations by chance. Without stratification, both schemes may over- or under-sample because patterns in nature are inherently clumpy and not likely to be randomly distributed.",carbon_sequestration,None,Mt C a^-1
Species-specific allometric relationships,23,0,"Developing allometric relationships is time-consuming and expensive because it requires destructive harvesting of a large number of trees. Tropical forests often contain 300 or more species, but research has shown that species-specific allometric relationships are not needed to generate reliable estimates of forest carbon stocks. Grouping all species together and using generalized allometric relationships, stratified by broad forest types or ecological zones, is highly effective for the tropics because DBH alone explains more than 95% of the variation in aboveground tropical forest carbon stocks, even in highly diverse regions (Brown 2002).",carbon_sequestration,95,Mt C a^-1
forest degradation,69,0,"A major advantage of the forest strata approach is that carbon stock estimates could be applied to estimate emissions in the past, present and future, which is important for reference scenarios. Forest conditions will change over time, but the carbon estimates can still be applied as long as the forest classification reflects these changing conditions. A limitation of this approach is that forest carbon stocks for a particular area may be overestimated or underestimated if the forests in question differ from the average forest strata values (Houghton et al 2001, Houghton 2005).7. Accounting for forest degradation and condition",carbon_sequestration,None,Mt C a^-1
biome averages data sources,20,0,"Biome averages, however, are freely and immediately available and currently provide the only source of globally consistent forest carbon information. For these reasons, and despite the uncertainties, biome averages continue to be the most routinely used source of forest carbon stock data. Moreover, biome averages provide an important starting point for a country to assess the relative magnitude of their emissions from deforestation and degradation (IPCC Tier 1). Here we have compiled biome-average carbon stock estimates from prominent data sources (table 2). We attempted to trace the original source data and explain all modifications made by the biomass dataset producers, but that was not possible in every instance. We also standardized assumptions about carbon storage in different pools to allow true comparison.We calculated a range of forest carbon stock estimates for each tropical country by applying the standardized biome averages to the widely accepted forest classification scheme of the Global Land Cover 2000 (GLC 2000) vegetation map (stratified by FAO ecological zone map) and then overlaying country boundaries in a geographical information system (table 3).",carbon_sequestration,None,Mt C a^-1
Suite 1200,0,0,"# Monitoring and estimating tropical forest carbon stocks: making REDD a reality**Holly K Gibbs$^{1}$, Sandra Brown$^{2}$, John O Niles$^{3}$ and Jonathan A Foley$^{1}$**$^{1}$ Center for Sustainability and the Global Environment (SAGE), Nelson Institute for Environmental Studies, University of Wisconsin, 1710 University Avenue, Madison, WI 53726, USA$^{2}$ Winrock International, Ecosystem Services Unit, 1621 N Kent Street, Suite 1200, Arlington, VA 22207, USA$^{3}$ Carbon Conservation, 1226 E Mason Street, Santa Barbara, CA 93103, USAReceived 14 August 2007Accepted for publication 1 November 2007Published 5 December 2007Online at stacks.iop.org/ERL/2/045023",carbon_sequestration,None,Mt C a^-1
"Niles J O 2002 Tropical forests and climate change Climate change policy: a survey ed S Schneider, A Rosencranz and J Niles (Washington, DC: Island Press)",90,0,"Mokany K, Raison J R and Prokushkin A S 2006 Critical analysis of root-shoot rations in terrestrial biomes Glob. Change Biol. 12 84–96Nascimento H E M and Laurance W F 2002 Total aboveground biomass in central Amazonian rainforests: a landscape-scale study Forest Ecol. Manag. 168 311–21Niles J O 2002 Tropical forests and climate change Climate change policy: a survey ed S Schneider, A Rosencranz and J Niles (Washington, DC: Island Press)Olander L P, Gibbs H K, Murray B C, Steininger M and Swenson J 2007 Data and methods to estimate national historical deforestation baselines in support of UNFCCC REDD Environ. Res. Lett. submittedOlson J S, Watts J A and Allison L J 1983 Carbon in live vegetation of major world ecosystems ORNL-5862 (Oak Ridge, TN: Oak Ridge National Laboratory)",carbon_sequestration,None,Mt C a^-1
Gibbs (2006),56,0,"b Based on Gibbs (2006), which translated and applied the original Olson <i>et al</i> (1983) data to the GLC 2000 land cover map. Olson <i>et al</i> (1983) is based on a large compilation of literature studies; please see on-line documentation for full list. The Olson ‘medium’ biomass estimates were used here. Note that Olson <i>et al</i> (1983) provides only a single value for all tropical forests (120 Mg C/ha) and for dry forest/woodland (60 Mg C/ha).c Note that mountain systems were included in these national-level estimates but excluded from table 2 because they cover a relatively small portion of the tropics and are not distinguished by other databases. Default IPCC Tier 1 values for above and belowground forest biomass carbon stocks for mountain systems are 69, 87, 81, and 122 t C/ha for Africa, Latin America, continental Southeast Asia, and insular Southeast Asia, respectively.",carbon_sequestration,None,Mt C a^-1
forest carbon stocks,58,0,"Many tropical countries have already conducted at least one inventory of all or part of their forest area that could supplement new analyses or serve as a ‘stopgap’ while additional data are collected. However, very few developing countries have comprehensive national inventories, and any existing sub-national inventories must be evaluated before further use (Brown 1997, FAO 2005).Figure 1. Generalized stratification matrix that uses forest type and condition to capture the major variation in forest carbon stocks. Specific matrices should be developed for each country or region. Emissions from forest degradation could be quantified by comparing estimates of carbon storage under different forest conditions.4.3. Mapping forest carbon stocks using existing inventory data",carbon_sequestration,None,Mt C a^-1
Broad forest types,23,0,"Developing allometric relationships is time-consuming and expensive because it requires destructive harvesting of a large number of trees. Tropical forests often contain 300 or more species, but research has shown that species-specific allometric relationships are not needed to generate reliable estimates of forest carbon stocks. Grouping all species together and using generalized allometric relationships, stratified by broad forest types or ecological zones, is highly effective for the tropics because DBH alone explains more than 95% of the variation in aboveground tropical forest carbon stocks, even in highly diverse regions (Brown 2002).",carbon_sequestration,95,Mt C a^-1
"Gaston G, Brown S, Lorenzini M and Singh K D 1998 State and change in carbon pools in the forests of tropical Africa Glob. Change Biol. 4 97",82,0,"Foody G M, Boyd D S and Cutler M E J 2003 Predictive relations of tropical forest biomass from Landsat TM data and their transferability between regions Remote Sens. Environ. 85 463–74Foody G M and Cutler M E J 2003 Tree diversity in protected and logged Bornean tropical rain forests and is measurement by satellite remote sensing J. Biogeogr. 30 1053–66Fuller D O 2006 Tropical forest monitoring and remote sensing: a new era of transparency in forest governance? Singap. J. Trop. Geogr. 27 15–29Fuller D O, Jessup T C and Salim A 2004 Forest loss in Kalimantan, Indonesia since the 1997–1998 El Nino event Conser. Biol. 18 249–54Gaston G, Brown S, Lorenzini M and Singh K D 1998 State and change in carbon pools in the forests of tropical Africa Glob. Change Biol. 4 97",carbon_sequestration,97,Mt C a^-1
Honduras,42,0,<tr><td>Guyana</td><td>2494</td><td>3742</td><td>3354</td><td>923</td><td>—</td><td>923–3354</td></tr>  <tr><td>Honduras</td><td>852</td><td>1268</td><td>1123</td><td>901</td><td>—</td><td>852–1268</td></tr>  <tr><td>India</td><td>5420</td><td>8997</td><td>5085</td><td>7333</td><td>8560</td><td>5085–8997</td></tr>  <tr><td>Indonesia</td><td>13 143</td><td>25 547</td><td>25 397</td><td>16 448</td><td>20 504</td><td>10 252–25 547</td></tr>,carbon_sequestration,901,Mt C a^-1
Ethiopia,40,0,"<tr><td>Ethiopia</td><td>183</td><td>153</td><td>553</td><td>168</td><td>867</td><td>153–867</td></tr>  <tr><td>Fr. Guiana</td><td>1097</td><td>1683</td><td>1588</td><td>403</td><td>—</td><td>403–1683</td></tr>  <tr><td>Gabon</td><td>3063</td><td>3150</td><td>4742</td><td>3315</td><td>4114</td><td>3063–4742</td></tr>  <tr><td>Gambia, The</td><td>7</td><td>7</td><td>11</td><td>7</td><td>6</td><td>6–11</td></tr>",carbon_sequestration,7,Mt C a^-1
Drake et al 2003,61,0,"Forest carbon stocks can also be evaluated using remote-sensing instruments mounted on satellites or airborne platforms, but substantial refinements are needed before routine assessments can be made at national or regional scales (Baccini et al 2004, DeFries et al 2007). No remote-sensing instrument can measure forest carbon stocks directly, and thus require additional ground-based data collection (Rosenqvist et al 2003a, Drake et al 2003). A major benefit of a satellite-based approach is the potential to provide ‘wall-to-wall’ observation of carbon stock proxies. Airplane-based sensors cover relatively small areas so the cost would likely be prohibitive for wall-to-wall coverage for larger countries, but a sampling approach could be used to estimate forest carbon stocks across a country (e.g. Drake et al 2003).",carbon_sequestration,2003,Mt C a^-1
remote-sensing instruments,9,0,"In this paper, we review and summarize a range of approaches that could be adapted to estimate forest carbon stocks across tropical countries at different tiers of detail and accuracy (table 1). Biome averages and new geographically explicit datasets, for instance, provide rough approximations that can be immediately used to estimate a nation’s carbon stocks (Tier 1). Ground-based measurements of tree diameters and height can be combined with predictive relationships to estimate forest carbon stocks (Tiers 2 and 3). Remote-sensing instruments mounted on satellites or airplanes can estimate tree volume and other proxies that can also be converted using statistical relationships with ground-based forest carbon measurements (Tiers 2 and 3). These approaches have varying benefits and limitations.3. Global estimates of forest carbon stocks: the biome-average approach",carbon_sequestration,None,Mt C a^-1
Africa,56,0,"b Based on Gibbs (2006), which translated and applied the original Olson <i>et al</i> (1983) data to the GLC 2000 land cover map. Olson <i>et al</i> (1983) is based on a large compilation of literature studies; please see on-line documentation for full list. The Olson ‘medium’ biomass estimates were used here. Note that Olson <i>et al</i> (1983) provides only a single value for all tropical forests (120 Mg C/ha) and for dry forest/woodland (60 Mg C/ha).c Note that mountain systems were included in these national-level estimates but excluded from table 2 because they cover a relatively small portion of the tropics and are not distinguished by other databases. Default IPCC Tier 1 values for above and belowground forest biomass carbon stocks for mountain systems are 69, 87, 81, and 122 t C/ha for Africa, Latin America, continental Southeast Asia, and insular Southeast Asia, respectively.",carbon_sequestration,69,Mt C a^-1
"Gibbs H K 2006 Olson’s major world ecosystem complexes ranked by carbon in live vegetation: an updated database using the GLC2000 land cover product NDP-017b available at http://cdiac.ornl.gov/epubs/ndp/ndp017/ndp017b.html from the Carbon Dioxide Information Center, Oak Ridge National Laboratory, Oak Ridge, TN",83,0,"Gibbs H K 2006 Olson’s major world ecosystem complexes ranked by carbon in live vegetation: an updated database using the GLC2000 land cover product NDP-017b available at http://cdiac.ornl.gov/epubs/ndp/ndp017/ndp017b.html from the Carbon Dioxide Information Center, Oak Ridge National Laboratory, Oak Ridge, TNGibbs H K and Brown S 2007a Geographical distribution of woody biomass carbon stocks in tropical Africa: an updated database for 2000. Available at http://cdiac.ornl.gov/epubs/ndp/ndp0555/ndp05b.html from the Carbon Dioxide Information Center, Oak Ridge National Laboratory, Oak Ridge, TNGibbs H K and Brown S 2007b Geographical distribution of biomass carbon in tropical southeast Asian forests: an updated database for 2000. Available at http://cdiac.ornl.gov/epubs/ndp/ndp068/ndp068b.html from the Carbon Dioxide Information Center, Oak Ridge National Laboratory, Oak Ridge, TN",carbon_sequestration,None,Mt C a^-1
Closed forest,28,0,<td>—</td>    <td>38</td>    <td>152</td>  </tr>  <tr>    <td>Tropical seasonal forest</td>    <td>—</td>    <td>—</td>    <td>17</td>    <td>72</td>  </tr>  <tr>    <td>Tropical dry forest</td>    <td>—</td>    <td>—</td>    <td>—</td>    <td>—</td>  </tr>  <tr>    <td>Closed forest</td>    <td>136</td>    <td>—</td>    <td>—</td>    <td>—</td>  </tr>  <tr>    <td>Open forest</td>    <td>30</td>    <td>36</td>    <td>—</td>    <td>—</td>,carbon_sequestration,136,Mt C a^-1
IPCC (2006),30,0,"a Table modified from Ramankutty et al (2007). Estimates of forest carbon stocks (t C/ha) are based on different biome-average datasets and most have slight modifications. All values are for above- and belowground forest biomass carbon. Olson et al (1983) was excluded from this table because he provides only a single value for all tropical forests (120 t C/ha) and for dry forest/woodland (60 t C/ha).b Houghton (1999)/DeFries et al (2002) and IPCC (2006) distinguished forest types within each region, whereas Brown (1997)/Achard et al (2004) distinguished only by region and not by forest type.",carbon_sequestration,120,Mt C a^-1
wall-to-wall mapping,68,0,"To estimate carbon emissions it is necessary to know the area deforested and the amount of carbon these forests stored. Deforestation will likely be assessed using remote sensing and ideally the same observations will be used both to estimate deforestation and to design the forest carbon sampling matrix and scheme. If forest carbon stocks are collected according to a stratified sampling design it is important that deforestation is estimated for those same strata either through ‘wall-to-wall’ mapping or by ‘targeting sampling’ using the same stratified sampling scheme (DeFries et al 2005, 2007, Olander et al 2007). The average carbon stock value for each forest strata can be applied to the satellite-based forest map to estimate national-level forest carbon stocks or to a map of deforestation to estimate national-level forest emissions. Changes in carbon stocks and emissions could be monitored from satellite-based observations of deforestation once the broad spatial distribution of carbon stocks is well established (assuming deforestation and carbon assessments are compatible).",carbon_sequestration,None,Mt C a^-1
"Gibbs H K and Brown S 2007a Geographical distribution of woody biomass carbon stocks in tropical Africa: an updated database for 2000. Available at http://cdiac.ornl.gov/epubs/ndp/ndp0555/ndp05b.html from the Carbon Dioxide Information Center, Oak Ridge National Laboratory, Oak Ridge, TN",83,0,"Gibbs H K 2006 Olson’s major world ecosystem complexes ranked by carbon in live vegetation: an updated database using the GLC2000 land cover product NDP-017b available at http://cdiac.ornl.gov/epubs/ndp/ndp017/ndp017b.html from the Carbon Dioxide Information Center, Oak Ridge National Laboratory, Oak Ridge, TNGibbs H K and Brown S 2007a Geographical distribution of woody biomass carbon stocks in tropical Africa: an updated database for 2000. Available at http://cdiac.ornl.gov/epubs/ndp/ndp0555/ndp05b.html from the Carbon Dioxide Information Center, Oak Ridge National Laboratory, Oak Ridge, TNGibbs H K and Brown S 2007b Geographical distribution of biomass carbon in tropical southeast Asian forests: an updated database for 2000. Available at http://cdiac.ornl.gov/epubs/ndp/ndp068/ndp068b.html from the Carbon Dioxide Information Center, Oak Ridge National Laboratory, Oak Ridge, TN",carbon_sequestration,None,Mt C a^-1
precipitation,19,0,"Biomes likely represent the most important variation of forest carbon stocks because they account for major bioclimatic gradients such as temperature, precipitation and geologic substrate. However, forest carbon stocks vary further within each biome according to slope, elevation, drainage class, soil type and land-use history. An average value cannot adequately represent the variation for an entire forest category or country. Estimates of emissions from deforestation could be biased if the forests that are cleared have carbon stocks that systematically differ from the biome-average values (Houghton et al 2001, Houghton 2005). Further, the compilations of studies used to develop the biome averages generally focused on mature stands and were based on a few plots that may not adequately represent the biome or region. Use of biome averages is further constrained because it is very difficult to assess the uncertainty or accuracy of source data.",carbon_sequestration,None,Mt C a^-1
Olson et al (1983),21,0,"Our analysis does not account for different forest conditions that could lead to lower carbon stocks, such as logged, burnt or secondary forest. The same biome-average carbon value was applied to all forests within each broad class regardless of their condition. Olson et al (1983) provided a single value for all tropical forests, which likely overestimates carbon storage in the dry tropics and open forests and underestimates carbon storage in humid and dense forests. Most sources provided a breakdown by forest type and continents (Houghton 1999, Achard et al 2002, 2004, IPCC 2006). Only the Gibbs and Brown (2007a, 2007b) estimates account for variations within forest classes from human disturbance and ecological conditions (described in section 4.3). Accuracy assessment is not possible until additional field data are collected across the tropics, so we cannot determine which dataset provides the most certain estimate.",carbon_sequestration,1983,Mt C a^-1
"Iverson L, Brown S, Prasad A, Mitasova H, Gillespie A J R and Lugo A E 1994 Use of GIS for estimating potential and actual forest biomass for continental South and Southeast Asia Effects of Land-Use Change on Atmospheric CO2 Concentrations: South and Southeast Asia as a Case Study ed V Dale (New York: Springer) pp 67–116",87,0,"Iverson L, Brown S, Prasad A, Mitasova H, Gillespie A J R and Lugo A E 1994 Use of GIS for estimating potential and actual forest biomass for continental South and Southeast Asia Effects of Land-Use Change on Atmospheric CO2 Concentrations: South and Southeast Asia as a Case Study ed V Dale (New York: Springer) pp 67–116Keller M, Palace M and Hurt G 2001 Biomass estimation in the Tapajos National Forest, Brazil: examination of sampling and allometric uncertainties Forest Ecol. Manag. 154 371–82Kellndorfer J, Walker W, Pierce L, Dobson C, Fites J A, Hunsaker C, Vona J and Clutter M 2004 Vegetation height estimation from shuttle radar topography mission and national elevation datasets Remote Sens. Environ. 93 339–58",carbon_sequestration,371–82,Mt C a^-1
Chave et al 2005,22,0,"These are the only estimates of country-level forest carbon stocks to date, and provide an important reference point for policy discussions. The estimates based on the IPCC (2006) default values provide Tier 1 estimates of national carbon stocks that can be used immediately. The other estimates are based on prominent estimates of carbon emissions from deforestation at the global scale (Houghton et al 2001, DeFries et al 2002, Achard et al 2002, 2004). The ground-based and remote-sensing approaches described next could help refine forest carbon stocks estimates for REDD and other incentive mechanisms to reduce emissions from deforestation.4. Ground-based forest inventory dataField campaigns focused on forest inventory measurements and direct estimation of aboveground biomass through destructive harvesting could greatly improve our quantification of forest carbon stocks. Measurements of diameter at breast height (DBH) alone or in combination with tree height can be converted to estimates of forest carbon stocks using allometric relationships. Allometric equations statistically relate these measured forest attributes to destructive harvest measurements, and exist for most forests (e.g. Brown 1997, Chave et al 2005, Keller et al 2001).",carbon_sequestration,None,Mt C a^-1
"Achard et al (2002, 2004)",48,0,"Once a country’s forest strata have been identified, the layout and number of plots needed to achieve a desired level of precision can be determined based on standards of acceptable sampling error. There are established methods and guidelines for determining the number, size, and distribution of sample<table>  <tr>    <th rowspan=""2"">Country</th>    <th colspan=""3"">Based on compilations of harvest data</th>    <th colspan=""2"">Based on forest inventory</th>    <th rowspan=""2"">Total range</th>  </tr>  <tr>    <th>Olson <i>et al</i> (1983)/Gibbs (2006)<sup>b</sup></th>    <th>Houghton (1999)/DeFries <i>et al</i> (2002)</th>    <th>IPCC (2006)<sup>c</sup></th>    <th>Brown (1997)/Achard <i>et al</i> (2002, 2004)</th>",carbon_sequestration,None,Mt C a^-1
emissions,19,0,"Biomes likely represent the most important variation of forest carbon stocks because they account for major bioclimatic gradients such as temperature, precipitation and geologic substrate. However, forest carbon stocks vary further within each biome according to slope, elevation, drainage class, soil type and land-use history. An average value cannot adequately represent the variation for an entire forest category or country. Estimates of emissions from deforestation could be biased if the forests that are cleared have carbon stocks that systematically differ from the biome-average values (Houghton et al 2001, Houghton 2005). Further, the compilations of studies used to develop the biome averages generally focused on mature stands and were based on a few plots that may not adequately represent the biome or region. Use of biome averages is further constrained because it is very difficult to assess the uncertainty or accuracy of source data.",carbon_sequestration,None,Mt C a^-1
carbon stock estimates,20,0,"Biome averages, however, are freely and immediately available and currently provide the only source of globally consistent forest carbon information. For these reasons, and despite the uncertainties, biome averages continue to be the most routinely used source of forest carbon stock data. Moreover, biome averages provide an important starting point for a country to assess the relative magnitude of their emissions from deforestation and degradation (IPCC Tier 1). Here we have compiled biome-average carbon stock estimates from prominent data sources (table 2). We attempted to trace the original source data and explain all modifications made by the biomass dataset producers, but that was not possible in every instance. We also standardized assumptions about carbon storage in different pools to allow true comparison.We calculated a range of forest carbon stock estimates for each tropical country by applying the standardized biome averages to the widely accepted forest classification scheme of the Global Land Cover 2000 (GLC 2000) vegetation map (stratified by FAO ecological zone map) and then overlaying country boundaries in a geographical information system (table 3).",carbon_sequestration,None,Mt C a^-1
forest carbon stocks,69,0,"A major advantage of the forest strata approach is that carbon stock estimates could be applied to estimate emissions in the past, present and future, which is important for reference scenarios. Forest conditions will change over time, but the carbon estimates can still be applied as long as the forest classification reflects these changing conditions. A limitation of this approach is that forest carbon stocks for a particular area may be overestimated or underestimated if the forests in question differ from the average forest strata values (Houghton et al 2001, Houghton 2005).7. Accounting for forest degradation and condition",carbon_sequestration,None,Mt C a^-1
DeFries et al 2007,61,0,"Forest carbon stocks can also be evaluated using remote-sensing instruments mounted on satellites or airborne platforms, but substantial refinements are needed before routine assessments can be made at national or regional scales (Baccini et al 2004, DeFries et al 2007). No remote-sensing instrument can measure forest carbon stocks directly, and thus require additional ground-based data collection (Rosenqvist et al 2003a, Drake et al 2003). A major benefit of a satellite-based approach is the potential to provide ‘wall-to-wall’ observation of carbon stock proxies. Airplane-based sensors cover relatively small areas so the cost would likely be prohibitive for wall-to-wall coverage for larger countries, but a sampling approach could be used to estimate forest carbon stocks across a country (e.g. Drake et al 2003).",carbon_sequestration,None,Mt C a^-1
Asner G P (2001) Cloud cover in Landsat observations of the Brazilian Amazon Int. J. Remote Sens. 22 3855–62,76,0,"Ajtay G K, Ketner P and Duvigneaud P 1979 Terrestrial primary production and phytomass The global carbon cycle ed B Bolin, E T Degens, S Kempe and P Ketner (New York: Wiley) pp 129–82Asner G P 2001 Cloud cover in Landsat observations of the Brazilian Amazon Int. J. Remote Sens. 22 3855–62Asner G P et al 2005 Selective logging in the Brazilian Amazon Science 310 480–2Baccini A, Friedl A M A, Woodcock C E and Warbington R 2004 Forest biomass estimation over regional scales using multisource data Geophys. Res. Lett. 31 L10501Brown S 1997 Estimating biomass and biomass change of tropical forests: a primer FAO Forestry Paper no. 134 RomeBrown S 2002 Measuring carbon in forests: current status and future challenges Environ. Pollut. 116 363–72",carbon_sequestration,3855,Mt C a^-1
Brown S (1997) Estimating biomass and biomass change of tropical forests: a primer FAO Forestry Paper no. 134 Rome,76,0,"Ajtay G K, Ketner P and Duvigneaud P 1979 Terrestrial primary production and phytomass The global carbon cycle ed B Bolin, E T Degens, S Kempe and P Ketner (New York: Wiley) pp 129–82Asner G P 2001 Cloud cover in Landsat observations of the Brazilian Amazon Int. J. Remote Sens. 22 3855–62Asner G P et al 2005 Selective logging in the Brazilian Amazon Science 310 480–2Baccini A, Friedl A M A, Woodcock C E and Warbington R 2004 Forest biomass estimation over regional scales using multisource data Geophys. Res. Lett. 31 L10501Brown S 1997 Estimating biomass and biomass change of tropical forests: a primer FAO Forestry Paper no. 134 RomeBrown S 2002 Measuring carbon in forests: current status and future challenges Environ. Pollut. 116 363–72",carbon_sequestration,None,Mt C a^-1
emissions,58,0,"Many tropical countries have already conducted at least one inventory of all or part of their forest area that could supplement new analyses or serve as a ‘stopgap’ while additional data are collected. However, very few developing countries have comprehensive national inventories, and any existing sub-national inventories must be evaluated before further use (Brown 1997, FAO 2005).Figure 1. Generalized stratification matrix that uses forest type and condition to capture the major variation in forest carbon stocks. Specific matrices should be developed for each country or region. Emissions from forest degradation could be quantified by comparing estimates of carbon storage under different forest conditions.4.3. Mapping forest carbon stocks using existing inventory data",carbon_sequestration,None,Mt C a^-1
"Achard F, Eva H D, Mayaux P, Stibig H-J and Belward A 2004 Improved estimates of net carbon emissions from land cover change in the tropics for the 1990s Glob. Biogeochem. Cycles 18 GB2008 doi:10.1029/2003GB002142",75,0,"Achard F, Belward A S, Eva H D, Federici S, Mollicone D and Raes F 2006 Accounting for avoided conversion of intact and non-intact forests: technical options and a proposal for a policytool European Commission Joint Research Center paper www.gem.jrc.it/tem/EU_development_policy/activities/kyoto_support.htmAchard F, DeFries R, Eva H, Hansen M, Mayaux P and Stibig H-J 2007 Pan-tropical monitoring of deforestation Environ. Res. Lett. 2 045022Achard F, Eva H D, Mayaux P, Stibig H-J and Belward A 2004 Improved estimates of net carbon emissions from land cover change in the tropics for the 1990s Glob. Biogeochem. Cycles 18 GB2008 doi:10.1029/2003GB002142Achard F, Eva H D, Stibig H-J, Mayaux P, Gallego J, Richards T and Malingreau J-P 2002 Determination of deforestation rates of the world’s human tropical forests Science 297 999–1002",carbon_sequestration,2003GB002142,Mt C a^-1
tropical country,20,0,"Biome averages, however, are freely and immediately available and currently provide the only source of globally consistent forest carbon information. For these reasons, and despite the uncertainties, biome averages continue to be the most routinely used source of forest carbon stock data. Moreover, biome averages provide an important starting point for a country to assess the relative magnitude of their emissions from deforestation and degradation (IPCC Tier 1). Here we have compiled biome-average carbon stock estimates from prominent data sources (table 2). We attempted to trace the original source data and explain all modifications made by the biomass dataset producers, but that was not possible in every instance. We also standardized assumptions about carbon storage in different pools to allow true comparison.We calculated a range of forest carbon stock estimates for each tropical country by applying the standardized biome averages to the widely accepted forest classification scheme of the Global Land Cover 2000 (GLC 2000) vegetation map (stratified by FAO ecological zone map) and then overlaying country boundaries in a geographical information system (table 3).",carbon_sequestration,None,Mt C a^-1
Watson et al 2000,17,0,"of analyses. Often, ‘best guesses’ are employed as multiple biome averages are combined or modified (e.g. Houghton 1999, Houghton et al 2001, Fearnside 2000, Watson et al 2000, IPCC 2006).Biome averages are based on two main sources of information: compilations of whole-tree harvest measurement data and analysis of forest inventory data archived by the United Nations Food and Agricultural Organization (FAO) and others.• Compilations of point-based biomass harvest measurement data provide direct estimates of the actual forest volume or biomass at a particular site (e.g. Whittaker and Likens 1973, Olson et al 1983, Reichle 1981, Brown and Lugo 1984). While highly accurate for specific locations, these data were collected to describe only very local conditions and cover a tiny portion of total forest area (Brown 1997). Consequently, these compilations could be highly biased (depending on where the individual point measurements are made), and provide only rough approximations of forest carbon stocks over larger spatial scales.",carbon_sequestration,None,Mt C a^-1
field-labor,12,0,"<td>Relates ground-based measurements of tree diameters or volume to forest carbon stocks using allometric relationships</td>    <td>      <ul>        <li>Generic relationships readily available</li>        <li>Low-tech method widely understood</li>        <li>Can be relatively inexpensive as field-labor is largest cost</li>      </ul>    </td>    <td>      <ul>        <li>Generic relationships not appropriate for all regions</li>        <li>Can be expensive and slow</li>        <li>Challenging to produce globally consistent results</li>      </ul>    </td>    <td>Low</td>  </tr>  <tr>    <td>Optical remote sensors</td>    <td>      <ul>        <li>Uses visible and infrared wavelengths to measure spectral indices and correlate to ground-based forest carbon measurements</li>        <li>Ex: Landsat, MODIS</li>      </ul>    </td>    <td>      <ul>",carbon_sequestration,None,Mt C a^-1
Drake J B et al 2003 Above-ground biomass estimation in closed-canopy neotropical forests using lidar remote sensing: factors affecting the generality of relationships Glob. Ecol. Biogeogr. 12 147–59,80,0,"DeFries R S, Asner G, Achard F, Justice C, Laporte N, Price K, Small C and Townshend J 2005 Monitoring tropical deforestation for emerging carbon markets Tropical Deforestation and Climate Change ed P Moutino and S Schwartzman (Belem: IPAM and Environmental Defense) pp 35–44DeFries R S, Houghton R A, Hansen M C, Field C B, Skole D and Townshend J 2002 Carbon emissions from tropical deforestation and regrowth based on satellite observations for the 1980s and 1990s Proc. Natl Acad. Sci. USA 99 14256–61Delaney M, Brown S, Lugo A E, Torres-Lezama A and Bello Quintero N 1998 The quantity and turnover of dead wood in permanent forest plots in six life zones of Venezuela Biotropica 30 2–11Drake J B et al 2003 Above-ground biomass estimation in closed-canopy neotropical forests using lidar remote sensing: factors affecting the generality of relationships Glob. Ecol. Biogeogr. 12 147–59",carbon_sequestration,12,Mt C a^-1
forest carbon information,20,0,"Biome averages, however, are freely and immediately available and currently provide the only source of globally consistent forest carbon information. For these reasons, and despite the uncertainties, biome averages continue to be the most routinely used source of forest carbon stock data. Moreover, biome averages provide an important starting point for a country to assess the relative magnitude of their emissions from deforestation and degradation (IPCC Tier 1). Here we have compiled biome-average carbon stock estimates from prominent data sources (table 2). We attempted to trace the original source data and explain all modifications made by the biomass dataset producers, but that was not possible in every instance. We also standardized assumptions about carbon storage in different pools to allow true comparison.We calculated a range of forest carbon stock estimates for each tropical country by applying the standardized biome averages to the widely accepted forest classification scheme of the Global Land Cover 2000 (GLC 2000) vegetation map (stratified by FAO ecological zone map) and then overlaying country boundaries in a geographical information system (table 3).",carbon_sequestration,None,Mt C a^-1
Hamburg 2000,57,0,"plots (Brown <i>et al</i> 2000, Hamburg 2000, Nascimento and Laurance 2002, Paciomik and Rypdal 2003, Pearson <i>et al</i> 2005a).Country-level forest carbon stocks can then be estimated using the statistically sampled ground-based data. Allometric relationships are first applied to the ground-based forest measurements to estimate the average carbon stocks in each forest strata (Forest C/ha).A country’s forest carbon stocks can then be estimated by applying the average carbon density values across a national land-cover map or to a forest statistics table with the same forest strata (see section 6 for more on linking forest carbon and deforestation measurements). This approach could improve upon the Tier 1 results reported in table 3 and provide estimates at the Tier 2 or 3 level.4.2. Existing forest inventory data",carbon_sequestration,None,Mt C a^-1
broadleaved evergreen,55,0,"a Overview of methods used to develop table 3: In most cases, total forest carbon stocks per country were calculated by applying biome-average forest carbon values to a satellite-based global land cover map for the year 2000 (GLC 2000) stratified by the FAO forest ecological zone map (FAO 2001). Gibbs and Brown (2007a, 2007b) applied a rule-based model to the GLC 2000 map. Additional description of data sources can be found in table 2 footnotes. All values are for above- and belowground forest biomass carbon stocks (trunk, branches, roots). Units expressed as million tonnes of carbon (M t C). (1) We attempted to trace each biome average to the original source of data and explain all modifications made by the biomass dataset producers, but this was not always possible. (2) Forest classes from the global classification scheme of GLC 2000 include the following: broadleaved evergreen, broadleaved deciduous open, broadleaved deciduous closed, needleleaved evergreen, needleleaved deciduous, mixed leaf, mosaic, and burnt. All non-forest land cover categories were excluded. (3) Each data set provided different values for different biome types. If only a single forest class was provided it was applied universally to all of the above classes (open and closed). When more than one forest category was provided it was translated and applied accordingly. (4) Note that only Gibbs and Brown (2007a, 2007b) account for the impact of human disturbance on forest carbon stocks. All other estimates use the same biome-average carbon value for all forests within each broad class regardless of their condition—however, we divided the average forest carbon stocks values in half for the mosaic and burnt classes in GLC 2000.",carbon_sequestration,None,Mt C a^-1
tropical deforestation,4,0,"Political acceptance and implementation of climate policies aimed at reducing carbon emissions from deforestation will require resolution of scientific challenges. Foremost among these challenges is identifying feasible approaches to assess national-level carbon emissions from deforestation and degradation in developing countries. To estimate emissions, we need to know the area of cleared forest and the amount of carbon that was stored in those forests. Methods to assess tropical deforestation are described elsewhere (DeFries et al 2005, 2007, Herold and Johns 2007, Olander et al 2007, Achard et al 2007). The purpose of this paper is to synthesize options to estimate national-level forest biomass carbon stocks in developing countries and propose methods to link forest carbon and deforestation estimates. Here we compile, update and map prominent forest biomass carbon databases to create the first complete set of national-level estimates.2. Overview of forest carbon stock measurements",carbon_sequestration,None,Mt C a^-1
Ecological zones,23,0,"Developing allometric relationships is time-consuming and expensive because it requires destructive harvesting of a large number of trees. Tropical forests often contain 300 or more species, but research has shown that species-specific allometric relationships are not needed to generate reliable estimates of forest carbon stocks. Grouping all species together and using generalized allometric relationships, stratified by broad forest types or ecological zones, is highly effective for the tropics because DBH alone explains more than 95% of the variation in aboveground tropical forest carbon stocks, even in highly diverse regions (Brown 2002).",carbon_sequestration,95,Mt C a^-1
national-level carbon emissions from deforestation and degradation,4,0,"Political acceptance and implementation of climate policies aimed at reducing carbon emissions from deforestation will require resolution of scientific challenges. Foremost among these challenges is identifying feasible approaches to assess national-level carbon emissions from deforestation and degradation in developing countries. To estimate emissions, we need to know the area of cleared forest and the amount of carbon that was stored in those forests. Methods to assess tropical deforestation are described elsewhere (DeFries et al 2005, 2007, Herold and Johns 2007, Olander et al 2007, Achard et al 2007). The purpose of this paper is to synthesize options to estimate national-level forest biomass carbon stocks in developing countries and propose methods to link forest carbon and deforestation estimates. Here we compile, update and map prominent forest biomass carbon databases to create the first complete set of national-level estimates.2. Overview of forest carbon stock measurements",carbon_sequestration,None,Mt C a^-1
Indonesia,42,0,<tr><td>Guyana</td><td>2494</td><td>3742</td><td>3354</td><td>923</td><td>—</td><td>923–3354</td></tr>  <tr><td>Honduras</td><td>852</td><td>1268</td><td>1123</td><td>901</td><td>—</td><td>852–1268</td></tr>  <tr><td>India</td><td>5420</td><td>8997</td><td>5085</td><td>7333</td><td>8560</td><td>5085–8997</td></tr>  <tr><td>Indonesia</td><td>13 143</td><td>25 547</td><td>25 397</td><td>16 448</td><td>20 504</td><td>10 252–25 547</td></tr>,carbon_sequestration,"10,252",Mt C a^-1
Nelson Institute for Environmental Studies,0,0,"# Monitoring and estimating tropical forest carbon stocks: making REDD a reality**Holly K Gibbs$^{1}$, Sandra Brown$^{2}$, John O Niles$^{3}$ and Jonathan A Foley$^{1}$**$^{1}$ Center for Sustainability and the Global Environment (SAGE), Nelson Institute for Environmental Studies, University of Wisconsin, 1710 University Avenue, Madison, WI 53726, USA$^{2}$ Winrock International, Ecosystem Services Unit, 1621 N Kent Street, Suite 1200, Arlington, VA 22207, USA$^{3}$ Carbon Conservation, 1226 E Mason Street, Santa Barbara, CA 93103, USAReceived 14 August 2007Accepted for publication 1 November 2007Published 5 December 2007Online at stacks.iop.org/ERL/2/045023",carbon_sequestration,None,Mt C a^-1
LiDAR (light detection and ranging),66,0,5.4. LiDAR (light detection and ranging),carbon_sequestration,None,Mt C a^-1
Olson et al (1983),31,0,"c Used values from Houghton and Hackler (2001), which was based on a compilation of harvest measurements from ecological studies and originally published in Houghton (1999); ‘The values were obtained from summaries of global vegetation Whittaker and Likens (1973), Ajtay et al (1979), Olson et al (1983) as well as from regional studies (for additional sources see Melillo et al 1988, Houghton et al 1991, Houghton and Hackler 1995)’ (Houghton 1999: p 302). Values include aboveground, belowground and groundcover carbon stocks.d Estimated values based on Brown (1997), which was based on forest inventory data and converted to carbon stocks using allometric relationships. Achard et al (2002, 2004) increased values by 20% for root carbon stocks. Here, we report mean values; Achard et al (2004) added a range by adding ±20%.",carbon_sequestration,None,Mt C a^-1
Cambodia,37,0,<tr><td>Brunei</td><td>58</td><td>112</td><td>115</td><td>72</td><td>40</td><td>40–115</td></tr>  <tr><td>Burundi</td><td>69</td><td>51</td><td>43</td><td>55</td><td>9</td><td>9–69</td></tr>  <tr><td>Cambodia</td><td>1008</td><td>1800</td><td>1222</td><td>1334</td><td>1914</td><td>957–1914</td></tr>  <tr><td>Cameroon</td><td>3721</td><td>3454</td><td>6138</td><td>3695</td><td>3622</td><td>3454–6138</td></tr>,carbon_sequestration,957,Mt C a^-1
Mozambique,45,0,<tr><td>Mozambique</td><td>4567</td><td>3749</td><td>5148</td><td>4068</td><td>1894</td><td>1894–5148</td></tr></table>,carbon_sequestration,1894,Mt C a^-1
ground-based forest carbon measurements,12,0,"<td>Relates ground-based measurements of tree diameters or volume to forest carbon stocks using allometric relationships</td>    <td>      <ul>        <li>Generic relationships readily available</li>        <li>Low-tech method widely understood</li>        <li>Can be relatively inexpensive as field-labor is largest cost</li>      </ul>    </td>    <td>      <ul>        <li>Generic relationships not appropriate for all regions</li>        <li>Can be expensive and slow</li>        <li>Challenging to produce globally consistent results</li>      </ul>    </td>    <td>Low</td>  </tr>  <tr>    <td>Optical remote sensors</td>    <td>      <ul>        <li>Uses visible and infrared wavelengths to measure spectral indices and correlate to ground-based forest carbon measurements</li>        <li>Ex: Landsat, MODIS</li>      </ul>    </td>    <td>      <ul>",carbon_sequestration,None,Mt C a^-1
accuracy,19,0,"Biomes likely represent the most important variation of forest carbon stocks because they account for major bioclimatic gradients such as temperature, precipitation and geologic substrate. However, forest carbon stocks vary further within each biome according to slope, elevation, drainage class, soil type and land-use history. An average value cannot adequately represent the variation for an entire forest category or country. Estimates of emissions from deforestation could be biased if the forests that are cleared have carbon stocks that systematically differ from the biome-average values (Houghton et al 2001, Houghton 2005). Further, the compilations of studies used to develop the biome averages generally focused on mature stands and were based on a few plots that may not adequately represent the biome or region. Use of biome averages is further constrained because it is very difficult to assess the uncertainty or accuracy of source data.",carbon_sequestration,None,Mt C a^-1
Tier 1,9,0,"In this paper, we review and summarize a range of approaches that could be adapted to estimate forest carbon stocks across tropical countries at different tiers of detail and accuracy (table 1). Biome averages and new geographically explicit datasets, for instance, provide rough approximations that can be immediately used to estimate a nation’s carbon stocks (Tier 1). Ground-based measurements of tree diameters and height can be combined with predictive relationships to estimate forest carbon stocks (Tiers 2 and 3). Remote-sensing instruments mounted on satellites or airplanes can estimate tree volume and other proxies that can also be converted using statistical relationships with ground-based forest carbon measurements (Tiers 2 and 3). These approaches have varying benefits and limitations.3. Global estimates of forest carbon stocks: the biome-average approach",carbon_sequestration,None,Mt C a^-1
Houghton (1999),21,0,"Our analysis does not account for different forest conditions that could lead to lower carbon stocks, such as logged, burnt or secondary forest. The same biome-average carbon value was applied to all forests within each broad class regardless of their condition. Olson et al (1983) provided a single value for all tropical forests, which likely overestimates carbon storage in the dry tropics and open forests and underestimates carbon storage in humid and dense forests. Most sources provided a breakdown by forest type and continents (Houghton 1999, Achard et al 2002, 2004, IPCC 2006). Only the Gibbs and Brown (2007a, 2007b) estimates account for variations within forest classes from human disturbance and ecological conditions (described in section 4.3). Accuracy assessment is not possible until additional field data are collected across the tropics, so we cannot determine which dataset provides the most certain estimate.",carbon_sequestration,None,Mt C a^-1
fragmented forest condition,71,0,"One approach to account for carbon emissions from degradation is to measure forest carbon under different forest conditions as depicted in the stratification matrix (figure 1). To account for various levels of degradation, sampling schemes could measure carbon across broad forest type (e.g. evergreen broadleaf, seasonally flooded) and condition (e.g. young, logged, fragmented) in each forest stratum. Note that this stratification method is needed to accurately estimate emissions from deforestation even if degradation is excluded from the final climate policy framework.",carbon_sequestration,None,Mt C a^-1
"Watson R T, Noble I R, Bolin B, Ravindranath N H, Verardo D J and Dokken D J 2000 Land use, land-use change, and forestry Special Report of the Intergovernmental Panel on Climate Change (Cambridge: Cambridge University Press) p 375",95,0,"Thenkabail P S, Enclona E A and Ashton M S 2004 Hyperion, IKONOS, ALI, and ETM+ sensors in the study of African rain forests Remote Sens. Environ. 90 23–43Waring R H, Way J, Hunt E R Jr, Morrissey L, Ranson K J, Weishampel J F, Oren R and Franklin S E 1995 Imaging radar for ecosystem studies BioScience 45 715–23Watson R T, Noble I R, Bolin B, Ravindranath N H, Verardo D J and Dokken D J 2000 Land use, land-use change, and forestry Special Report of the Intergovernmental Panel on Climate Change (Cambridge: Cambridge University Press) p 375Westlake D F 1966 The biomass and productivity of glyceria maxima: I. Seasonal changes in biomass J. Ecol. 54 745–53",carbon_sequestration,375,Mt C a^-1
Brazil,77,0,"Brown S, Burnham M, Delaney M, Vaca R, Powell M and Moreno A 2000 Issues and challenges for forest-based carbon-offset projects: a case study of the Noel Kempff Climate Action Project in Bolivia Mitigat. Adaptat. Strateg. Clim. Change 5 99–121Brown S and Gaston G 1995 Use of forest inventories and geographic information systems to estimate biomass density of tropical forests: applications to tropical Africa Environ. Monit. Assess. 38 157–68Brown S, Gillespie A and Lugo A E 1989 Biomass estimation methods for tropical forests with applications to forest inventory data Forest Sci. 35 881–902Brown S, Iverson L R, Prasad A and Liu D 1993 Geographic distribution of carbon in biomass and soils of tropical Asian forests Geocarto Int. 8 45–59Brown S and Lugo A E 1984 Biomass of tropical forests: a new estimate based on forest Science 223 1290–3Brown S and Lugo A E 1992 Aboveground biomass estimates for tropical moist forests of the Brazilian Amazon Interciencia 17 8–18",carbon_sequestration,1290,Mt C a^-1
VA 22207,0,0,"# Monitoring and estimating tropical forest carbon stocks: making REDD a reality**Holly K Gibbs$^{1}$, Sandra Brown$^{2}$, John O Niles$^{3}$ and Jonathan A Foley$^{1}$**$^{1}$ Center for Sustainability and the Global Environment (SAGE), Nelson Institute for Environmental Studies, University of Wisconsin, 1710 University Avenue, Madison, WI 53726, USA$^{2}$ Winrock International, Ecosystem Services Unit, 1621 N Kent Street, Suite 1200, Arlington, VA 22207, USA$^{3}$ Carbon Conservation, 1226 E Mason Street, Santa Barbara, CA 93103, USAReceived 14 August 2007Accepted for publication 1 November 2007Published 5 December 2007Online at stacks.iop.org/ERL/2/045023",carbon_sequestration,None,Mt C a^-1
Uganda,53,0,<tr><td>Togo</td><td>252</td><td>172</td><td>510</td><td>192</td><td>145</td><td>145–510</td></tr>  <tr><td>Uganda</td><td>536</td><td>434</td><td>1237</td><td>479</td><td>429</td><td>429–1237</td></tr>  <tr><td>Venezuela</td><td>6141</td><td>9202</td><td>7886</td><td>2326</td><td>—</td><td>2326–9202</td></tr>  <tr><td>Vietnam</td><td>774</td><td>1632</td><td>1546</td><td>1169</td><td>1642</td><td>774–1642</td></tr>,carbon_sequestration,1237,Mt C a^-1
tropical forests,73,0,"Here we have provided IPCC Tier 1 estimates of national-level forest carbon stocks that can be used immediately by countries and policy-makers. Each country will need to use expert judgment based on financial, time and capacity constraints in deciding whether to use higher Tier methods. In many countries it may be more feasible to rely on ground-based inventories rather than remotely sensed data to estimate forest carbon stocks, as labor costs are often low compared to installing and managing high-tech remote-sensing equipment and expertise. However, satellite-based estimates of forest carbon stocks will likely be more accessible over the next decade as new technologies emerge and technical capacities are strengthened. Collecting additional ground-based data using an appropriate sampling design that accounts for both forest type and condition will be necessary regardless of method and a critical next step for improving the understanding of carbon stocks and fluxes in tropical forests.Acknowledgments",carbon_sequestration,None,Mt C a^-1
Nascimento and Laurance 2002,57,0,"plots (Brown <i>et al</i> 2000, Hamburg 2000, Nascimento and Laurance 2002, Paciomik and Rypdal 2003, Pearson <i>et al</i> 2005a).Country-level forest carbon stocks can then be estimated using the statistically sampled ground-based data. Allometric relationships are first applied to the ground-based forest measurements to estimate the average carbon stocks in each forest strata (Forest C/ha).A country’s forest carbon stocks can then be estimated by applying the average carbon density values across a national land-cover map or to a forest statistics table with the same forest strata (see section 6 for more on linking forest carbon and deforestation measurements). This approach could improve upon the Tier 1 results reported in table 3 and provide estimates at the Tier 2 or 3 level.4.2. Existing forest inventory data",carbon_sequestration,None,Mt C a^-1
"Mette T, Papathanassiou K P, Hajnsek I and Zimmerman R 2003 Forest biomass estimation using polarimetric SAR interferometry Proc. POLnSAR (Italy: Frascati)",89,0,"McGroddy M E, Daufresne T and Hedin L O 2004 Scaling of C:N:P stoichiometry in forests worldwide: implications of terrestrial Redfield-type ratios Ecology 85 2390–401Means J E, Acker S A, Harding D J, Blair J B, Lefsky M A, Cohen W B, Harmon M E and McKee W A 1998 Use of large-footprint scanning airborne lidar to estimate forest stand characteristics in the western cascades of Oregon Remote Sens. Environ. 67 298–308Melillo J M, Frucht J R, Houghton R A, Moore B and Skole D L 1988 Land-use change in the Soviet Union between 1850 and 1990: causes of a net release of CO2 to the atmosphere Tellus B 40 116–28Mette T, Papathanassiou K P, Hajnsek I and Zimmerman R 2003 Forest biomass estimation using polarimetric SAR interferometry Proc. POLnSAR (Italy: Frascati)",carbon_sequestration,None,Mt C a^-1
"Achard et al 2002, 2004",22,0,"These are the only estimates of country-level forest carbon stocks to date, and provide an important reference point for policy discussions. The estimates based on the IPCC (2006) default values provide Tier 1 estimates of national carbon stocks that can be used immediately. The other estimates are based on prominent estimates of carbon emissions from deforestation at the global scale (Houghton et al 2001, DeFries et al 2002, Achard et al 2002, 2004). The ground-based and remote-sensing approaches described next could help refine forest carbon stocks estimates for REDD and other incentive mechanisms to reduce emissions from deforestation.4. Ground-based forest inventory dataField campaigns focused on forest inventory measurements and direct estimation of aboveground biomass through destructive harvesting could greatly improve our quantification of forest carbon stocks. Measurements of diameter at breast height (DBH) alone or in combination with tree height can be converted to estimates of forest carbon stocks using allometric relationships. Allometric equations statistically relate these measured forest attributes to destructive harvest measurements, and exist for most forests (e.g. Brown 1997, Chave et al 2005, Keller et al 2001).",carbon_sequestration,None,Mt C a^-1
carbon fluxes,73,0,"Here we have provided IPCC Tier 1 estimates of national-level forest carbon stocks that can be used immediately by countries and policy-makers. Each country will need to use expert judgment based on financial, time and capacity constraints in deciding whether to use higher Tier methods. In many countries it may be more feasible to rely on ground-based inventories rather than remotely sensed data to estimate forest carbon stocks, as labor costs are often low compared to installing and managing high-tech remote-sensing equipment and expertise. However, satellite-based estimates of forest carbon stocks will likely be more accessible over the next decade as new technologies emerge and technical capacities are strengthened. Collecting additional ground-based data using an appropriate sampling design that accounts for both forest type and condition will be necessary regardless of method and a critical next step for improving the understanding of carbon stocks and fluxes in tropical forests.Acknowledgments",carbon_sequestration,None,Mt C a^-1
forest biomass,4,0,"Political acceptance and implementation of climate policies aimed at reducing carbon emissions from deforestation will require resolution of scientific challenges. Foremost among these challenges is identifying feasible approaches to assess national-level carbon emissions from deforestation and degradation in developing countries. To estimate emissions, we need to know the area of cleared forest and the amount of carbon that was stored in those forests. Methods to assess tropical deforestation are described elsewhere (DeFries et al 2005, 2007, Herold and Johns 2007, Olander et al 2007, Achard et al 2007). The purpose of this paper is to synthesize options to estimate national-level forest biomass carbon stocks in developing countries and propose methods to link forest carbon and deforestation estimates. Here we compile, update and map prominent forest biomass carbon databases to create the first complete set of national-level estimates.2. Overview of forest carbon stock measurements",carbon_sequestration,None,Mt C a^-1
Chave et al (2005),33,0,"f IPCC (2006) default values for forest biomass; based mostly on Penman et al (2003), which is in turn based on interpretation of compilations of published studies. We converted the biomass values presented in table 4.7 of IPCC (2006) to carbon stocks using the IPCC default 0.47 carbon fraction (McGroddy et al 2004). We added in the belowground carbon stocks using the ratio of belowground biomass to aboveground biomass in table 4.4 of IPCC (2006); Average values were used in all cases.g Values here are for continental and insular Southeast Asia, respectively.may not adequately represent all forest types in all areas. Destructive sampling of 2–3 large trees should be used to check the validity of an allometric equation for specific locations (Brown 2002). This type of validation will be particularly important for Africa where there are very few ground-based datasets to develop or validate allometric equations. For example, none of the trees Chave et al (2005) used to develop the generic allometric equations were from an African forest.4.1. Sampling approaches for collecting ground-based data",carbon_sequestration,None,Mt C a^-1
Asia,77,0,"Brown S, Burnham M, Delaney M, Vaca R, Powell M and Moreno A 2000 Issues and challenges for forest-based carbon-offset projects: a case study of the Noel Kempff Climate Action Project in Bolivia Mitigat. Adaptat. Strateg. Clim. Change 5 99–121Brown S and Gaston G 1995 Use of forest inventories and geographic information systems to estimate biomass density of tropical forests: applications to tropical Africa Environ. Monit. Assess. 38 157–68Brown S, Gillespie A and Lugo A E 1989 Biomass estimation methods for tropical forests with applications to forest inventory data Forest Sci. 35 881–902Brown S, Iverson L R, Prasad A and Liu D 1993 Geographic distribution of carbon in biomass and soils of tropical Asian forests Geocarto Int. 8 45–59Brown S and Lugo A E 1984 Biomass of tropical forests: a new estimate based on forest Science 223 1290–3Brown S and Lugo A E 1992 Aboveground biomass estimates for tropical moist forests of the Brazilian Amazon Interciencia 17 8–18",carbon_sequestration,45,Mt C a^-1
needleleaved evergreen,55,0,"a Overview of methods used to develop table 3: In most cases, total forest carbon stocks per country were calculated by applying biome-average forest carbon values to a satellite-based global land cover map for the year 2000 (GLC 2000) stratified by the FAO forest ecological zone map (FAO 2001). Gibbs and Brown (2007a, 2007b) applied a rule-based model to the GLC 2000 map. Additional description of data sources can be found in table 2 footnotes. All values are for above- and belowground forest biomass carbon stocks (trunk, branches, roots). Units expressed as million tonnes of carbon (M t C). (1) We attempted to trace each biome average to the original source of data and explain all modifications made by the biomass dataset producers, but this was not always possible. (2) Forest classes from the global classification scheme of GLC 2000 include the following: broadleaved evergreen, broadleaved deciduous open, broadleaved deciduous closed, needleleaved evergreen, needleleaved deciduous, mixed leaf, mosaic, and burnt. All non-forest land cover categories were excluded. (3) Each data set provided different values for different biome types. If only a single forest class was provided it was applied universally to all of the above classes (open and closed). When more than one forest category was provided it was translated and applied accordingly. (4) Note that only Gibbs and Brown (2007a, 2007b) account for the impact of human disturbance on forest carbon stocks. All other estimates use the same biome-average carbon value for all forests within each broad class regardless of their condition—however, we divided the average forest carbon stocks values in half for the mosaic and burnt classes in GLC 2000.",carbon_sequestration,None,Mt C a^-1
Latin America,86,0,"Houghton R A and Hackler J L 2001 Carbon Flux to the Atmosphere from Land-Use Changes: 1850 to 1990 ORNL/CDIAC-131, NDP-050/R1 http://cdiac.esd.ornl.gov/ndps/ndp050.htmlCarbon Dioxide Information Analysis Center, US Department of Energy, Oak Ridge National Laboratory, Oak Ridge, TN, p 86Houghton R A, Lawrence K T, Hackler J L and Brown S 2001 The spatial distribution of forest biomass in the Brazilian Amazon: a comparison of estimates Glob. Change Biol. 7 731–46Houghton R A, Lefkowitz D S and Skole D L 1991 Changes in the landscape of Latin America between 1850–1980 (I). A progressive loss of forest Forest Ecol. Manag. 38 143–72IPCC 2006 IPCC Guidelines for National Greenhouse Gas Inventories. Prepared by the National Greenhouse Gas Inventories Programme ed H S Eggleston, L Buendia, K Miwa, T Ngara and K Tanabe (Japan: Institute For Global Environmental Strategies)",carbon_sequestration,143,Mt C a^-1
palm forests,47,0,"Stratification of systematic and random sampling schemes by broad forest types greatly increases survey efficiency by reducing unnecessary sampling and ensuring that major variation has been captured. It is important to assess how forest carbon stocks vary across a country before designing a stratified sampling scheme (Brown 2002). This information is used to define sampling strata or broad forest categories with similar forest carbon stocks. Information on soil types, drainage class, elevation, topography and land-use history are likely universally important to understanding the spatial distribution of carbon stocks. We recommend developing a ‘stratification matrix’ for each country or region using broad forest types (e.g. evergreen broadleaf, palm forests, semi-deciduous dry forests) and forest conditions such as drainage (e.g. flooded or dry), slope (e.g. steep or flat), level of degradation (e.g. logged, fragmented, pristine) and age (e.g. young fallow, secondary forest, mature) (figure 1).",carbon_sequestration,None,Mt C a^-1
needleleaved deciduous,55,0,"a Overview of methods used to develop table 3: In most cases, total forest carbon stocks per country were calculated by applying biome-average forest carbon values to a satellite-based global land cover map for the year 2000 (GLC 2000) stratified by the FAO forest ecological zone map (FAO 2001). Gibbs and Brown (2007a, 2007b) applied a rule-based model to the GLC 2000 map. Additional description of data sources can be found in table 2 footnotes. All values are for above- and belowground forest biomass carbon stocks (trunk, branches, roots). Units expressed as million tonnes of carbon (M t C). (1) We attempted to trace each biome average to the original source of data and explain all modifications made by the biomass dataset producers, but this was not always possible. (2) Forest classes from the global classification scheme of GLC 2000 include the following: broadleaved evergreen, broadleaved deciduous open, broadleaved deciduous closed, needleleaved evergreen, needleleaved deciduous, mixed leaf, mosaic, and burnt. All non-forest land cover categories were excluded. (3) Each data set provided different values for different biome types. If only a single forest class was provided it was applied universally to all of the above classes (open and closed). When more than one forest category was provided it was translated and applied accordingly. (4) Note that only Gibbs and Brown (2007a, 2007b) account for the impact of human disturbance on forest carbon stocks. All other estimates use the same biome-average carbon value for all forests within each broad class regardless of their condition—however, we divided the average forest carbon stocks values in half for the mosaic and burnt classes in GLC 2000.",carbon_sequestration,None,Mt C a^-1
DBH,23,0,"Developing allometric relationships is time-consuming and expensive because it requires destructive harvesting of a large number of trees. Tropical forests often contain 300 or more species, but research has shown that species-specific allometric relationships are not needed to generate reliable estimates of forest carbon stocks. Grouping all species together and using generalized allometric relationships, stratified by broad forest types or ecological zones, is highly effective for the tropics because DBH alone explains more than 95% of the variation in aboveground tropical forest carbon stocks, even in highly diverse regions (Brown 2002).",carbon_sequestration,95,Mt C a^-1
Houghton (1999),30,0,"a Table modified from Ramankutty et al (2007). Estimates of forest carbon stocks (t C/ha) are based on different biome-average datasets and most have slight modifications. All values are for above- and belowground forest biomass carbon. Olson et al (1983) was excluded from this table because he provides only a single value for all tropical forests (120 t C/ha) and for dry forest/woodland (60 t C/ha).b Houghton (1999)/DeFries et al (2002) and IPCC (2006) distinguished forest types within each region, whereas Brown (1997)/Achard et al (2004) distinguished only by region and not by forest type.",carbon_sequestration,120,Mt C a^-1
Houghton 2005,2,0,"Forests sequester and store more carbon than any other terrestrial ecosystem and are an important natural ‘brake’ on climate change. When forests are cleared or degraded, their stored carbon is released into the atmosphere as carbon dioxide (CO$_2$). Tropical deforestation is estimated to have released of the order of 1–2 billion tonnes of carbon per year during the 1990s, roughly 15–25% of annual global greenhouse gas emissions (Malhi and Grace 2000, Fearnside and Laurance 2003, 2004, Houghton 2005). The largest source of greenhouse gas emissions in most tropical countries is from deforestation and forest degradation. In Africa, for example, deforestation accounts for nearly 70% of total emissions (FAO 2005). Moreover, clearing tropical forests also destroys globally important carbon sinks that are currently sequestering CO$_2$ from the atmosphere and are critical to future climate stabilization (Stephens *et al* 2007).",carbon_sequestration,None,Mt C a^-1
national inventories,58,0,"Many tropical countries have already conducted at least one inventory of all or part of their forest area that could supplement new analyses or serve as a ‘stopgap’ while additional data are collected. However, very few developing countries have comprehensive national inventories, and any existing sub-national inventories must be evaluated before further use (Brown 1997, FAO 2005).Figure 1. Generalized stratification matrix that uses forest type and condition to capture the major variation in forest carbon stocks. Specific matrices should be developed for each country or region. Emissions from forest degradation could be quantified by comparing estimates of carbon storage under different forest conditions.4.3. Mapping forest carbon stocks using existing inventory data",carbon_sequestration,None,Mt C a^-1
USA,0,0,"# Monitoring and estimating tropical forest carbon stocks: making REDD a reality**Holly K Gibbs$^{1}$, Sandra Brown$^{2}$, John O Niles$^{3}$ and Jonathan A Foley$^{1}$**$^{1}$ Center for Sustainability and the Global Environment (SAGE), Nelson Institute for Environmental Studies, University of Wisconsin, 1710 University Avenue, Madison, WI 53726, USA$^{2}$ Winrock International, Ecosystem Services Unit, 1621 N Kent Street, Suite 1200, Arlington, VA 22207, USA$^{3}$ Carbon Conservation, 1226 E Mason Street, Santa Barbara, CA 93103, USAReceived 14 August 2007Accepted for publication 1 November 2007Published 5 December 2007Online at stacks.iop.org/ERL/2/045023",carbon_sequestration,0.4,Mt C a^-1
Southeast Asia,64,0,"The spatial detail of optical images collected from airborne sensors (as fine as ~10 cm pixels) can be used to directly collect measurements of tree height and crown area or diameter. Allometric relationships between ground-based measurements of tree carbon stocks and its crown area with or without tree height can be applied to estimate forest carbonFigure 2. Forest biomass carbon maps for Africa and Southeast Asia produced by using regression-based models to extrapolate forest inventory measurements (Gibbs and Brown 2007a, 2007b).stocks with high certainty. These data are collected over relatively small areas (several thousands of ha), but could be used for inaccessible areas or in a sampling scheme. An airplane-mounted system, using dual cameras and collecting imagery that can be viewed in 3D, has been demonstrated to reduce costs of conducting forest inventories, particularly for highly variable, widely spaced or inaccessible sites (Brown et al 2005, Brown and Pearson 2005) and for dense forests (Pearson et al 2005b).5.3. Microwave or radar data",carbon_sequestration,None,Mt C a^-1
Brown (1997),48,0,"Once a country’s forest strata have been identified, the layout and number of plots needed to achieve a desired level of precision can be determined based on standards of acceptable sampling error. There are established methods and guidelines for determining the number, size, and distribution of sample<table>  <tr>    <th rowspan=""2"">Country</th>    <th colspan=""3"">Based on compilations of harvest data</th>    <th colspan=""2"">Based on forest inventory</th>    <th rowspan=""2"">Total range</th>  </tr>  <tr>    <th>Olson <i>et al</i> (1983)/Gibbs (2006)<sup>b</sup></th>    <th>Houghton (1999)/DeFries <i>et al</i> (2002)</th>    <th>IPCC (2006)<sup>c</sup></th>    <th>Brown (1997)/Achard <i>et al</i> (2002, 2004)</th>",carbon_sequestration,None,Mt C a^-1
region,46,0,"or group of countries as land-use history and environmental conditions likely vary across political boundaries.Systematic and random sampling designs are the two broad types of schemes used to estimate forest carbon stocks at the country level (Paciomik and Rypdal 2003). Systematic sampling uses a regularly spaced grid to identify plot locations across an entire region, while random sampling chooses plot locations by chance. Without stratification, both schemes may over- or under-sample because patterns in nature are inherently clumpy and not likely to be randomly distributed.",carbon_sequestration,None,Mt C a^-1
Kenya,43,0,<tr><td>Ivory Coast</td><td>1047</td><td>750</td><td>3355</td><td>830</td><td>1238</td><td>750–3355</td></tr>  <tr><td>Kenya</td><td>314</td><td>320</td><td>618</td><td>339</td><td>163</td><td>163–618</td></tr>  <tr><td>Laos</td><td>718</td><td>1523</td><td>1388</td><td>1163</td><td>1870</td><td>718–1870</td></tr>  <tr><td>Liberia</td><td>506</td><td>515</td><td>1302</td><td>543</td><td>707</td><td>506–1302</td></tr>,carbon_sequestration,163,Mt C a^-1
forest classification scheme,20,0,"Biome averages, however, are freely and immediately available and currently provide the only source of globally consistent forest carbon information. For these reasons, and despite the uncertainties, biome averages continue to be the most routinely used source of forest carbon stock data. Moreover, biome averages provide an important starting point for a country to assess the relative magnitude of their emissions from deforestation and degradation (IPCC Tier 1). Here we have compiled biome-average carbon stock estimates from prominent data sources (table 2). We attempted to trace the original source data and explain all modifications made by the biomass dataset producers, but that was not possible in every instance. We also standardized assumptions about carbon storage in different pools to allow true comparison.We calculated a range of forest carbon stock estimates for each tropical country by applying the standardized biome averages to the widely accepted forest classification scheme of the Global Land Cover 2000 (GLC 2000) vegetation map (stratified by FAO ecological zone map) and then overlaying country boundaries in a geographical information system (table 3).",carbon_sequestration,None,Mt C a^-1
Paraguay,50,0,<tr><td>Panama</td><td>509</td><td>763</td><td>685</td><td>549</td><td>—</td><td>509–763</td></tr>  <tr><td>PNG</td><td>4154</td><td>8037</td><td>7075</td><td>5160</td><td>—</td><td>4154–8037</td></tr>  <tr><td>Paraguay</td><td>2831</td><td>3659</td><td>3063</td><td>1087</td><td>—</td><td>1087–3659</td></tr>  <tr><td>Peru</td><td>7694</td><td>11 521</td><td>13 241</td><td>2782</td><td>—</td><td>2782–13 241</td></tr>,carbon_sequestration,1087,Mt C a^-1
Chambers et al 2001,24,0,"Generalized allometric equations also have the major advantage of being based on larger numbers of trees that span a wider range of diameters (Brown 1997, Chave et al 2005). An extensive review of allometric equations concluded that the pan-tropic models were ‘the best available’ way to estimate forest biomass and recommended them over local allometric models that may be based on less than 100 destructively sampled trees (Chave et al 2004). Chave et al (2005) developed generalized allometric equations for the pan-tropics based on an exceptionally large dataset of 2410 trees that can be used to accurately estimate forest carbon stocks across a wide range of forest types.The effort required to develop species- or location-specific relationships will not typically improve accuracy (Chambers et al 2001, Keller et al 2001, Chave et al 2005) but occasionally a localized relationship is warranted, as generalized equationsTable 2. Biome-average tropical forest biomass carbon stock estimates (t C/ha)a.",carbon_sequestration,None,Mt C a^-1
biome-average forest carbon values,55,0,"a Overview of methods used to develop table 3: In most cases, total forest carbon stocks per country were calculated by applying biome-average forest carbon values to a satellite-based global land cover map for the year 2000 (GLC 2000) stratified by the FAO forest ecological zone map (FAO 2001). Gibbs and Brown (2007a, 2007b) applied a rule-based model to the GLC 2000 map. Additional description of data sources can be found in table 2 footnotes. All values are for above- and belowground forest biomass carbon stocks (trunk, branches, roots). Units expressed as million tonnes of carbon (M t C). (1) We attempted to trace each biome average to the original source of data and explain all modifications made by the biomass dataset producers, but this was not always possible. (2) Forest classes from the global classification scheme of GLC 2000 include the following: broadleaved evergreen, broadleaved deciduous open, broadleaved deciduous closed, needleleaved evergreen, needleleaved deciduous, mixed leaf, mosaic, and burnt. All non-forest land cover categories were excluded. (3) Each data set provided different values for different biome types. If only a single forest class was provided it was applied universally to all of the above classes (open and closed). When more than one forest category was provided it was translated and applied accordingly. (4) Note that only Gibbs and Brown (2007a, 2007b) account for the impact of human disturbance on forest carbon stocks. All other estimates use the same biome-average carbon value for all forests within each broad class regardless of their condition—however, we divided the average forest carbon stocks values in half for the mosaic and burnt classes in GLC 2000.",carbon_sequestration,None,Mt C a^-1
avoided deforestation,1,0,"**Abstract**Reducing carbon emissions from deforestation and degradation in developing countries is of central importance in efforts to combat climate change. Key scientific challenges must be addressed to prevent any policy roadblocks. Foremost among the challenges is quantifying nations’ carbon emissions from deforestation and forest degradation, which requires information on forest clearing and carbon storage. Here we review a range of methods available to estimate national-level forest carbon stocks in developing countries. While there are no practical methods to directly measure all forest carbon stocks across a country, both ground-based and remote-sensing measurements of forest attributes can be converted into estimates of national carbon stocks using allometric relationships. Here we synthesize, map and update prominent forest biomass carbon databases to create the first complete set of national-level forest carbon stock estimates. These forest carbon estimates expand on the default values recommended by the Intergovernmental Panel on Climate Change’s National Greenhouse Gas Inventory Guidelines and provide a range of globally consistent estimates.**Keywords:** deforestation, tropical forests, forest biomass, carbon stocks, emissions, forest inventory, UNFCCC, REDD, LULUCF, avoided deforestation**1. Introduction**",carbon_sequestration,None,Mt C a^-1
satellite-based estimates,73,0,"Here we have provided IPCC Tier 1 estimates of national-level forest carbon stocks that can be used immediately by countries and policy-makers. Each country will need to use expert judgment based on financial, time and capacity constraints in deciding whether to use higher Tier methods. In many countries it may be more feasible to rely on ground-based inventories rather than remotely sensed data to estimate forest carbon stocks, as labor costs are often low compared to installing and managing high-tech remote-sensing equipment and expertise. However, satellite-based estimates of forest carbon stocks will likely be more accessible over the next decade as new technologies emerge and technical capacities are strengthened. Collecting additional ground-based data using an appropriate sampling design that accounts for both forest type and condition will be necessary regardless of method and a critical next step for improving the understanding of carbon stocks and fluxes in tropical forests.Acknowledgments",carbon_sequestration,None,Mt C a^-1
Tropical dry forest,26,0,<td>—</td>    <td>—</td>  </tr>  <tr>    <td>Latin America</td>    <td></td>    <td></td>    <td></td>    <td></td>  </tr>  <tr>    <td>Tropical equatorial forest</td>    <td>200</td>    <td>—</td>    <td>—</td>    <td>193</td>  </tr>  <tr>    <td>Tropical seasonal forest</td>    <td>140</td>    <td>—</td>    <td>—</td>    <td>128</td>  </tr>  <tr>    <td>Tropical dry forest</td>    <td>.55</td>    <td>47</td>    <td>—</td>    <td>126</td>  </tr>  <tr>,carbon_sequestration,47,Mt C a^-1
FAO Forest Resources Assessments,18,0,"• Analysis of forest inventory data archived by the FAO and others have also been used to develop biome averages. Forest inventory data can provide high quality information for a particular region, but existinginventories were generally not collected using sampling schemes appropriate for the biome scale. Country-level estimates of forest carbon stocks reported in the FAO Forest Resources Assessments are also based on forest inventory data, but these estimates are highly suspect because of inadequate sampling for the national scale and inconsistent methods (Brown 1997, FAO 2000, 2005). In the latest FAO report, national forest carbon estimates based on inventory data remain very questionable, with more than half of tropical countries relying on ‘best guesses’ rather than actual measurements (FAO 2005).",carbon_sequestration,None,Mt C a^-1
India,42,0,<tr><td>Guyana</td><td>2494</td><td>3742</td><td>3354</td><td>923</td><td>—</td><td>923–3354</td></tr>  <tr><td>Honduras</td><td>852</td><td>1268</td><td>1123</td><td>901</td><td>—</td><td>852–1268</td></tr>  <tr><td>India</td><td>5420</td><td>8997</td><td>5085</td><td>7333</td><td>8560</td><td>5085–8997</td></tr>  <tr><td>Indonesia</td><td>13 143</td><td>25 547</td><td>25 397</td><td>16 448</td><td>20 504</td><td>10 252–25 547</td></tr>,carbon_sequestration,8560,Mt C a^-1
"Whittaker R H and Likens G E 1973 Carbon in the biota Carbon and the Biosphere (AEC Symposium Series 30) ed G M Woodwell and E V Pecan (Springfield, VA: US Dept of Commerce) pp 281–302",96,0,"Whittaker R H and Likens G E 1973 Carbon in the biota Carbon and the Biosphere (AEC Symposium Series 30) ed G M Woodwell and E V Pecan (Springfield, VA: US Dept of Commerce) pp 281–302",carbon_sequestration,0,Mt C a^-1
Keller et al 2001,22,0,"These are the only estimates of country-level forest carbon stocks to date, and provide an important reference point for policy discussions. The estimates based on the IPCC (2006) default values provide Tier 1 estimates of national carbon stocks that can be used immediately. The other estimates are based on prominent estimates of carbon emissions from deforestation at the global scale (Houghton et al 2001, DeFries et al 2002, Achard et al 2002, 2004). The ground-based and remote-sensing approaches described next could help refine forest carbon stocks estimates for REDD and other incentive mechanisms to reduce emissions from deforestation.4. Ground-based forest inventory dataField campaigns focused on forest inventory measurements and direct estimation of aboveground biomass through destructive harvesting could greatly improve our quantification of forest carbon stocks. Measurements of diameter at breast height (DBH) alone or in combination with tree height can be converted to estimates of forest carbon stocks using allometric relationships. Allometric equations statistically relate these measured forest attributes to destructive harvest measurements, and exist for most forests (e.g. Brown 1997, Chave et al 2005, Keller et al 2001).",carbon_sequestration,None,Mt C a^-1
national-level forest emissions,68,0,"To estimate carbon emissions it is necessary to know the area deforested and the amount of carbon these forests stored. Deforestation will likely be assessed using remote sensing and ideally the same observations will be used both to estimate deforestation and to design the forest carbon sampling matrix and scheme. If forest carbon stocks are collected according to a stratified sampling design it is important that deforestation is estimated for those same strata either through ‘wall-to-wall’ mapping or by ‘targeting sampling’ using the same stratified sampling scheme (DeFries et al 2005, 2007, Olander et al 2007). The average carbon stock value for each forest strata can be applied to the satellite-based forest map to estimate national-level forest carbon stocks or to a map of deforestation to estimate national-level forest emissions. Changes in carbon stocks and emissions could be monitored from satellite-based observations of deforestation once the broad spatial distribution of carbon stocks is well established (assuming deforestation and carbon assessments are compatible).",carbon_sequestration,None,Mt C a^-1
carbon storage,1,0,"**Abstract**Reducing carbon emissions from deforestation and degradation in developing countries is of central importance in efforts to combat climate change. Key scientific challenges must be addressed to prevent any policy roadblocks. Foremost among the challenges is quantifying nations’ carbon emissions from deforestation and forest degradation, which requires information on forest clearing and carbon storage. Here we review a range of methods available to estimate national-level forest carbon stocks in developing countries. While there are no practical methods to directly measure all forest carbon stocks across a country, both ground-based and remote-sensing measurements of forest attributes can be converted into estimates of national carbon stocks using allometric relationships. Here we synthesize, map and update prominent forest biomass carbon databases to create the first complete set of national-level forest carbon stock estimates. These forest carbon estimates expand on the default values recommended by the Intergovernmental Panel on Climate Change’s National Greenhouse Gas Inventory Guidelines and provide a range of globally consistent estimates.**Keywords:** deforestation, tropical forests, forest biomass, carbon stocks, emissions, forest inventory, UNFCCC, REDD, LULUCF, avoided deforestation**1. Introduction**",carbon_sequestration,None,Mt C a^-1
Houghton et al 2001,17,0,"of analyses. Often, ‘best guesses’ are employed as multiple biome averages are combined or modified (e.g. Houghton 1999, Houghton et al 2001, Fearnside 2000, Watson et al 2000, IPCC 2006).Biome averages are based on two main sources of information: compilations of whole-tree harvest measurement data and analysis of forest inventory data archived by the United Nations Food and Agricultural Organization (FAO) and others.• Compilations of point-based biomass harvest measurement data provide direct estimates of the actual forest volume or biomass at a particular site (e.g. Whittaker and Likens 1973, Olson et al 1983, Reichle 1981, Brown and Lugo 1984). While highly accurate for specific locations, these data were collected to describe only very local conditions and cover a tiny portion of total forest area (Brown 1997). Consequently, these compilations could be highly biased (depending on where the individual point measurements are made), and provide only rough approximations of forest carbon stocks over larger spatial scales.",carbon_sequestration,None,Mt C a^-1
national-level forest carbon stocks,73,0,"Here we have provided IPCC Tier 1 estimates of national-level forest carbon stocks that can be used immediately by countries and policy-makers. Each country will need to use expert judgment based on financial, time and capacity constraints in deciding whether to use higher Tier methods. In many countries it may be more feasible to rely on ground-based inventories rather than remotely sensed data to estimate forest carbon stocks, as labor costs are often low compared to installing and managing high-tech remote-sensing equipment and expertise. However, satellite-based estimates of forest carbon stocks will likely be more accessible over the next decade as new technologies emerge and technical capacities are strengthened. Collecting additional ground-based data using an appropriate sampling design that accounts for both forest type and condition will be necessary regardless of method and a critical next step for improving the understanding of carbon stocks and fluxes in tropical forests.Acknowledgments",carbon_sequestration,None,Mt C a^-1
global estimates,9,0,"In this paper, we review and summarize a range of approaches that could be adapted to estimate forest carbon stocks across tropical countries at different tiers of detail and accuracy (table 1). Biome averages and new geographically explicit datasets, for instance, provide rough approximations that can be immediately used to estimate a nation’s carbon stocks (Tier 1). Ground-based measurements of tree diameters and height can be combined with predictive relationships to estimate forest carbon stocks (Tiers 2 and 3). Remote-sensing instruments mounted on satellites or airplanes can estimate tree volume and other proxies that can also be converted using statistical relationships with ground-based forest carbon measurements (Tiers 2 and 3). These approaches have varying benefits and limitations.3. Global estimates of forest carbon stocks: the biome-average approach",carbon_sequestration,None,Mt C a^-1
"REDD (Reducing Emissions from Deforestation and Forest Degradation) - A proposal to provide financial incentives to help developing countries voluntarily reduce national deforestation rates and associated carbon emissions below a baseline. No specific countries mentioned, but implied to be tropical forest countries. However, the text does not explicitly mention any countries. ",3,0,"Despite the importance of avoiding deforestation and associated emissions, developing countries have had few economic or policy incentives to reduce emissions from land-use change (Santilli *et al* 2005). ‘Avoided deforestation’ projects were excluded from the 2008–2012 first commitment period of the Kyoto Protocol because of concerns about diluting fossil fuel reductions, sovereignty and methods to measure emissions reductions (Niles 2002, Gullison *et al* 2007). More recently the importance of including emissions reductions from tropical deforestation in future climate change policy has grown. The United Nations Framework Convention on Climate Change recently agreed to study and consider a new initiative, led by forest-rich developing countries, that calls for economic incentives to help facilitate reductionsin emissions from deforestation in developing countries (REDD).The REDD concept is—at its core—a proposal to provide financial incentives to help developing countries voluntarily reduce national deforestation rates and associated carbon emissions below a baseline (based either on a historical reference case or future projection). Countries that demonstrate emissions reductions may be able to sell those carbon credits on the international carbon market or elsewhere. These emissions reductions could simultaneously combat climate change, conserve biodiversity and protect other ecosystem goods and services.",carbon_sequestration,None,Mt C a^-1
carbon emissions from deforestation,4,0,"Political acceptance and implementation of climate policies aimed at reducing carbon emissions from deforestation will require resolution of scientific challenges. Foremost among these challenges is identifying feasible approaches to assess national-level carbon emissions from deforestation and degradation in developing countries. To estimate emissions, we need to know the area of cleared forest and the amount of carbon that was stored in those forests. Methods to assess tropical deforestation are described elsewhere (DeFries et al 2005, 2007, Herold and Johns 2007, Olander et al 2007, Achard et al 2007). The purpose of this paper is to synthesize options to estimate national-level forest biomass carbon stocks in developing countries and propose methods to link forest carbon and deforestation estimates. Here we compile, update and map prominent forest biomass carbon databases to create the first complete set of national-level estimates.2. Overview of forest carbon stock measurements",carbon_sequestration,None,Mt C a^-1
Southeast Asia's peat-swamp forests,6,0,"In many cases widely used values from look-up tables and correlations with aboveground biomass will be adequate to estimate carbon stocks in other pools. For example, root biomass is typically estimated to be 20% of the aboveground forest carbon stocks (e.g. Houghton et al 2001, Achard et al 2002, Ramankutty et al 2007) based on a predictive relationship established from extensive literature reviews (Cairns et al 1997, Mokany et al 2006). Similarly, dead wood or litter carbon stocks (down trees, standing dead, broken branches, leaves, etc) are generally assumed to be equivalent to ~10–20% of the aboveground forest carbon estimate in mature forests (Harmon and Sexton 1996, Delaney et al 1998, Houghton et al 2001, Achard et al 2002). Soil carbon stock estimation is not discussed here, but is critical to consider for regions such as Southeast Asia’s peat-swamp forests where soils are a massive source of carbon emissions following deforestation (Page et al 2002).",carbon_sequestration,None,Mt C a^-1
FAO (Food and Agricultural Organization of the United Nations) 2000 Global forest resources assessment 2000 FAO Forestry paper 140 479,81,0,"Dubayah R and Drake J B 2000 Lidar remote sensing for forestry applications J. Forestry 98 44–6FAO (Food and Agricultural Organization of the United Nations) 2000 Global forest resources assessment 2000 FAO Forestry paper 140 479FAO (Food and Agricultural Organization of the United Nations) 2005 FAO Statistical database 2005 available at http://faostat.fao.org/ (accessed 2005-09-06)Fearnside P M 2000 Global warming and tropical land-use change: greenhouse gas emissions from biomass burning, decomposition and soils in forest conversion, shifting cultivation and secondary vegetation Clim. Change 46 115–58Fearnside P M and Laurance W F 2003 Comment on ‘Determination of deforestation rates of the world’s humid tropical forests’ Science 299 1015Fearnside P M and Laurance W F 2004 Tropical deforestation and greenhouse gas emissions Ecological Appl. 14 982–6",carbon_sequestration,479,Mt C a^-1
Nepal,49,0,"<th>Gibbs and Brown (2007a, 2007b)</th>  </tr>  <tr><td>Myanmar</td><td>2843</td><td>5182</td><td>4867</td><td>4024</td><td>4754</td><td>2377–5182</td></tr>  <tr><td>Nepal</td><td>246</td><td>393</td><td>369</td><td>337</td><td>334</td><td>246–393</td></tr>  <tr><td>Nicaragua</td><td>930</td><td>1395</td><td>1275</td><td>972</td><td>—</td><td>930–1395</td></tr>  <tr><td>Nigeria</td><td>1805</td><td>1377</td><td>3952</td><td>1510</td><td>1278</td><td>1278–3952</td></tr>",carbon_sequestration,369,Mt C a^-1
Sandra Brown,0,0,"# Monitoring and estimating tropical forest carbon stocks: making REDD a reality**Holly K Gibbs$^{1}$, Sandra Brown$^{2}$, John O Niles$^{3}$ and Jonathan A Foley$^{1}$**$^{1}$ Center for Sustainability and the Global Environment (SAGE), Nelson Institute for Environmental Studies, University of Wisconsin, 1710 University Avenue, Madison, WI 53726, USA$^{2}$ Winrock International, Ecosystem Services Unit, 1621 N Kent Street, Suite 1200, Arlington, VA 22207, USA$^{3}$ Carbon Conservation, 1226 E Mason Street, Santa Barbara, CA 93103, USAReceived 14 August 2007Accepted for publication 1 November 2007Published 5 December 2007Online at stacks.iop.org/ERL/2/045023",carbon_sequestration,None,Mt C a^-1
Foody G M and Cutler M E J 2003 Tree diversity in protected and logged Bornean tropical rain forests and is measurement by satellite remote sensing J. Biogeogr. 30 1053–66,82,0,"Foody G M, Boyd D S and Cutler M E J 2003 Predictive relations of tropical forest biomass from Landsat TM data and their transferability between regions Remote Sens. Environ. 85 463–74Foody G M and Cutler M E J 2003 Tree diversity in protected and logged Bornean tropical rain forests and is measurement by satellite remote sensing J. Biogeogr. 30 1053–66Fuller D O 2006 Tropical forest monitoring and remote sensing: a new era of transparency in forest governance? Singap. J. Trop. Geogr. 27 15–29Fuller D O, Jessup T C and Salim A 2004 Forest loss in Kalimantan, Indonesia since the 1997–1998 El Nino event Conser. Biol. 18 249–54Gaston G, Brown S, Lorenzini M and Singh K D 1998 State and change in carbon pools in the forests of tropical Africa Glob. Change Biol. 4 97",carbon_sequestration,None,Mt C a^-1
Chave et al 2004,24,0,"Generalized allometric equations also have the major advantage of being based on larger numbers of trees that span a wider range of diameters (Brown 1997, Chave et al 2005). An extensive review of allometric equations concluded that the pan-tropic models were ‘the best available’ way to estimate forest biomass and recommended them over local allometric models that may be based on less than 100 destructively sampled trees (Chave et al 2004). Chave et al (2005) developed generalized allometric equations for the pan-tropics based on an exceptionally large dataset of 2410 trees that can be used to accurately estimate forest carbon stocks across a wide range of forest types.The effort required to develop species- or location-specific relationships will not typically improve accuracy (Chambers et al 2001, Keller et al 2001, Chave et al 2005) but occasionally a localized relationship is warranted, as generalized equationsTable 2. Biome-average tropical forest biomass carbon stock estimates (t C/ha)a.",carbon_sequestration,2410,Mt C a^-1
fragmented forests,47,0,"Stratification of systematic and random sampling schemes by broad forest types greatly increases survey efficiency by reducing unnecessary sampling and ensuring that major variation has been captured. It is important to assess how forest carbon stocks vary across a country before designing a stratified sampling scheme (Brown 2002). This information is used to define sampling strata or broad forest categories with similar forest carbon stocks. Information on soil types, drainage class, elevation, topography and land-use history are likely universally important to understanding the spatial distribution of carbon stocks. We recommend developing a ‘stratification matrix’ for each country or region using broad forest types (e.g. evergreen broadleaf, palm forests, semi-deciduous dry forests) and forest conditions such as drainage (e.g. flooded or dry), slope (e.g. steep or flat), level of degradation (e.g. logged, fragmented, pristine) and age (e.g. young fallow, secondary forest, mature) (figure 1).",carbon_sequestration,None,Mt C a^-1
Latin America,56,0,"b Based on Gibbs (2006), which translated and applied the original Olson <i>et al</i> (1983) data to the GLC 2000 land cover map. Olson <i>et al</i> (1983) is based on a large compilation of literature studies; please see on-line documentation for full list. The Olson ‘medium’ biomass estimates were used here. Note that Olson <i>et al</i> (1983) provides only a single value for all tropical forests (120 Mg C/ha) and for dry forest/woodland (60 Mg C/ha).c Note that mountain systems were included in these national-level estimates but excluded from table 2 because they cover a relatively small portion of the tropics and are not distinguished by other databases. Default IPCC Tier 1 values for above and belowground forest biomass carbon stocks for mountain systems are 69, 87, 81, and 122 t C/ha for Africa, Latin America, continental Southeast Asia, and insular Southeast Asia, respectively.",carbon_sequestration,87,Mt C a^-1
Africa,59,0,"Existing inventory data can be extrapolated across a country using empirical–statistical methods to compensate for imperfect sampling designs. Brown and colleagues (hereafter referred to as Brown) have advanced methods to use other spatially explicit data in a GIS analysis to compensate for missing or dubious inventory data and produce reliable maps of forest carbon stocks. Brown developed rule-based models based on climate, soils, topographic, population and land-use information to spatially extrapolate forest inventory data archived by the FAO and produce maps of forest carbon stocks in the 1980s (Brown et al 1993, Iverson et al 1994, Brown and Gaston 1995, Gaston et al 1998).Here, we updated the Brown forest carbon maps for Africa and Southeast Asia to account for major changes in forest cover 1980–2000 (Gibbs and Brown 2007a, 2007b). These maps provide the only forest carbon stock information for Southeast Asia and Africa that accounts for spatial variation in response to human and biophysical factors (figure 2).",carbon_sequestration,None,Mt C a^-1
carbon stocks,68,0,"To estimate carbon emissions it is necessary to know the area deforested and the amount of carbon these forests stored. Deforestation will likely be assessed using remote sensing and ideally the same observations will be used both to estimate deforestation and to design the forest carbon sampling matrix and scheme. If forest carbon stocks are collected according to a stratified sampling design it is important that deforestation is estimated for those same strata either through ‘wall-to-wall’ mapping or by ‘targeting sampling’ using the same stratified sampling scheme (DeFries et al 2005, 2007, Olander et al 2007). The average carbon stock value for each forest strata can be applied to the satellite-based forest map to estimate national-level forest carbon stocks or to a map of deforestation to estimate national-level forest emissions. Changes in carbon stocks and emissions could be monitored from satellite-based observations of deforestation once the broad spatial distribution of carbon stocks is well established (assuming deforestation and carbon assessments are compatible).",carbon_sequestration,None,Mt C a^-1
CAR,38,0,<tr><td>CAR</td><td>4059</td><td>3176</td><td>7405</td><td>3524</td><td>4096</td><td>3176–7405</td></tr>  <tr><td>Colombia</td><td>6737</td><td>10 085</td><td>11 467</td><td>2529</td><td>—</td><td>2529–11 467</td></tr>  <tr><td>Congo</td><td>3458</td><td>3549</td><td>5472</td><td>3740</td><td>4739</td><td>3458–5472</td></tr>  <tr><td>Costa Rica</td><td>471</td><td>704</td><td>593</td><td>493</td><td>—</td><td>471–704</td></tr>,carbon_sequestration,4059,Mt C a^-1
University of Wisconsin,0,0,"# Monitoring and estimating tropical forest carbon stocks: making REDD a reality**Holly K Gibbs$^{1}$, Sandra Brown$^{2}$, John O Niles$^{3}$ and Jonathan A Foley$^{1}$**$^{1}$ Center for Sustainability and the Global Environment (SAGE), Nelson Institute for Environmental Studies, University of Wisconsin, 1710 University Avenue, Madison, WI 53726, USA$^{2}$ Winrock International, Ecosystem Services Unit, 1621 N Kent Street, Suite 1200, Arlington, VA 22207, USA$^{3}$ Carbon Conservation, 1226 E Mason Street, Santa Barbara, CA 93103, USAReceived 14 August 2007Accepted for publication 1 November 2007Published 5 December 2007Online at stacks.iop.org/ERL/2/045023",carbon_sequestration,None,Mt C a^-1
IPCC,56,0,"b Based on Gibbs (2006), which translated and applied the original Olson <i>et al</i> (1983) data to the GLC 2000 land cover map. Olson <i>et al</i> (1983) is based on a large compilation of literature studies; please see on-line documentation for full list. The Olson ‘medium’ biomass estimates were used here. Note that Olson <i>et al</i> (1983) provides only a single value for all tropical forests (120 Mg C/ha) and for dry forest/woodland (60 Mg C/ha).c Note that mountain systems were included in these national-level estimates but excluded from table 2 because they cover a relatively small portion of the tropics and are not distinguished by other databases. Default IPCC Tier 1 values for above and belowground forest biomass carbon stocks for mountain systems are 69, 87, 81, and 122 t C/ha for Africa, Latin America, continental Southeast Asia, and insular Southeast Asia, respectively.",carbon_sequestration,"69 
87 
81 
122",Mt C a^-1
flooded forests,47,0,"Stratification of systematic and random sampling schemes by broad forest types greatly increases survey efficiency by reducing unnecessary sampling and ensuring that major variation has been captured. It is important to assess how forest carbon stocks vary across a country before designing a stratified sampling scheme (Brown 2002). This information is used to define sampling strata or broad forest categories with similar forest carbon stocks. Information on soil types, drainage class, elevation, topography and land-use history are likely universally important to understanding the spatial distribution of carbon stocks. We recommend developing a ‘stratification matrix’ for each country or region using broad forest types (e.g. evergreen broadleaf, palm forests, semi-deciduous dry forests) and forest conditions such as drainage (e.g. flooded or dry), slope (e.g. steep or flat), level of degradation (e.g. logged, fragmented, pristine) and age (e.g. young fallow, secondary forest, mature) (figure 1).",carbon_sequestration,None,Mt C a^-1
Africa,77,0,"Brown S, Burnham M, Delaney M, Vaca R, Powell M and Moreno A 2000 Issues and challenges for forest-based carbon-offset projects: a case study of the Noel Kempff Climate Action Project in Bolivia Mitigat. Adaptat. Strateg. Clim. Change 5 99–121Brown S and Gaston G 1995 Use of forest inventories and geographic information systems to estimate biomass density of tropical forests: applications to tropical Africa Environ. Monit. Assess. 38 157–68Brown S, Gillespie A and Lugo A E 1989 Biomass estimation methods for tropical forests with applications to forest inventory data Forest Sci. 35 881–902Brown S, Iverson L R, Prasad A and Liu D 1993 Geographic distribution of carbon in biomass and soils of tropical Asian forests Geocarto Int. 8 45–59Brown S and Lugo A E 1984 Biomass of tropical forests: a new estimate based on forest Science 223 1290–3Brown S and Lugo A E 1992 Aboveground biomass estimates for tropical moist forests of the Brazilian Amazon Interciencia 17 8–18",carbon_sequestration,38,Mt C a^-1
Brunei,37,0,<tr><td>Brunei</td><td>58</td><td>112</td><td>115</td><td>72</td><td>40</td><td>40–115</td></tr>  <tr><td>Burundi</td><td>69</td><td>51</td><td>43</td><td>55</td><td>9</td><td>9–69</td></tr>  <tr><td>Cambodia</td><td>1008</td><td>1800</td><td>1222</td><td>1334</td><td>1914</td><td>957–1914</td></tr>  <tr><td>Cameroon</td><td>3721</td><td>3454</td><td>6138</td><td>3695</td><td>3622</td><td>3454–6138</td></tr>,carbon_sequestration,58,Mt C a^-1
Brazilian Amazon,25,0,"<table>  <tr>    <th>Forest type or regionb</th>    <th>Houghton (1999)/DeFries et al (2002)c</th>    <th>Brown (1997)/Achard et al (2004)d</th>    <th>Gibbs and Brown (2007a, 2007b)e</th>    <th>IPCC (2006)f</th>  </tr>  <tr>    <td>Central America</td>    <td>—</td>    <td>—</td>    <td>—</td>    <td>—</td>  </tr>  <tr>    <td>Pan-Amazon</td>    <td>—</td>    <td>129</td>    <td>—</td>    <td>—</td>  </tr>  <tr>    <td>Brazilian Amazon</td>    <td>—</td>    <td>186</td>",carbon_sequestration,186,Mt C a^-1
Penman et al (2003),33,0,"f IPCC (2006) default values for forest biomass; based mostly on Penman et al (2003), which is in turn based on interpretation of compilations of published studies. We converted the biomass values presented in table 4.7 of IPCC (2006) to carbon stocks using the IPCC default 0.47 carbon fraction (McGroddy et al 2004). We added in the belowground carbon stocks using the ratio of belowground biomass to aboveground biomass in table 4.4 of IPCC (2006); Average values were used in all cases.g Values here are for continental and insular Southeast Asia, respectively.may not adequately represent all forest types in all areas. Destructive sampling of 2–3 large trees should be used to check the validity of an allometric equation for specific locations (Brown 2002). This type of validation will be particularly important for Africa where there are very few ground-based datasets to develop or validate allometric equations. For example, none of the trees Chave et al (2005) used to develop the generic allometric equations were from an African forest.4.1. Sampling approaches for collecting ground-based data",carbon_sequestration,None,Mt C a^-1
"Olander L P, Gibbs H K, Murray B C, Steininger M and Swenson J 2007 Data and methods to estimate national historical deforestation baselines in support of UNFCCC REDD Environ. Res. Lett. submitted",90,0,"Mokany K, Raison J R and Prokushkin A S 2006 Critical analysis of root-shoot rations in terrestrial biomes Glob. Change Biol. 12 84–96Nascimento H E M and Laurance W F 2002 Total aboveground biomass in central Amazonian rainforests: a landscape-scale study Forest Ecol. Manag. 168 311–21Niles J O 2002 Tropical forests and climate change Climate change policy: a survey ed S Schneider, A Rosencranz and J Niles (Washington, DC: Island Press)Olander L P, Gibbs H K, Murray B C, Steininger M and Swenson J 2007 Data and methods to estimate national historical deforestation baselines in support of UNFCCC REDD Environ. Res. Lett. submittedOlson J S, Watts J A and Allison L J 1983 Carbon in live vegetation of major world ecosystems ORNL-5862 (Oak Ridge, TN: Oak Ridge National Laboratory)",carbon_sequestration,None,Mt C a^-1
Eq. Guinea,39,0,<tr><td>D.R. Congo</td><td>22 986</td><td>22 657</td><td>36 672</td><td>24 020</td><td>20 416</td><td>20 416–36 672</td></tr>  <tr><td>Ecuador</td><td>941</td><td>1379</td><td>2071</td><td>351</td><td>—</td><td>351–2071</td></tr>  <tr><td>El Salvador</td><td>105</td><td>153</td><td>108</td><td>117</td><td>—</td><td>105–153</td></tr>  <tr><td>Eq. Guinea</td><td>304</td><td>313</td><td>474</td><td>330</td><td>268</td><td>268–474</td></tr>,carbon_sequestration,268,Mt C a^-1
year 2000,55,0,"a Overview of methods used to develop table 3: In most cases, total forest carbon stocks per country were calculated by applying biome-average forest carbon values to a satellite-based global land cover map for the year 2000 (GLC 2000) stratified by the FAO forest ecological zone map (FAO 2001). Gibbs and Brown (2007a, 2007b) applied a rule-based model to the GLC 2000 map. Additional description of data sources can be found in table 2 footnotes. All values are for above- and belowground forest biomass carbon stocks (trunk, branches, roots). Units expressed as million tonnes of carbon (M t C). (1) We attempted to trace each biome average to the original source of data and explain all modifications made by the biomass dataset producers, but this was not always possible. (2) Forest classes from the global classification scheme of GLC 2000 include the following: broadleaved evergreen, broadleaved deciduous open, broadleaved deciduous closed, needleleaved evergreen, needleleaved deciduous, mixed leaf, mosaic, and burnt. All non-forest land cover categories were excluded. (3) Each data set provided different values for different biome types. If only a single forest class was provided it was applied universally to all of the above classes (open and closed). When more than one forest category was provided it was translated and applied accordingly. (4) Note that only Gibbs and Brown (2007a, 2007b) account for the impact of human disturbance on forest carbon stocks. All other estimates use the same biome-average carbon value for all forests within each broad class regardless of their condition—however, we divided the average forest carbon stocks values in half for the mosaic and burnt classes in GLC 2000.",carbon_sequestration,None,Mt C a^-1
Ecuador,39,0,<tr><td>D.R. Congo</td><td>22 986</td><td>22 657</td><td>36 672</td><td>24 020</td><td>20 416</td><td>20 416–36 672</td></tr>  <tr><td>Ecuador</td><td>941</td><td>1379</td><td>2071</td><td>351</td><td>—</td><td>351–2071</td></tr>  <tr><td>El Salvador</td><td>105</td><td>153</td><td>108</td><td>117</td><td>—</td><td>105–153</td></tr>  <tr><td>Eq. Guinea</td><td>304</td><td>313</td><td>474</td><td>330</td><td>268</td><td>268–474</td></tr>,carbon_sequestration,351,Mt C a^-1
forest carbon stocks,1,0,"**Abstract**Reducing carbon emissions from deforestation and degradation in developing countries is of central importance in efforts to combat climate change. Key scientific challenges must be addressed to prevent any policy roadblocks. Foremost among the challenges is quantifying nations’ carbon emissions from deforestation and forest degradation, which requires information on forest clearing and carbon storage. Here we review a range of methods available to estimate national-level forest carbon stocks in developing countries. While there are no practical methods to directly measure all forest carbon stocks across a country, both ground-based and remote-sensing measurements of forest attributes can be converted into estimates of national carbon stocks using allometric relationships. Here we synthesize, map and update prominent forest biomass carbon databases to create the first complete set of national-level forest carbon stock estimates. These forest carbon estimates expand on the default values recommended by the Intergovernmental Panel on Climate Change’s National Greenhouse Gas Inventory Guidelines and provide a range of globally consistent estimates.**Keywords:** deforestation, tropical forests, forest biomass, carbon stocks, emissions, forest inventory, UNFCCC, REDD, LULUCF, avoided deforestation**1. Introduction**",carbon_sequestration,None,Mt C a^-1
national carbon stocks,1,0,"**Abstract**Reducing carbon emissions from deforestation and degradation in developing countries is of central importance in efforts to combat climate change. Key scientific challenges must be addressed to prevent any policy roadblocks. Foremost among the challenges is quantifying nations’ carbon emissions from deforestation and forest degradation, which requires information on forest clearing and carbon storage. Here we review a range of methods available to estimate national-level forest carbon stocks in developing countries. While there are no practical methods to directly measure all forest carbon stocks across a country, both ground-based and remote-sensing measurements of forest attributes can be converted into estimates of national carbon stocks using allometric relationships. Here we synthesize, map and update prominent forest biomass carbon databases to create the first complete set of national-level forest carbon stock estimates. These forest carbon estimates expand on the default values recommended by the Intergovernmental Panel on Climate Change’s National Greenhouse Gas Inventory Guidelines and provide a range of globally consistent estimates.**Keywords:** deforestation, tropical forests, forest biomass, carbon stocks, emissions, forest inventory, UNFCCC, REDD, LULUCF, avoided deforestation**1. Introduction**",carbon_sequestration,None,Mt C a^-1
"Thenkabail P S, Enclona E A and Ashton M S 2004 Hyperion, IKONOS, ALI, and ETM+ sensors in the study of African rain forests Remote Sens. Environ. 90 23–43",95,0,"Thenkabail P S, Enclona E A and Ashton M S 2004 Hyperion, IKONOS, ALI, and ETM+ sensors in the study of African rain forests Remote Sens. Environ. 90 23–43Waring R H, Way J, Hunt E R Jr, Morrissey L, Ranson K J, Weishampel J F, Oren R and Franklin S E 1995 Imaging radar for ecosystem studies BioScience 45 715–23Watson R T, Noble I R, Bolin B, Ravindranath N H, Verardo D J and Dokken D J 2000 Land use, land-use change, and forestry Special Report of the Intergovernmental Panel on Climate Change (Cambridge: Cambridge University Press) p 375Westlake D F 1966 The biomass and productivity of glyceria maxima: I. Seasonal changes in biomass J. Ecol. 54 745–53",carbon_sequestration,None,Mt C a^-1
"DeFries et al 2005, 2007, Herold and Johns 2007, Olander et al 2007, Achard et al 2007",4,0,"Political acceptance and implementation of climate policies aimed at reducing carbon emissions from deforestation will require resolution of scientific challenges. Foremost among these challenges is identifying feasible approaches to assess national-level carbon emissions from deforestation and degradation in developing countries. To estimate emissions, we need to know the area of cleared forest and the amount of carbon that was stored in those forests. Methods to assess tropical deforestation are described elsewhere (DeFries et al 2005, 2007, Herold and Johns 2007, Olander et al 2007, Achard et al 2007). The purpose of this paper is to synthesize options to estimate national-level forest biomass carbon stocks in developing countries and propose methods to link forest carbon and deforestation estimates. Here we compile, update and map prominent forest biomass carbon databases to create the first complete set of national-level estimates.2. Overview of forest carbon stock measurements",carbon_sequestration,None,Mt C a^-1
Bolivia,77,0,"Brown S, Burnham M, Delaney M, Vaca R, Powell M and Moreno A 2000 Issues and challenges for forest-based carbon-offset projects: a case study of the Noel Kempff Climate Action Project in Bolivia Mitigat. Adaptat. Strateg. Clim. Change 5 99–121Brown S and Gaston G 1995 Use of forest inventories and geographic information systems to estimate biomass density of tropical forests: applications to tropical Africa Environ. Monit. Assess. 38 157–68Brown S, Gillespie A and Lugo A E 1989 Biomass estimation methods for tropical forests with applications to forest inventory data Forest Sci. 35 881–902Brown S, Iverson L R, Prasad A and Liu D 1993 Geographic distribution of carbon in biomass and soils of tropical Asian forests Geocarto Int. 8 45–59Brown S and Lugo A E 1984 Biomass of tropical forests: a new estimate based on forest Science 223 1290–3Brown S and Lugo A E 1992 Aboveground biomass estimates for tropical moist forests of the Brazilian Amazon Interciencia 17 8–18",carbon_sequestration,99,Mt C a^-1
IPCC (2006),48,0,"Once a country’s forest strata have been identified, the layout and number of plots needed to achieve a desired level of precision can be determined based on standards of acceptable sampling error. There are established methods and guidelines for determining the number, size, and distribution of sample<table>  <tr>    <th rowspan=""2"">Country</th>    <th colspan=""3"">Based on compilations of harvest data</th>    <th colspan=""2"">Based on forest inventory</th>    <th rowspan=""2"">Total range</th>  </tr>  <tr>    <th>Olson <i>et al</i> (1983)/Gibbs (2006)<sup>b</sup></th>    <th>Houghton (1999)/DeFries <i>et al</i> (2002)</th>    <th>IPCC (2006)<sup>c</sup></th>    <th>Brown (1997)/Achard <i>et al</i> (2002, 2004)</th>",carbon_sequestration,None,Mt C a^-1
Reichle 1981,17,0,"of analyses. Often, ‘best guesses’ are employed as multiple biome averages are combined or modified (e.g. Houghton 1999, Houghton et al 2001, Fearnside 2000, Watson et al 2000, IPCC 2006).Biome averages are based on two main sources of information: compilations of whole-tree harvest measurement data and analysis of forest inventory data archived by the United Nations Food and Agricultural Organization (FAO) and others.• Compilations of point-based biomass harvest measurement data provide direct estimates of the actual forest volume or biomass at a particular site (e.g. Whittaker and Likens 1973, Olson et al 1983, Reichle 1981, Brown and Lugo 1984). While highly accurate for specific locations, these data were collected to describe only very local conditions and cover a tiny portion of total forest area (Brown 1997). Consequently, these compilations could be highly biased (depending on where the individual point measurements are made), and provide only rough approximations of forest carbon stocks over larger spatial scales.",carbon_sequestration,None,Mt C a^-1
Madagascar,44,0,<tr><td>Madagascar</td><td>1043</td><td>1055</td><td>2114</td><td>1116</td><td>1796</td><td>1043–2114</td></tr>  <tr><td>Malawi</td><td>290</td><td>246</td><td>391</td><td>267</td><td>152</td><td>152–391</td></tr>  <tr><td>Malaysia</td><td>2405</td><td>4625</td><td>4821</td><td>2984</td><td>3994</td><td>2405–4821</td></tr>  <tr><td>Mexico</td><td>4361</td><td>5924</td><td>5790</td><td>4646</td><td>—</td><td>4361–5924</td></tr>,carbon_sequestration,1043,Mt C a^-1
mature forests,47,0,"Stratification of systematic and random sampling schemes by broad forest types greatly increases survey efficiency by reducing unnecessary sampling and ensuring that major variation has been captured. It is important to assess how forest carbon stocks vary across a country before designing a stratified sampling scheme (Brown 2002). This information is used to define sampling strata or broad forest categories with similar forest carbon stocks. Information on soil types, drainage class, elevation, topography and land-use history are likely universally important to understanding the spatial distribution of carbon stocks. We recommend developing a ‘stratification matrix’ for each country or region using broad forest types (e.g. evergreen broadleaf, palm forests, semi-deciduous dry forests) and forest conditions such as drainage (e.g. flooded or dry), slope (e.g. steep or flat), level of degradation (e.g. logged, fragmented, pristine) and age (e.g. young fallow, secondary forest, mature) (figure 1).",carbon_sequestration,None,Mt C a^-1
Tropical dry forest,28,0,<td>—</td>    <td>38</td>    <td>152</td>  </tr>  <tr>    <td>Tropical seasonal forest</td>    <td>—</td>    <td>—</td>    <td>17</td>    <td>72</td>  </tr>  <tr>    <td>Tropical dry forest</td>    <td>—</td>    <td>—</td>    <td>—</td>    <td>—</td>  </tr>  <tr>    <td>Closed forest</td>    <td>136</td>    <td>—</td>    <td>—</td>    <td>—</td>  </tr>  <tr>    <td>Open forest</td>    <td>30</td>    <td>36</td>    <td>—</td>    <td>—</td>,carbon_sequestration,None,Mt C a^-1
tropical forests,1,0,"**Abstract**Reducing carbon emissions from deforestation and degradation in developing countries is of central importance in efforts to combat climate change. Key scientific challenges must be addressed to prevent any policy roadblocks. Foremost among the challenges is quantifying nations’ carbon emissions from deforestation and forest degradation, which requires information on forest clearing and carbon storage. Here we review a range of methods available to estimate national-level forest carbon stocks in developing countries. While there are no practical methods to directly measure all forest carbon stocks across a country, both ground-based and remote-sensing measurements of forest attributes can be converted into estimates of national carbon stocks using allometric relationships. Here we synthesize, map and update prominent forest biomass carbon databases to create the first complete set of national-level forest carbon stock estimates. These forest carbon estimates expand on the default values recommended by the Intergovernmental Panel on Climate Change’s National Greenhouse Gas Inventory Guidelines and provide a range of globally consistent estimates.**Keywords:** deforestation, tropical forests, forest biomass, carbon stocks, emissions, forest inventory, UNFCCC, REDD, LULUCF, avoided deforestation**1. Introduction**",carbon_sequestration,None,Mt C a^-1
carbon,4,0,"Political acceptance and implementation of climate policies aimed at reducing carbon emissions from deforestation will require resolution of scientific challenges. Foremost among these challenges is identifying feasible approaches to assess national-level carbon emissions from deforestation and degradation in developing countries. To estimate emissions, we need to know the area of cleared forest and the amount of carbon that was stored in those forests. Methods to assess tropical deforestation are described elsewhere (DeFries et al 2005, 2007, Herold and Johns 2007, Olander et al 2007, Achard et al 2007). The purpose of this paper is to synthesize options to estimate national-level forest biomass carbon stocks in developing countries and propose methods to link forest carbon and deforestation estimates. Here we compile, update and map prominent forest biomass carbon databases to create the first complete set of national-level estimates.2. Overview of forest carbon stock measurements",carbon_sequestration,None,Mt C a^-1
understory vegetation,5,0,"The main carbon pools in tropical forest ecosystems are the living biomass of trees and understory vegetation and the dead mass of litter, woody debris and soil organic matter. The carbon stored in the aboveground living biomass of trees is typically the largest pool and the most directly impacted by deforestation and degradation. Thus, estimating aboveground forest biomass carbon is the most critical step in quantifying carbon stocks and fluxes from tropical forests, and the focus of this paper. Measurement protocols for other carbon pools are described elsewhere (e.g. Post et al 1999, Brown and Masera 2003, Pearson et al 2005a, IPCC 2006).",carbon_sequestration,None,Mt C a^-1
Brown 1997,24,0,"Generalized allometric equations also have the major advantage of being based on larger numbers of trees that span a wider range of diameters (Brown 1997, Chave et al 2005). An extensive review of allometric equations concluded that the pan-tropic models were ‘the best available’ way to estimate forest biomass and recommended them over local allometric models that may be based on less than 100 destructively sampled trees (Chave et al 2004). Chave et al (2005) developed generalized allometric equations for the pan-tropics based on an exceptionally large dataset of 2410 trees that can be used to accurately estimate forest carbon stocks across a wide range of forest types.The effort required to develop species- or location-specific relationships will not typically improve accuracy (Chambers et al 2001, Keller et al 2001, Chave et al 2005) but occasionally a localized relationship is warranted, as generalized equationsTable 2. Biome-average tropical forest biomass carbon stock estimates (t C/ha)a.",carbon_sequestration,None,Mt C a^-1
forest strata approach,69,0,"A major advantage of the forest strata approach is that carbon stock estimates could be applied to estimate emissions in the past, present and future, which is important for reference scenarios. Forest conditions will change over time, but the carbon estimates can still be applied as long as the forest classification reflects these changing conditions. A limitation of this approach is that forest carbon stocks for a particular area may be overestimated or underestimated if the forests in question differ from the average forest strata values (Houghton et al 2001, Houghton 2005).7. Accounting for forest degradation and condition",carbon_sequestration,None,Mt C a^-1
Thenkabail et al 2004,63,0,"The present suite of optical satellite sensors, such as Landsat, AVHRR and MODIS, cannot yet be used to estimate carbon stocks of tropical forests with certainty (Thenkabail et al 2004). Attempts have been made to estimate forest carbon stocks indirectly by developing statistical relationships between ground-based measurements and satellite-observed vegetation indices (e.g. Foody et al 2003, Lu 2005). But this method tends to underestimate carbon stocks in tropical forests where optical satellites are less effective due to dense canopy closure, and has been unsuccessful in generating broad or transferable relationships (Waring et al 1995). Nonetheless, optical remote-sensing systems are operational at the global scale and some satellite systems (Landsat and AVHRR) provide a globally consistent record for the last 30 years.5.2. Very high-resolution aerial imagery",carbon_sequestration,None,Mt C a^-1
geographically explicit datasets,9,0,"In this paper, we review and summarize a range of approaches that could be adapted to estimate forest carbon stocks across tropical countries at different tiers of detail and accuracy (table 1). Biome averages and new geographically explicit datasets, for instance, provide rough approximations that can be immediately used to estimate a nation’s carbon stocks (Tier 1). Ground-based measurements of tree diameters and height can be combined with predictive relationships to estimate forest carbon stocks (Tiers 2 and 3). Remote-sensing instruments mounted on satellites or airplanes can estimate tree volume and other proxies that can also be converted using statistical relationships with ground-based forest carbon measurements (Tiers 2 and 3). These approaches have varying benefits and limitations.3. Global estimates of forest carbon stocks: the biome-average approach",carbon_sequestration,None,Mt C a^-1
FAO ecological zone map,20,0,"Biome averages, however, are freely and immediately available and currently provide the only source of globally consistent forest carbon information. For these reasons, and despite the uncertainties, biome averages continue to be the most routinely used source of forest carbon stock data. Moreover, biome averages provide an important starting point for a country to assess the relative magnitude of their emissions from deforestation and degradation (IPCC Tier 1). Here we have compiled biome-average carbon stock estimates from prominent data sources (table 2). We attempted to trace the original source data and explain all modifications made by the biomass dataset producers, but that was not possible in every instance. We also standardized assumptions about carbon storage in different pools to allow true comparison.We calculated a range of forest carbon stock estimates for each tropical country by applying the standardized biome averages to the widely accepted forest classification scheme of the Global Land Cover 2000 (GLC 2000) vegetation map (stratified by FAO ecological zone map) and then overlaying country boundaries in a geographical information system (table 3).",carbon_sequestration,None,Mt C a^-1
source data,19,0,"Biomes likely represent the most important variation of forest carbon stocks because they account for major bioclimatic gradients such as temperature, precipitation and geologic substrate. However, forest carbon stocks vary further within each biome according to slope, elevation, drainage class, soil type and land-use history. An average value cannot adequately represent the variation for an entire forest category or country. Estimates of emissions from deforestation could be biased if the forests that are cleared have carbon stocks that systematically differ from the biome-average values (Houghton et al 2001, Houghton 2005). Further, the compilations of studies used to develop the biome averages generally focused on mature stands and were based on a few plots that may not adequately represent the biome or region. Use of biome averages is further constrained because it is very difficult to assess the uncertainty or accuracy of source data.",carbon_sequestration,None,Mt C a^-1
ground-based inventories,73,0,"Here we have provided IPCC Tier 1 estimates of national-level forest carbon stocks that can be used immediately by countries and policy-makers. Each country will need to use expert judgment based on financial, time and capacity constraints in deciding whether to use higher Tier methods. In many countries it may be more feasible to rely on ground-based inventories rather than remotely sensed data to estimate forest carbon stocks, as labor costs are often low compared to installing and managing high-tech remote-sensing equipment and expertise. However, satellite-based estimates of forest carbon stocks will likely be more accessible over the next decade as new technologies emerge and technical capacities are strengthened. Collecting additional ground-based data using an appropriate sampling design that accounts for both forest type and condition will be necessary regardless of method and a critical next step for improving the understanding of carbon stocks and fluxes in tropical forests.Acknowledgments",carbon_sequestration,None,Mt C a^-1
tropical countries,9,0,"In this paper, we review and summarize a range of approaches that could be adapted to estimate forest carbon stocks across tropical countries at different tiers of detail and accuracy (table 1). Biome averages and new geographically explicit datasets, for instance, provide rough approximations that can be immediately used to estimate a nation’s carbon stocks (Tier 1). Ground-based measurements of tree diameters and height can be combined with predictive relationships to estimate forest carbon stocks (Tiers 2 and 3). Remote-sensing instruments mounted on satellites or airplanes can estimate tree volume and other proxies that can also be converted using statistical relationships with ground-based forest carbon measurements (Tiers 2 and 3). These approaches have varying benefits and limitations.3. Global estimates of forest carbon stocks: the biome-average approach",carbon_sequestration,None,Mt C a^-1
forest degradation,58,0,"Many tropical countries have already conducted at least one inventory of all or part of their forest area that could supplement new analyses or serve as a ‘stopgap’ while additional data are collected. However, very few developing countries have comprehensive national inventories, and any existing sub-national inventories must be evaluated before further use (Brown 1997, FAO 2005).Figure 1. Generalized stratification matrix that uses forest type and condition to capture the major variation in forest carbon stocks. Specific matrices should be developed for each country or region. Emissions from forest degradation could be quantified by comparing estimates of carbon storage under different forest conditions.4.3. Mapping forest carbon stocks using existing inventory data",carbon_sequestration,None,Mt C a^-1
"Santilli M, Mouthino P, Schwartzman S, Nepstad D, Curran L and Nobre C 2005 Tropical deforestation and the Kyoto protocol Clim. Change 71 267–76",94,0,"Saatchi S S, Houghton R A, Dos Santos Alvala R C, Soares J V and Yu Y 2007 Distribution of aboveground live biomass in the Amazon Basin Glob. Change Biol. 13 816–37Sales M H, Souza C M Jr, Kyriakidis P C, Roberts D A and Vidal E 2007 Improving spatial distribution estimation of forest biomass with geostatistics: a case study for Rondonia, Brazil Ecol. Modelling 205 221–30Santilli M, Mouthino P, Schwartzman S, Nepstad D, Curran L and Nobre C 2005 Tropical deforestation and the Kyoto protocol Clim. Change 71 267–76Shimada M, Rosenqvist A, Watanabe M and Tadono T 2005 The polarimetric and interferometric potential of ALOS PALSAR Proc. POLInSAR 2005 (January 2005)Stephens B S et al 2007 Weak Northern and strong tropical land carbon uptake from vertical profiles of atmospheric CO$_2$ Science 316 1732–5",carbon_sequestration,267,Mt C a^-1
biomass dataset producers,20,0,"Biome averages, however, are freely and immediately available and currently provide the only source of globally consistent forest carbon information. For these reasons, and despite the uncertainties, biome averages continue to be the most routinely used source of forest carbon stock data. Moreover, biome averages provide an important starting point for a country to assess the relative magnitude of their emissions from deforestation and degradation (IPCC Tier 1). Here we have compiled biome-average carbon stock estimates from prominent data sources (table 2). We attempted to trace the original source data and explain all modifications made by the biomass dataset producers, but that was not possible in every instance. We also standardized assumptions about carbon storage in different pools to allow true comparison.We calculated a range of forest carbon stock estimates for each tropical country by applying the standardized biome averages to the widely accepted forest classification scheme of the Global Land Cover 2000 (GLC 2000) vegetation map (stratified by FAO ecological zone map) and then overlaying country boundaries in a geographical information system (table 3).",carbon_sequestration,None,Mt C a^-1
"Houghton, 1999",10,0,"Nearly all estimates of emissions from tropical deforestation are based on a handful of biome-average datasets where a single representative value of forest carbon per unit area (e.g. tonnes of C per hectare) is applied to broad forest categories or biomes (e.g. Fearnside 2000, Houghton 1999, Houghton et al 2001, DeFries et al 2002, Achard et al 2002, 2004, Ramankutty et al 2007). The earliest compilations of biome averages were made decades ago and have been subsequently updated and modified by the research community (e.g. Whittaker and Likens 1973, Ajtay et al 1979, Olson et al 1983, Brown and Lugo 1984, 1992). This continuous updating of biome averages makes it difficult to identify original data sources and other key information. Many contemporary estimates of forest carbon stocks are based on multiple versions or iterationsTable 1. Benefits and limitations of available methods to estimate national-level forest carbon stocks.",carbon_sequestration,None,Mt C a^-1
AVHRR,63,0,"The present suite of optical satellite sensors, such as Landsat, AVHRR and MODIS, cannot yet be used to estimate carbon stocks of tropical forests with certainty (Thenkabail et al 2004). Attempts have been made to estimate forest carbon stocks indirectly by developing statistical relationships between ground-based measurements and satellite-observed vegetation indices (e.g. Foody et al 2003, Lu 2005). But this method tends to underestimate carbon stocks in tropical forests where optical satellites are less effective due to dense canopy closure, and has been unsuccessful in generating broad or transferable relationships (Waring et al 1995). Nonetheless, optical remote-sensing systems are operational at the global scale and some satellite systems (Landsat and AVHRR) provide a globally consistent record for the last 30 years.5.2. Very high-resolution aerial imagery",carbon_sequestration,None,Mt C a^-1
1 November 2007,0,0,"# Monitoring and estimating tropical forest carbon stocks: making REDD a reality**Holly K Gibbs$^{1}$, Sandra Brown$^{2}$, John O Niles$^{3}$ and Jonathan A Foley$^{1}$**$^{1}$ Center for Sustainability and the Global Environment (SAGE), Nelson Institute for Environmental Studies, University of Wisconsin, 1710 University Avenue, Madison, WI 53726, USA$^{2}$ Winrock International, Ecosystem Services Unit, 1621 N Kent Street, Suite 1200, Arlington, VA 22207, USA$^{3}$ Carbon Conservation, 1226 E Mason Street, Santa Barbara, CA 93103, USAReceived 14 August 2007Accepted for publication 1 November 2007Published 5 December 2007Online at stacks.iop.org/ERL/2/045023",carbon_sequestration,None,Mt C a^-1
"Chambers J Q, Higuchi N, Tribuzy E S and Trumbore S E 2001 Carbon sink for a century Nature 410 429",79,0,"Cairns M A, Brown S, Helmer E H and Baumgardner G A 1997 Root biomass allocation in the world’s upland forests Oecologia 111 1–11Chambers J Q, Higuchi N, Tribuzy E S and Trumbore S E 2001 Carbon sink for a century Nature 410 429Chave J, Condit R, Aguilar S, Hernandez A, Lao S and Perez R 2004 Error propagation and scaling for tropical forest biomass estimates Phil. Trans. R. Soc. B 359 409–20Chave J et al 2005 Tree allometry and improved estimation of carbon stocks and balance in tropical forests Oecologia 145 87–9DeFries R, Achard F, Brown S, Herold M, Murdiyarso D, Schmalmadinger B and deSouza C 2007 Earth observations for estimating greenhouse gas emissions from deforestation in developing countries Environ. Sci. Policy 10 385–94",carbon_sequestration,429,Mt C a^-1
Dubayah R and Drake J B 2000 Lidar remote sensing for forestry applications J. Forestry 98 44–6,81,0,"Dubayah R and Drake J B 2000 Lidar remote sensing for forestry applications J. Forestry 98 44–6FAO (Food and Agricultural Organization of the United Nations) 2000 Global forest resources assessment 2000 FAO Forestry paper 140 479FAO (Food and Agricultural Organization of the United Nations) 2005 FAO Statistical database 2005 available at http://faostat.fao.org/ (accessed 2005-09-06)Fearnside P M 2000 Global warming and tropical land-use change: greenhouse gas emissions from biomass burning, decomposition and soils in forest conversion, shifting cultivation and secondary vegetation Clim. Change 46 115–58Fearnside P M and Laurance W F 2003 Comment on ‘Determination of deforestation rates of the world’s humid tropical forests’ Science 299 1015Fearnside P M and Laurance W F 2004 Tropical deforestation and greenhouse gas emissions Ecological Appl. 14 982–6",carbon_sequestration,44,Mt C a^-1
carbon stock measurements,4,0,"Political acceptance and implementation of climate policies aimed at reducing carbon emissions from deforestation will require resolution of scientific challenges. Foremost among these challenges is identifying feasible approaches to assess national-level carbon emissions from deforestation and degradation in developing countries. To estimate emissions, we need to know the area of cleared forest and the amount of carbon that was stored in those forests. Methods to assess tropical deforestation are described elsewhere (DeFries et al 2005, 2007, Herold and Johns 2007, Olander et al 2007, Achard et al 2007). The purpose of this paper is to synthesize options to estimate national-level forest biomass carbon stocks in developing countries and propose methods to link forest carbon and deforestation estimates. Here we compile, update and map prominent forest biomass carbon databases to create the first complete set of national-level estimates.2. Overview of forest carbon stock measurements",carbon_sequestration,None,Mt C a^-1
national-level forest biomass carbon stocks,4,0,"Political acceptance and implementation of climate policies aimed at reducing carbon emissions from deforestation will require resolution of scientific challenges. Foremost among these challenges is identifying feasible approaches to assess national-level carbon emissions from deforestation and degradation in developing countries. To estimate emissions, we need to know the area of cleared forest and the amount of carbon that was stored in those forests. Methods to assess tropical deforestation are described elsewhere (DeFries et al 2005, 2007, Herold and Johns 2007, Olander et al 2007, Achard et al 2007). The purpose of this paper is to synthesize options to estimate national-level forest biomass carbon stocks in developing countries and propose methods to link forest carbon and deforestation estimates. Here we compile, update and map prominent forest biomass carbon databases to create the first complete set of national-level estimates.2. Overview of forest carbon stock measurements",carbon_sequestration,None,Mt C a^-1
Douglas-Fir Western Hemlock forests,88,0,"Lefsky M A, Cohen W B, Acker S A, Parker G G, Spies T A and Harding D 1999 Lidar remote sensing of the canopy structure and biophysical properties of Douglas-Fir Western Hemlock forests—concepts and management Remote Sens. Environ. 70 339–61Le Toan T, Quegan S, Woodward I, Lomas M, Delbart N and Picard C 2004 Relating radar remote sensing of biomass to modeling of forest carbon budgets Clim. Change 76 379–402Lu D 2005 Aboveground biomass estimation using Landsat TM data in the Brazilian Amazon Int. J. Remote Sens. 26 2509–25MacDicken K 1997 A Guide to Monitoring Carbon Storage in Forestry and Agroforestry Projects (Arlington, VA: Winrock International)Malhi Y and Grace J 2000 Tropical forests and atmospheric carbon dioxide Trends Ecol. Evolut. 15 332–7",carbon_sequestration,None,Mt C a^-1
Southeast Asia,32,0,"e Estimated values were calculated by taking the average forest carbon stock estimate for each biome from Gibbs and Brown (2007a, 2007b) maps for Southeast Asia and Africa that represent actual forest carbon in the year 2000. FAO ecofloristic zones were used to identify biomes. Note that this estimate accounts for anthropogenic disturbances including land use and degradation while the other biome averages presented here represent carbon stocks of undisturbed forests. Gibbs and Brown (2007a, 2007b) are based on methods pioneered by Brown and colleagues using a rule-base GIS analysis to spatially extrapolated forest inventory data archived by the FAO based on climate, soils, topographic, population and land-use information and produce maps of forest carbon stocks in the 1980s (Brown et al 1993, Iverson et al 1994, Brown and Gaston 1995, Gaston et al 1998). Central and South America have not yet been mapped using this method. Belowground carbon stocks included by Brown and colleagues were based on root:shoot ratios calculated from previously published data and stratified by dry, seasonal and moist climate zones. Biomass values converted to carbon stocks using 0.5 carbon fraction.",carbon_sequestration,0.5,Mt C a^-1
Bangladesh,35,0,"<th>Brown (1997)/Achard <i>et al</i> (2002, 2004)</th>    <th>Gibbs and Brown (2007a, 2007b)</th>  </tr>  <tr><td>Angola</td><td>7811</td><td>6702</td><td>11 767</td><td>7215</td><td>3557</td><td>3557–11 767</td></tr>  <tr><td>Bangladesh</td><td>65</td><td>137</td><td>93</td><td>92</td><td>158</td><td>65–158</td></tr>  <tr><td>Belize</td><td>198</td><td>318</td><td>261</td><td>218</td><td>—</td><td>198–318</td></tr>",carbon_sequestration,65,Mt C a^-1
mosaic,55,0,"a Overview of methods used to develop table 3: In most cases, total forest carbon stocks per country were calculated by applying biome-average forest carbon values to a satellite-based global land cover map for the year 2000 (GLC 2000) stratified by the FAO forest ecological zone map (FAO 2001). Gibbs and Brown (2007a, 2007b) applied a rule-based model to the GLC 2000 map. Additional description of data sources can be found in table 2 footnotes. All values are for above- and belowground forest biomass carbon stocks (trunk, branches, roots). Units expressed as million tonnes of carbon (M t C). (1) We attempted to trace each biome average to the original source of data and explain all modifications made by the biomass dataset producers, but this was not always possible. (2) Forest classes from the global classification scheme of GLC 2000 include the following: broadleaved evergreen, broadleaved deciduous open, broadleaved deciduous closed, needleleaved evergreen, needleleaved deciduous, mixed leaf, mosaic, and burnt. All non-forest land cover categories were excluded. (3) Each data set provided different values for different biome types. If only a single forest class was provided it was applied universally to all of the above classes (open and closed). When more than one forest category was provided it was translated and applied accordingly. (4) Note that only Gibbs and Brown (2007a, 2007b) account for the impact of human disturbance on forest carbon stocks. All other estimates use the same biome-average carbon value for all forests within each broad class regardless of their condition—however, we divided the average forest carbon stocks values in half for the mosaic and burnt classes in GLC 2000.",carbon_sequestration,50,Mt C a^-1
LULUCF,1,0,"**Abstract**Reducing carbon emissions from deforestation and degradation in developing countries is of central importance in efforts to combat climate change. Key scientific challenges must be addressed to prevent any policy roadblocks. Foremost among the challenges is quantifying nations’ carbon emissions from deforestation and forest degradation, which requires information on forest clearing and carbon storage. Here we review a range of methods available to estimate national-level forest carbon stocks in developing countries. While there are no practical methods to directly measure all forest carbon stocks across a country, both ground-based and remote-sensing measurements of forest attributes can be converted into estimates of national carbon stocks using allometric relationships. Here we synthesize, map and update prominent forest biomass carbon databases to create the first complete set of national-level forest carbon stock estimates. These forest carbon estimates expand on the default values recommended by the Intergovernmental Panel on Climate Change’s National Greenhouse Gas Inventory Guidelines and provide a range of globally consistent estimates.**Keywords:** deforestation, tropical forests, forest biomass, carbon stocks, emissions, forest inventory, UNFCCC, REDD, LULUCF, avoided deforestation**1. Introduction**",carbon_sequestration,None,Mt C a^-1
D.R. Congo,39,0,<tr><td>D.R. Congo</td><td>22 986</td><td>22 657</td><td>36 672</td><td>24 020</td><td>20 416</td><td>20 416–36 672</td></tr>  <tr><td>Ecuador</td><td>941</td><td>1379</td><td>2071</td><td>351</td><td>—</td><td>351–2071</td></tr>  <tr><td>El Salvador</td><td>105</td><td>153</td><td>108</td><td>117</td><td>—</td><td>105–153</td></tr>  <tr><td>Eq. Guinea</td><td>304</td><td>313</td><td>474</td><td>330</td><td>268</td><td>268–474</td></tr>,carbon_sequestration,22 986,Mt C a^-1
Amazon Basin,60,0,"The spatial distribution of forest carbon in the Amazon remains uncertain (Houghton et al 2001) but recent efforts have had more success extending a few reliable ground-based estimates of carbon density to larger scales. For example, Saatchi et al (2007) developed a map for the Amazon Basin using a method related to Brown’s but based more heavily on remotely sensed indices. Sales et al (2007) were also successful in using geostatistics to extrapolate the RADAMBRASIL forest inventory data across Rondonia, Brazil.5. Remote-sensing options",carbon_sequestration,None,Mt C a^-1
"Brown S, Pearson T, Slaymaker D, Ambagis S, Moore N, Novelo D and Sabido W 2005 Creating a virtual tropical forest from three-dimensional aerial imagery: application for estimating carbon stocks Ecol. Appl. 15 1083–95",78,0,"Brown S and Masera O 2003 Supplementary methods and good practice guidance arising from the Kyoto Protocol, section 4.3 LULUCF projects Good Practice Guidance For Land Use, Land-Use Change and Forestry, Intergovernmental Panel on Climate Change National Greenhouse Gas Inventories Programme ed J Penman, M Gytartsky, T Hiraishi, T Krug, D Kruger, R Pipatti, L Buendia, K Miwa, T Ngara, K Tanabe and F Wagner (Kanagawa: Institute for Global Environmental Strategies (IGES)) pp 4.89–4.120Brown S and Pearson T 2005 Cost comparison of the M3DADI system and conventional field methods for monitoring carbon stocks in forests Report to The Nature Conservancy (Arlington, VA: Winrock International)Brown S, Pearson T, Slaymaker D, Ambagis S, Moore N, Novelo D and Sabido W 2005 Creating a virtual tropical forest from three-dimensional aerial imagery: application for estimating carbon stocks Ecol. Appl. 15 1083–95",carbon_sequestration,1083,Mt C a^-1
CA 93103,0,0,"# Monitoring and estimating tropical forest carbon stocks: making REDD a reality**Holly K Gibbs$^{1}$, Sandra Brown$^{2}$, John O Niles$^{3}$ and Jonathan A Foley$^{1}$**$^{1}$ Center for Sustainability and the Global Environment (SAGE), Nelson Institute for Environmental Studies, University of Wisconsin, 1710 University Avenue, Madison, WI 53726, USA$^{2}$ Winrock International, Ecosystem Services Unit, 1621 N Kent Street, Suite 1200, Arlington, VA 22207, USA$^{3}$ Carbon Conservation, 1226 E Mason Street, Santa Barbara, CA 93103, USAReceived 14 August 2007Accepted for publication 1 November 2007Published 5 December 2007Online at stacks.iop.org/ERL/2/045023",carbon_sequestration,None,Mt C a^-1
biomes,19,0,"Biomes likely represent the most important variation of forest carbon stocks because they account for major bioclimatic gradients such as temperature, precipitation and geologic substrate. However, forest carbon stocks vary further within each biome according to slope, elevation, drainage class, soil type and land-use history. An average value cannot adequately represent the variation for an entire forest category or country. Estimates of emissions from deforestation could be biased if the forests that are cleared have carbon stocks that systematically differ from the biome-average values (Houghton et al 2001, Houghton 2005). Further, the compilations of studies used to develop the biome averages generally focused on mature stands and were based on a few plots that may not adequately represent the biome or region. Use of biome averages is further constrained because it is very difficult to assess the uncertainty or accuracy of source data.",carbon_sequestration,None,Mt C a^-1
soil type,19,0,"Biomes likely represent the most important variation of forest carbon stocks because they account for major bioclimatic gradients such as temperature, precipitation and geologic substrate. However, forest carbon stocks vary further within each biome according to slope, elevation, drainage class, soil type and land-use history. An average value cannot adequately represent the variation for an entire forest category or country. Estimates of emissions from deforestation could be biased if the forests that are cleared have carbon stocks that systematically differ from the biome-average values (Houghton et al 2001, Houghton 2005). Further, the compilations of studies used to develop the biome averages generally focused on mature stands and were based on a few plots that may not adequately represent the biome or region. Use of biome averages is further constrained because it is very difficult to assess the uncertainty or accuracy of source data.",carbon_sequestration,None,Mt C a^-1
Lu 2005,63,0,"The present suite of optical satellite sensors, such as Landsat, AVHRR and MODIS, cannot yet be used to estimate carbon stocks of tropical forests with certainty (Thenkabail et al 2004). Attempts have been made to estimate forest carbon stocks indirectly by developing statistical relationships between ground-based measurements and satellite-observed vegetation indices (e.g. Foody et al 2003, Lu 2005). But this method tends to underestimate carbon stocks in tropical forests where optical satellites are less effective due to dense canopy closure, and has been unsuccessful in generating broad or transferable relationships (Waring et al 1995). Nonetheless, optical remote-sensing systems are operational at the global scale and some satellite systems (Landsat and AVHRR) provide a globally consistent record for the last 30 years.5.2. Very high-resolution aerial imagery",carbon_sequestration,None,Mt C a^-1
Angola,35,0,"<th>Brown (1997)/Achard <i>et al</i> (2002, 2004)</th>    <th>Gibbs and Brown (2007a, 2007b)</th>  </tr>  <tr><td>Angola</td><td>7811</td><td>6702</td><td>11 767</td><td>7215</td><td>3557</td><td>3557–11 767</td></tr>  <tr><td>Bangladesh</td><td>65</td><td>137</td><td>93</td><td>92</td><td>158</td><td>65–158</td></tr>  <tr><td>Belize</td><td>198</td><td>318</td><td>261</td><td>218</td><td>—</td><td>198–318</td></tr>",carbon_sequestration,3557,Mt C a^-1
"Santilli et al (2005) - Developing countries with few economic or policy incentives to reduce emissions from land-use change. No specific countries mentioned, but implied to be tropical forest countries. However, the text does not explicitly mention any countries. ",3,0,"Despite the importance of avoiding deforestation and associated emissions, developing countries have had few economic or policy incentives to reduce emissions from land-use change (Santilli *et al* 2005). ‘Avoided deforestation’ projects were excluded from the 2008–2012 first commitment period of the Kyoto Protocol because of concerns about diluting fossil fuel reductions, sovereignty and methods to measure emissions reductions (Niles 2002, Gullison *et al* 2007). More recently the importance of including emissions reductions from tropical deforestation in future climate change policy has grown. The United Nations Framework Convention on Climate Change recently agreed to study and consider a new initiative, led by forest-rich developing countries, that calls for economic incentives to help facilitate reductionsin emissions from deforestation in developing countries (REDD).The REDD concept is—at its core—a proposal to provide financial incentives to help developing countries voluntarily reduce national deforestation rates and associated carbon emissions below a baseline (based either on a historical reference case or future projection). Countries that demonstrate emissions reductions may be able to sell those carbon credits on the international carbon market or elsewhere. These emissions reductions could simultaneously combat climate change, conserve biodiversity and protect other ecosystem goods and services.",carbon_sequestration,None,Mt C a^-1
"Ajtay et al, 1979",10,0,"Nearly all estimates of emissions from tropical deforestation are based on a handful of biome-average datasets where a single representative value of forest carbon per unit area (e.g. tonnes of C per hectare) is applied to broad forest categories or biomes (e.g. Fearnside 2000, Houghton 1999, Houghton et al 2001, DeFries et al 2002, Achard et al 2002, 2004, Ramankutty et al 2007). The earliest compilations of biome averages were made decades ago and have been subsequently updated and modified by the research community (e.g. Whittaker and Likens 1973, Ajtay et al 1979, Olson et al 1983, Brown and Lugo 1984, 1992). This continuous updating of biome averages makes it difficult to identify original data sources and other key information. Many contemporary estimates of forest carbon stocks are based on multiple versions or iterationsTable 1. Benefits and limitations of available methods to estimate national-level forest carbon stocks.",carbon_sequestration,None,Mt C a^-1
countries,46,0,"or group of countries as land-use history and environmental conditions likely vary across political boundaries.Systematic and random sampling designs are the two broad types of schemes used to estimate forest carbon stocks at the country level (Paciomik and Rypdal 2003). Systematic sampling uses a regularly spaced grid to identify plot locations across an entire region, while random sampling chooses plot locations by chance. Without stratification, both schemes may over- or under-sample because patterns in nature are inherently clumpy and not likely to be randomly distributed.",carbon_sequestration,None,Mt C a^-1
Guinea,41,0,<tr><td>Ghana</td><td>880</td><td>612</td><td>2172</td><td>678</td><td>609</td><td>609–2172</td></tr>  <tr><td>Guatemala</td><td>787</td><td>1147</td><td>923</td><td>823</td><td>—</td><td>787–1147</td></tr>  <tr><td>Guinea</td><td>854</td><td>598</td><td>2051</td><td>664</td><td>973</td><td>598–2051</td></tr>  <tr><td>Guin.-Bissau</td><td>204</td><td>145</td><td>381</td><td>161</td><td>78</td><td>78–381</td></tr>,carbon_sequestration,598,Mt C a^-1
Thailand,52,0,<tr><td>Sri Lanka</td><td>302</td><td>509</td><td>296</td><td>400</td><td>138</td><td>138–509</td></tr>  <tr><td>Surinam</td><td>1793</td><td>2753</td><td>2330</td><td>663</td><td>—</td><td>663–2753</td></tr>  <tr><td>Tanzania</td><td>2716</td><td>2221</td><td>3400</td><td>2409</td><td>1281</td><td>1281–3400</td></tr>  <tr><td>Thailand</td><td>1346</td><td>2489</td><td>2215</td><td>1923</td><td>2104</td><td>1346–2489</td></tr>,carbon_sequestration,2104,Mt C a^-1
Brown,18,0,"• Analysis of forest inventory data archived by the FAO and others have also been used to develop biome averages. Forest inventory data can provide high quality information for a particular region, but existinginventories were generally not collected using sampling schemes appropriate for the biome scale. Country-level estimates of forest carbon stocks reported in the FAO Forest Resources Assessments are also based on forest inventory data, but these estimates are highly suspect because of inadequate sampling for the national scale and inconsistent methods (Brown 1997, FAO 2000, 2005). In the latest FAO report, national forest carbon estimates based on inventory data remain very questionable, with more than half of tropical countries relying on ‘best guesses’ rather than actual measurements (FAO 2005).",carbon_sequestration,1997,Mt C a^-1
Chave et al 2005,24,0,"Generalized allometric equations also have the major advantage of being based on larger numbers of trees that span a wider range of diameters (Brown 1997, Chave et al 2005). An extensive review of allometric equations concluded that the pan-tropic models were ‘the best available’ way to estimate forest biomass and recommended them over local allometric models that may be based on less than 100 destructively sampled trees (Chave et al 2004). Chave et al (2005) developed generalized allometric equations for the pan-tropics based on an exceptionally large dataset of 2410 trees that can be used to accurately estimate forest carbon stocks across a wide range of forest types.The effort required to develop species- or location-specific relationships will not typically improve accuracy (Chambers et al 2001, Keller et al 2001, Chave et al 2005) but occasionally a localized relationship is warranted, as generalized equationsTable 2. Biome-average tropical forest biomass carbon stock estimates (t C/ha)a.",carbon_sequestration,2410,Mt C a^-1
satellite-based forest map,68,0,"To estimate carbon emissions it is necessary to know the area deforested and the amount of carbon these forests stored. Deforestation will likely be assessed using remote sensing and ideally the same observations will be used both to estimate deforestation and to design the forest carbon sampling matrix and scheme. If forest carbon stocks are collected according to a stratified sampling design it is important that deforestation is estimated for those same strata either through ‘wall-to-wall’ mapping or by ‘targeting sampling’ using the same stratified sampling scheme (DeFries et al 2005, 2007, Olander et al 2007). The average carbon stock value for each forest strata can be applied to the satellite-based forest map to estimate national-level forest carbon stocks or to a map of deforestation to estimate national-level forest emissions. Changes in carbon stocks and emissions could be monitored from satellite-based observations of deforestation once the broad spatial distribution of carbon stocks is well established (assuming deforestation and carbon assessments are compatible).",carbon_sequestration,None,Mt C a^-1
Olander et al 2007,68,0,"To estimate carbon emissions it is necessary to know the area deforested and the amount of carbon these forests stored. Deforestation will likely be assessed using remote sensing and ideally the same observations will be used both to estimate deforestation and to design the forest carbon sampling matrix and scheme. If forest carbon stocks are collected according to a stratified sampling design it is important that deforestation is estimated for those same strata either through ‘wall-to-wall’ mapping or by ‘targeting sampling’ using the same stratified sampling scheme (DeFries et al 2005, 2007, Olander et al 2007). The average carbon stock value for each forest strata can be applied to the satellite-based forest map to estimate national-level forest carbon stocks or to a map of deforestation to estimate national-level forest emissions. Changes in carbon stocks and emissions could be monitored from satellite-based observations of deforestation once the broad spatial distribution of carbon stocks is well established (assuming deforestation and carbon assessments are compatible).",carbon_sequestration,None,Mt C a^-1
Tier 2,9,0,"In this paper, we review and summarize a range of approaches that could be adapted to estimate forest carbon stocks across tropical countries at different tiers of detail and accuracy (table 1). Biome averages and new geographically explicit datasets, for instance, provide rough approximations that can be immediately used to estimate a nation’s carbon stocks (Tier 1). Ground-based measurements of tree diameters and height can be combined with predictive relationships to estimate forest carbon stocks (Tiers 2 and 3). Remote-sensing instruments mounted on satellites or airplanes can estimate tree volume and other proxies that can also be converted using statistical relationships with ground-based forest carbon measurements (Tiers 2 and 3). These approaches have varying benefits and limitations.3. Global estimates of forest carbon stocks: the biome-average approach",carbon_sequestration,None,Mt C a^-1
Peru,50,0,<tr><td>Panama</td><td>509</td><td>763</td><td>685</td><td>549</td><td>—</td><td>509–763</td></tr>  <tr><td>PNG</td><td>4154</td><td>8037</td><td>7075</td><td>5160</td><td>—</td><td>4154–8037</td></tr>  <tr><td>Paraguay</td><td>2831</td><td>3659</td><td>3063</td><td>1087</td><td>—</td><td>1087–3659</td></tr>  <tr><td>Peru</td><td>7694</td><td>11 521</td><td>13 241</td><td>2782</td><td>—</td><td>2782–13 241</td></tr>,carbon_sequestration,2782,Mt C a^-1
developing countries,4,0,"Political acceptance and implementation of climate policies aimed at reducing carbon emissions from deforestation will require resolution of scientific challenges. Foremost among these challenges is identifying feasible approaches to assess national-level carbon emissions from deforestation and degradation in developing countries. To estimate emissions, we need to know the area of cleared forest and the amount of carbon that was stored in those forests. Methods to assess tropical deforestation are described elsewhere (DeFries et al 2005, 2007, Herold and Johns 2007, Olander et al 2007, Achard et al 2007). The purpose of this paper is to synthesize options to estimate national-level forest biomass carbon stocks in developing countries and propose methods to link forest carbon and deforestation estimates. Here we compile, update and map prominent forest biomass carbon databases to create the first complete set of national-level estimates.2. Overview of forest carbon stock measurements",carbon_sequestration,None,Mt C a^-1
IPCC (2006) default values,22,0,"These are the only estimates of country-level forest carbon stocks to date, and provide an important reference point for policy discussions. The estimates based on the IPCC (2006) default values provide Tier 1 estimates of national carbon stocks that can be used immediately. The other estimates are based on prominent estimates of carbon emissions from deforestation at the global scale (Houghton et al 2001, DeFries et al 2002, Achard et al 2002, 2004). The ground-based and remote-sensing approaches described next could help refine forest carbon stocks estimates for REDD and other incentive mechanisms to reduce emissions from deforestation.4. Ground-based forest inventory dataField campaigns focused on forest inventory measurements and direct estimation of aboveground biomass through destructive harvesting could greatly improve our quantification of forest carbon stocks. Measurements of diameter at breast height (DBH) alone or in combination with tree height can be converted to estimates of forest carbon stocks using allometric relationships. Allometric equations statistically relate these measured forest attributes to destructive harvest measurements, and exist for most forests (e.g. Brown 1997, Chave et al 2005, Keller et al 2001).",carbon_sequestration,None,Mt C a^-1
Carbon Conservation,0,0,"# Monitoring and estimating tropical forest carbon stocks: making REDD a reality**Holly K Gibbs$^{1}$, Sandra Brown$^{2}$, John O Niles$^{3}$ and Jonathan A Foley$^{1}$**$^{1}$ Center for Sustainability and the Global Environment (SAGE), Nelson Institute for Environmental Studies, University of Wisconsin, 1710 University Avenue, Madison, WI 53726, USA$^{2}$ Winrock International, Ecosystem Services Unit, 1621 N Kent Street, Suite 1200, Arlington, VA 22207, USA$^{3}$ Carbon Conservation, 1226 E Mason Street, Santa Barbara, CA 93103, USAReceived 14 August 2007Accepted for publication 1 November 2007Published 5 December 2007Online at stacks.iop.org/ERL/2/045023",carbon_sequestration,None,Mt C a^-1
Fearnside P M and Laurance W F 2003 Comment on ‘Determination of deforestation rates of the world’s humid tropical forests’ Science 299 1015,81,0,"Dubayah R and Drake J B 2000 Lidar remote sensing for forestry applications J. Forestry 98 44–6FAO (Food and Agricultural Organization of the United Nations) 2000 Global forest resources assessment 2000 FAO Forestry paper 140 479FAO (Food and Agricultural Organization of the United Nations) 2005 FAO Statistical database 2005 available at http://faostat.fao.org/ (accessed 2005-09-06)Fearnside P M 2000 Global warming and tropical land-use change: greenhouse gas emissions from biomass burning, decomposition and soils in forest conversion, shifting cultivation and secondary vegetation Clim. Change 46 115–58Fearnside P M and Laurance W F 2003 Comment on ‘Determination of deforestation rates of the world’s humid tropical forests’ Science 299 1015Fearnside P M and Laurance W F 2004 Tropical deforestation and greenhouse gas emissions Ecological Appl. 14 982–6",carbon_sequestration,None,Mt C a^-1
above- and belowground forest biomass carbon stocks,55,0,"a Overview of methods used to develop table 3: In most cases, total forest carbon stocks per country were calculated by applying biome-average forest carbon values to a satellite-based global land cover map for the year 2000 (GLC 2000) stratified by the FAO forest ecological zone map (FAO 2001). Gibbs and Brown (2007a, 2007b) applied a rule-based model to the GLC 2000 map. Additional description of data sources can be found in table 2 footnotes. All values are for above- and belowground forest biomass carbon stocks (trunk, branches, roots). Units expressed as million tonnes of carbon (M t C). (1) We attempted to trace each biome average to the original source of data and explain all modifications made by the biomass dataset producers, but this was not always possible. (2) Forest classes from the global classification scheme of GLC 2000 include the following: broadleaved evergreen, broadleaved deciduous open, broadleaved deciduous closed, needleleaved evergreen, needleleaved deciduous, mixed leaf, mosaic, and burnt. All non-forest land cover categories were excluded. (3) Each data set provided different values for different biome types. If only a single forest class was provided it was applied universally to all of the above classes (open and closed). When more than one forest category was provided it was translated and applied accordingly. (4) Note that only Gibbs and Brown (2007a, 2007b) account for the impact of human disturbance on forest carbon stocks. All other estimates use the same biome-average carbon value for all forests within each broad class regardless of their condition—however, we divided the average forest carbon stocks values in half for the mosaic and burnt classes in GLC 2000.",carbon_sequestration,M t C,Mt C a^-1
deforestation estimates,4,0,"Political acceptance and implementation of climate policies aimed at reducing carbon emissions from deforestation will require resolution of scientific challenges. Foremost among these challenges is identifying feasible approaches to assess national-level carbon emissions from deforestation and degradation in developing countries. To estimate emissions, we need to know the area of cleared forest and the amount of carbon that was stored in those forests. Methods to assess tropical deforestation are described elsewhere (DeFries et al 2005, 2007, Herold and Johns 2007, Olander et al 2007, Achard et al 2007). The purpose of this paper is to synthesize options to estimate national-level forest biomass carbon stocks in developing countries and propose methods to link forest carbon and deforestation estimates. Here we compile, update and map prominent forest biomass carbon databases to create the first complete set of national-level estimates.2. Overview of forest carbon stock measurements",carbon_sequestration,None,Mt C a^-1
John O Niles,0,0,"# Monitoring and estimating tropical forest carbon stocks: making REDD a reality**Holly K Gibbs$^{1}$, Sandra Brown$^{2}$, John O Niles$^{3}$ and Jonathan A Foley$^{1}$**$^{1}$ Center for Sustainability and the Global Environment (SAGE), Nelson Institute for Environmental Studies, University of Wisconsin, 1710 University Avenue, Madison, WI 53726, USA$^{2}$ Winrock International, Ecosystem Services Unit, 1621 N Kent Street, Suite 1200, Arlington, VA 22207, USA$^{3}$ Carbon Conservation, 1226 E Mason Street, Santa Barbara, CA 93103, USAReceived 14 August 2007Accepted for publication 1 November 2007Published 5 December 2007Online at stacks.iop.org/ERL/2/045023",carbon_sequestration,None,Mt C a^-1
mixed leaf,55,0,"a Overview of methods used to develop table 3: In most cases, total forest carbon stocks per country were calculated by applying biome-average forest carbon values to a satellite-based global land cover map for the year 2000 (GLC 2000) stratified by the FAO forest ecological zone map (FAO 2001). Gibbs and Brown (2007a, 2007b) applied a rule-based model to the GLC 2000 map. Additional description of data sources can be found in table 2 footnotes. All values are for above- and belowground forest biomass carbon stocks (trunk, branches, roots). Units expressed as million tonnes of carbon (M t C). (1) We attempted to trace each biome average to the original source of data and explain all modifications made by the biomass dataset producers, but this was not always possible. (2) Forest classes from the global classification scheme of GLC 2000 include the following: broadleaved evergreen, broadleaved deciduous open, broadleaved deciduous closed, needleleaved evergreen, needleleaved deciduous, mixed leaf, mosaic, and burnt. All non-forest land cover categories were excluded. (3) Each data set provided different values for different biome types. If only a single forest class was provided it was applied universally to all of the above classes (open and closed). When more than one forest category was provided it was translated and applied accordingly. (4) Note that only Gibbs and Brown (2007a, 2007b) account for the impact of human disturbance on forest carbon stocks. All other estimates use the same biome-average carbon value for all forests within each broad class regardless of their condition—however, we divided the average forest carbon stocks values in half for the mosaic and burnt classes in GLC 2000.",carbon_sequestration,None,Mt C a^-1
carbon stocks,5,0,"The main carbon pools in tropical forest ecosystems are the living biomass of trees and understory vegetation and the dead mass of litter, woody debris and soil organic matter. The carbon stored in the aboveground living biomass of trees is typically the largest pool and the most directly impacted by deforestation and degradation. Thus, estimating aboveground forest biomass carbon is the most critical step in quantifying carbon stocks and fluxes from tropical forests, and the focus of this paper. Measurement protocols for other carbon pools are described elsewhere (e.g. Post et al 1999, Brown and Masera 2003, Pearson et al 2005a, IPCC 2006).",carbon_sequestration,None,Mt C a^-1
"Achard et al, 2002, 2004",10,0,"Nearly all estimates of emissions from tropical deforestation are based on a handful of biome-average datasets where a single representative value of forest carbon per unit area (e.g. tonnes of C per hectare) is applied to broad forest categories or biomes (e.g. Fearnside 2000, Houghton 1999, Houghton et al 2001, DeFries et al 2002, Achard et al 2002, 2004, Ramankutty et al 2007). The earliest compilations of biome averages were made decades ago and have been subsequently updated and modified by the research community (e.g. Whittaker and Likens 1973, Ajtay et al 1979, Olson et al 1983, Brown and Lugo 1984, 1992). This continuous updating of biome averages makes it difficult to identify original data sources and other key information. Many contemporary estimates of forest carbon stocks are based on multiple versions or iterationsTable 1. Benefits and limitations of available methods to estimate national-level forest carbon stocks.",carbon_sequestration,None,Mt C a^-1
satellite-based observations of deforestation,68,0,"To estimate carbon emissions it is necessary to know the area deforested and the amount of carbon these forests stored. Deforestation will likely be assessed using remote sensing and ideally the same observations will be used both to estimate deforestation and to design the forest carbon sampling matrix and scheme. If forest carbon stocks are collected according to a stratified sampling design it is important that deforestation is estimated for those same strata either through ‘wall-to-wall’ mapping or by ‘targeting sampling’ using the same stratified sampling scheme (DeFries et al 2005, 2007, Olander et al 2007). The average carbon stock value for each forest strata can be applied to the satellite-based forest map to estimate national-level forest carbon stocks or to a map of deforestation to estimate national-level forest emissions. Changes in carbon stocks and emissions could be monitored from satellite-based observations of deforestation once the broad spatial distribution of carbon stocks is well established (assuming deforestation and carbon assessments are compatible).",carbon_sequestration,None,Mt C a^-1
Houghton et al 1991,31,0,"c Used values from Houghton and Hackler (2001), which was based on a compilation of harvest measurements from ecological studies and originally published in Houghton (1999); ‘The values were obtained from summaries of global vegetation Whittaker and Likens (1973), Ajtay et al (1979), Olson et al (1983) as well as from regional studies (for additional sources see Melillo et al 1988, Houghton et al 1991, Houghton and Hackler 1995)’ (Houghton 1999: p 302). Values include aboveground, belowground and groundcover carbon stocks.d Estimated values based on Brown (1997), which was based on forest inventory data and converted to carbon stocks using allometric relationships. Achard et al (2002, 2004) increased values by 20% for root carbon stocks. Here, we report mean values; Achard et al (2004) added a range by adding ±20%.",carbon_sequestration,None,Mt C a^-1
trunk,55,0,"a Overview of methods used to develop table 3: In most cases, total forest carbon stocks per country were calculated by applying biome-average forest carbon values to a satellite-based global land cover map for the year 2000 (GLC 2000) stratified by the FAO forest ecological zone map (FAO 2001). Gibbs and Brown (2007a, 2007b) applied a rule-based model to the GLC 2000 map. Additional description of data sources can be found in table 2 footnotes. All values are for above- and belowground forest biomass carbon stocks (trunk, branches, roots). Units expressed as million tonnes of carbon (M t C). (1) We attempted to trace each biome average to the original source of data and explain all modifications made by the biomass dataset producers, but this was not always possible. (2) Forest classes from the global classification scheme of GLC 2000 include the following: broadleaved evergreen, broadleaved deciduous open, broadleaved deciduous closed, needleleaved evergreen, needleleaved deciduous, mixed leaf, mosaic, and burnt. All non-forest land cover categories were excluded. (3) Each data set provided different values for different biome types. If only a single forest class was provided it was applied universally to all of the above classes (open and closed). When more than one forest category was provided it was translated and applied accordingly. (4) Note that only Gibbs and Brown (2007a, 2007b) account for the impact of human disturbance on forest carbon stocks. All other estimates use the same biome-average carbon value for all forests within each broad class regardless of their condition—however, we divided the average forest carbon stocks values in half for the mosaic and burnt classes in GLC 2000.",carbon_sequestration,None,Mt C a^-1
14 August 2007,0,0,"# Monitoring and estimating tropical forest carbon stocks: making REDD a reality**Holly K Gibbs$^{1}$, Sandra Brown$^{2}$, John O Niles$^{3}$ and Jonathan A Foley$^{1}$**$^{1}$ Center for Sustainability and the Global Environment (SAGE), Nelson Institute for Environmental Studies, University of Wisconsin, 1710 University Avenue, Madison, WI 53726, USA$^{2}$ Winrock International, Ecosystem Services Unit, 1621 N Kent Street, Suite 1200, Arlington, VA 22207, USA$^{3}$ Carbon Conservation, 1226 E Mason Street, Santa Barbara, CA 93103, USAReceived 14 August 2007Accepted for publication 1 November 2007Published 5 December 2007Online at stacks.iop.org/ERL/2/045023",carbon_sequestration,14,Mt C a^-1
Landsat,12,0,"<td>Relates ground-based measurements of tree diameters or volume to forest carbon stocks using allometric relationships</td>    <td>      <ul>        <li>Generic relationships readily available</li>        <li>Low-tech method widely understood</li>        <li>Can be relatively inexpensive as field-labor is largest cost</li>      </ul>    </td>    <td>      <ul>        <li>Generic relationships not appropriate for all regions</li>        <li>Can be expensive and slow</li>        <li>Challenging to produce globally consistent results</li>      </ul>    </td>    <td>Low</td>  </tr>  <tr>    <td>Optical remote sensors</td>    <td>      <ul>        <li>Uses visible and infrared wavelengths to measure spectral indices and correlate to ground-based forest carbon measurements</li>        <li>Ex: Landsat, MODIS</li>      </ul>    </td>    <td>      <ul>",carbon_sequestration,None,Mt C a^-1
Generic relationships,12,0,"<td>Relates ground-based measurements of tree diameters or volume to forest carbon stocks using allometric relationships</td>    <td>      <ul>        <li>Generic relationships readily available</li>        <li>Low-tech method widely understood</li>        <li>Can be relatively inexpensive as field-labor is largest cost</li>      </ul>    </td>    <td>      <ul>        <li>Generic relationships not appropriate for all regions</li>        <li>Can be expensive and slow</li>        <li>Challenging to produce globally consistent results</li>      </ul>    </td>    <td>Low</td>  </tr>  <tr>    <td>Optical remote sensors</td>    <td>      <ul>        <li>Uses visible and infrared wavelengths to measure spectral indices and correlate to ground-based forest carbon measurements</li>        <li>Ex: Landsat, MODIS</li>      </ul>    </td>    <td>      <ul>",carbon_sequestration,None,Mt C a^-1
dead mass of litter,5,0,"The main carbon pools in tropical forest ecosystems are the living biomass of trees and understory vegetation and the dead mass of litter, woody debris and soil organic matter. The carbon stored in the aboveground living biomass of trees is typically the largest pool and the most directly impacted by deforestation and degradation. Thus, estimating aboveground forest biomass carbon is the most critical step in quantifying carbon stocks and fluxes from tropical forests, and the focus of this paper. Measurement protocols for other carbon pools are described elsewhere (e.g. Post et al 1999, Brown and Masera 2003, Pearson et al 2005a, IPCC 2006).",carbon_sequestration,None,Mt C a^-1
McGroddy et al 2004,33,0,"f IPCC (2006) default values for forest biomass; based mostly on Penman et al (2003), which is in turn based on interpretation of compilations of published studies. We converted the biomass values presented in table 4.7 of IPCC (2006) to carbon stocks using the IPCC default 0.47 carbon fraction (McGroddy et al 2004). We added in the belowground carbon stocks using the ratio of belowground biomass to aboveground biomass in table 4.4 of IPCC (2006); Average values were used in all cases.g Values here are for continental and insular Southeast Asia, respectively.may not adequately represent all forest types in all areas. Destructive sampling of 2–3 large trees should be used to check the validity of an allometric equation for specific locations (Brown 2002). This type of validation will be particularly important for Africa where there are very few ground-based datasets to develop or validate allometric equations. For example, none of the trees Chave et al (2005) used to develop the generic allometric equations were from an African forest.4.1. Sampling approaches for collecting ground-based data",carbon_sequestration,0.47,Mt C a^-1
biome-average values,19,0,"Biomes likely represent the most important variation of forest carbon stocks because they account for major bioclimatic gradients such as temperature, precipitation and geologic substrate. However, forest carbon stocks vary further within each biome according to slope, elevation, drainage class, soil type and land-use history. An average value cannot adequately represent the variation for an entire forest category or country. Estimates of emissions from deforestation could be biased if the forests that are cleared have carbon stocks that systematically differ from the biome-average values (Houghton et al 2001, Houghton 2005). Further, the compilations of studies used to develop the biome averages generally focused on mature stands and were based on a few plots that may not adequately represent the biome or region. Use of biome averages is further constrained because it is very difficult to assess the uncertainty or accuracy of source data.",carbon_sequestration,None,Mt C a^-1
Panama,50,0,<tr><td>Panama</td><td>509</td><td>763</td><td>685</td><td>549</td><td>—</td><td>509–763</td></tr>  <tr><td>PNG</td><td>4154</td><td>8037</td><td>7075</td><td>5160</td><td>—</td><td>4154–8037</td></tr>  <tr><td>Paraguay</td><td>2831</td><td>3659</td><td>3063</td><td>1087</td><td>—</td><td>1087–3659</td></tr>  <tr><td>Peru</td><td>7694</td><td>11 521</td><td>13 241</td><td>2782</td><td>—</td><td>2782–13 241</td></tr>,carbon_sequestration,509,Mt C a^-1
satellite-based global land cover map,55,0,"a Overview of methods used to develop table 3: In most cases, total forest carbon stocks per country were calculated by applying biome-average forest carbon values to a satellite-based global land cover map for the year 2000 (GLC 2000) stratified by the FAO forest ecological zone map (FAO 2001). Gibbs and Brown (2007a, 2007b) applied a rule-based model to the GLC 2000 map. Additional description of data sources can be found in table 2 footnotes. All values are for above- and belowground forest biomass carbon stocks (trunk, branches, roots). Units expressed as million tonnes of carbon (M t C). (1) We attempted to trace each biome average to the original source of data and explain all modifications made by the biomass dataset producers, but this was not always possible. (2) Forest classes from the global classification scheme of GLC 2000 include the following: broadleaved evergreen, broadleaved deciduous open, broadleaved deciduous closed, needleleaved evergreen, needleleaved deciduous, mixed leaf, mosaic, and burnt. All non-forest land cover categories were excluded. (3) Each data set provided different values for different biome types. If only a single forest class was provided it was applied universally to all of the above classes (open and closed). When more than one forest category was provided it was translated and applied accordingly. (4) Note that only Gibbs and Brown (2007a, 2007b) account for the impact of human disturbance on forest carbon stocks. All other estimates use the same biome-average carbon value for all forests within each broad class regardless of their condition—however, we divided the average forest carbon stocks values in half for the mosaic and burnt classes in GLC 2000.",carbon_sequestration,2000,Mt C a^-1
Houghton (1999),48,0,"Once a country’s forest strata have been identified, the layout and number of plots needed to achieve a desired level of precision can be determined based on standards of acceptable sampling error. There are established methods and guidelines for determining the number, size, and distribution of sample<table>  <tr>    <th rowspan=""2"">Country</th>    <th colspan=""3"">Based on compilations of harvest data</th>    <th colspan=""2"">Based on forest inventory</th>    <th rowspan=""2"">Total range</th>  </tr>  <tr>    <th>Olson <i>et al</i> (1983)/Gibbs (2006)<sup>b</sup></th>    <th>Houghton (1999)/DeFries <i>et al</i> (2002)</th>    <th>IPCC (2006)<sup>c</sup></th>    <th>Brown (1997)/Achard <i>et al</i> (2002, 2004)</th>",carbon_sequestration,None,Mt C a^-1
Brazilian Amazon,85,0,"Hirsch A I, Little W S, Houghton R A, Scott N A and White J D 2004 The net carbon flux due to deforestation and forest re-growth in the Brazilian Amazon: analysis using a process-based model Glob. Change Biol. 10 908–24Houghton R A 1999 The annual net flux of carbon to the atmosphere from changes in land use 1850–1990 Tellus B 51 298–13Houghton R A 2005 Tropical deforestation as a source of greenhouse gas emissions Tropical Deforestation and Climate Change ed Mutinho and Schwartzman (Belem: IPAM)Houghton R A and Hackler J L 1995 Continental scale estimates of biotic carbon flux from land cover change: 1850–1980 ORNL/CDIAC-79, NDP-050 (Oak Ridge, TN: Oak Ridge National Laboratory)",carbon_sequestration,908,Mt C a^-1
Pearson et al 2005a,5,0,"The main carbon pools in tropical forest ecosystems are the living biomass of trees and understory vegetation and the dead mass of litter, woody debris and soil organic matter. The carbon stored in the aboveground living biomass of trees is typically the largest pool and the most directly impacted by deforestation and degradation. Thus, estimating aboveground forest biomass carbon is the most critical step in quantifying carbon stocks and fluxes from tropical forests, and the focus of this paper. Measurement protocols for other carbon pools are described elsewhere (e.g. Post et al 1999, Brown and Masera 2003, Pearson et al 2005a, IPCC 2006).",carbon_sequestration,None,Mt C a^-1
Tropical seasonal forest,26,0,<td>—</td>    <td>—</td>  </tr>  <tr>    <td>Latin America</td>    <td></td>    <td></td>    <td></td>    <td></td>  </tr>  <tr>    <td>Tropical equatorial forest</td>    <td>200</td>    <td>—</td>    <td>—</td>    <td>193</td>  </tr>  <tr>    <td>Tropical seasonal forest</td>    <td>140</td>    <td>—</td>    <td>—</td>    <td>128</td>  </tr>  <tr>    <td>Tropical dry forest</td>    <td>.55</td>    <td>47</td>    <td>—</td>    <td>126</td>  </tr>  <tr>,carbon_sequestration,128,Mt C a^-1
Aboveground tropical forest carbon stocks,23,0,"Developing allometric relationships is time-consuming and expensive because it requires destructive harvesting of a large number of trees. Tropical forests often contain 300 or more species, but research has shown that species-specific allometric relationships are not needed to generate reliable estimates of forest carbon stocks. Grouping all species together and using generalized allometric relationships, stratified by broad forest types or ecological zones, is highly effective for the tropics because DBH alone explains more than 95% of the variation in aboveground tropical forest carbon stocks, even in highly diverse regions (Brown 2002).",carbon_sequestration,95,Mt C a^-1
young forest condition,71,0,"One approach to account for carbon emissions from degradation is to measure forest carbon under different forest conditions as depicted in the stratification matrix (figure 1). To account for various levels of degradation, sampling schemes could measure carbon across broad forest type (e.g. evergreen broadleaf, seasonally flooded) and condition (e.g. young, logged, fragmented) in each forest stratum. Note that this stratification method is needed to accurately estimate emissions from deforestation even if degradation is excluded from the final climate policy framework.",carbon_sequestration,None,Mt C a^-1
Asner G P et al (2005) Selective logging in the Brazilian Amazon Science 310 480–2,76,0,"Ajtay G K, Ketner P and Duvigneaud P 1979 Terrestrial primary production and phytomass The global carbon cycle ed B Bolin, E T Degens, S Kempe and P Ketner (New York: Wiley) pp 129–82Asner G P 2001 Cloud cover in Landsat observations of the Brazilian Amazon Int. J. Remote Sens. 22 3855–62Asner G P et al 2005 Selective logging in the Brazilian Amazon Science 310 480–2Baccini A, Friedl A M A, Woodcock C E and Warbington R 2004 Forest biomass estimation over regional scales using multisource data Geophys. Res. Lett. 31 L10501Brown S 1997 Estimating biomass and biomass change of tropical forests: a primer FAO Forestry Paper no. 134 RomeBrown S 2002 Measuring carbon in forests: current status and future challenges Environ. Pollut. 116 363–72",carbon_sequestration,480,Mt C a^-1
remote sensing,68,0,"To estimate carbon emissions it is necessary to know the area deforested and the amount of carbon these forests stored. Deforestation will likely be assessed using remote sensing and ideally the same observations will be used both to estimate deforestation and to design the forest carbon sampling matrix and scheme. If forest carbon stocks are collected according to a stratified sampling design it is important that deforestation is estimated for those same strata either through ‘wall-to-wall’ mapping or by ‘targeting sampling’ using the same stratified sampling scheme (DeFries et al 2005, 2007, Olander et al 2007). The average carbon stock value for each forest strata can be applied to the satellite-based forest map to estimate national-level forest carbon stocks or to a map of deforestation to estimate national-level forest emissions. Changes in carbon stocks and emissions could be monitored from satellite-based observations of deforestation once the broad spatial distribution of carbon stocks is well established (assuming deforestation and carbon assessments are compatible).",carbon_sequestration,None,Mt C a^-1
random sampling,46,0,"or group of countries as land-use history and environmental conditions likely vary across political boundaries.Systematic and random sampling designs are the two broad types of schemes used to estimate forest carbon stocks at the country level (Paciomik and Rypdal 2003). Systematic sampling uses a regularly spaced grid to identify plot locations across an entire region, while random sampling chooses plot locations by chance. Without stratification, both schemes may over- or under-sample because patterns in nature are inherently clumpy and not likely to be randomly distributed.",carbon_sequestration,None,Mt C a^-1
MODIS,12,0,"<td>Relates ground-based measurements of tree diameters or volume to forest carbon stocks using allometric relationships</td>    <td>      <ul>        <li>Generic relationships readily available</li>        <li>Low-tech method widely understood</li>        <li>Can be relatively inexpensive as field-labor is largest cost</li>      </ul>    </td>    <td>      <ul>        <li>Generic relationships not appropriate for all regions</li>        <li>Can be expensive and slow</li>        <li>Challenging to produce globally consistent results</li>      </ul>    </td>    <td>Low</td>  </tr>  <tr>    <td>Optical remote sensors</td>    <td>      <ul>        <li>Uses visible and infrared wavelengths to measure spectral indices and correlate to ground-based forest carbon measurements</li>        <li>Ex: Landsat, MODIS</li>      </ul>    </td>    <td>      <ul>",carbon_sequestration,None,Mt C a^-1
emissions,69,0,"A major advantage of the forest strata approach is that carbon stock estimates could be applied to estimate emissions in the past, present and future, which is important for reference scenarios. Forest conditions will change over time, but the carbon estimates can still be applied as long as the forest classification reflects these changing conditions. A limitation of this approach is that forest carbon stocks for a particular area may be overestimated or underestimated if the forests in question differ from the average forest strata values (Houghton et al 2001, Houghton 2005).7. Accounting for forest degradation and condition",carbon_sequestration,7,Mt C a^-1
forest carbon stocks,73,0,"Here we have provided IPCC Tier 1 estimates of national-level forest carbon stocks that can be used immediately by countries and policy-makers. Each country will need to use expert judgment based on financial, time and capacity constraints in deciding whether to use higher Tier methods. In many countries it may be more feasible to rely on ground-based inventories rather than remotely sensed data to estimate forest carbon stocks, as labor costs are often low compared to installing and managing high-tech remote-sensing equipment and expertise. However, satellite-based estimates of forest carbon stocks will likely be more accessible over the next decade as new technologies emerge and technical capacities are strengthened. Collecting additional ground-based data using an appropriate sampling design that accounts for both forest type and condition will be necessary regardless of method and a critical next step for improving the understanding of carbon stocks and fluxes in tropical forests.Acknowledgments",carbon_sequestration,None,Mt C a^-1
forest attributes,1,0,"**Abstract**Reducing carbon emissions from deforestation and degradation in developing countries is of central importance in efforts to combat climate change. Key scientific challenges must be addressed to prevent any policy roadblocks. Foremost among the challenges is quantifying nations’ carbon emissions from deforestation and forest degradation, which requires information on forest clearing and carbon storage. Here we review a range of methods available to estimate national-level forest carbon stocks in developing countries. While there are no practical methods to directly measure all forest carbon stocks across a country, both ground-based and remote-sensing measurements of forest attributes can be converted into estimates of national carbon stocks using allometric relationships. Here we synthesize, map and update prominent forest biomass carbon databases to create the first complete set of national-level forest carbon stock estimates. These forest carbon estimates expand on the default values recommended by the Intergovernmental Panel on Climate Change’s National Greenhouse Gas Inventory Guidelines and provide a range of globally consistent estimates.**Keywords:** deforestation, tropical forests, forest biomass, carbon stocks, emissions, forest inventory, UNFCCC, REDD, LULUCF, avoided deforestation**1. Introduction**",carbon_sequestration,None,Mt C a^-1
Santa Barbara,0,0,"# Monitoring and estimating tropical forest carbon stocks: making REDD a reality**Holly K Gibbs$^{1}$, Sandra Brown$^{2}$, John O Niles$^{3}$ and Jonathan A Foley$^{1}$**$^{1}$ Center for Sustainability and the Global Environment (SAGE), Nelson Institute for Environmental Studies, University of Wisconsin, 1710 University Avenue, Madison, WI 53726, USA$^{2}$ Winrock International, Ecosystem Services Unit, 1621 N Kent Street, Suite 1200, Arlington, VA 22207, USA$^{3}$ Carbon Conservation, 1226 E Mason Street, Santa Barbara, CA 93103, USAReceived 14 August 2007Accepted for publication 1 November 2007Published 5 December 2007Online at stacks.iop.org/ERL/2/045023",carbon_sequestration,None,Mt C a^-1
Brazilian Amazon,86,0,"Houghton R A and Hackler J L 2001 Carbon Flux to the Atmosphere from Land-Use Changes: 1850 to 1990 ORNL/CDIAC-131, NDP-050/R1 http://cdiac.esd.ornl.gov/ndps/ndp050.htmlCarbon Dioxide Information Analysis Center, US Department of Energy, Oak Ridge National Laboratory, Oak Ridge, TN, p 86Houghton R A, Lawrence K T, Hackler J L and Brown S 2001 The spatial distribution of forest biomass in the Brazilian Amazon: a comparison of estimates Glob. Change Biol. 7 731–46Houghton R A, Lefkowitz D S and Skole D L 1991 Changes in the landscape of Latin America between 1850–1980 (I). A progressive loss of forest Forest Ecol. Manag. 38 143–72IPCC 2006 IPCC Guidelines for National Greenhouse Gas Inventories. Prepared by the National Greenhouse Gas Inventories Programme ed H S Eggleston, L Buendia, K Miwa, T Ngara and K Tanabe (Japan: Institute For Global Environmental Strategies)",carbon_sequestration,731,Mt C a^-1
All forests,29,0,</tr>  <tr>    <td>Tropical Asia</td>    <td></td>    <td>151</td>    <td>—</td>    <td>—</td>  </tr>  <tr>    <td>All forests</td>    <td>—</td>    <td>—</td>    <td>164</td>    <td>180 / 225g</td>  </tr>  <tr>    <td>Tropical equatorial forest</td>    <td>250</td>    <td>—</td>    <td>142</td>    <td>105 / 169</td>  </tr>  <tr>    <td>Tropical seasonal forest</td>    <td>150</td>    <td>—</td>    <td>120</td>    <td>78 / 96</td>  </tr></table>,carbon_sequestration,164,Mt C a^-1
"Fearnside, 2000",10,0,"Nearly all estimates of emissions from tropical deforestation are based on a handful of biome-average datasets where a single representative value of forest carbon per unit area (e.g. tonnes of C per hectare) is applied to broad forest categories or biomes (e.g. Fearnside 2000, Houghton 1999, Houghton et al 2001, DeFries et al 2002, Achard et al 2002, 2004, Ramankutty et al 2007). The earliest compilations of biome averages were made decades ago and have been subsequently updated and modified by the research community (e.g. Whittaker and Likens 1973, Ajtay et al 1979, Olson et al 1983, Brown and Lugo 1984, 1992). This continuous updating of biome averages makes it difficult to identify original data sources and other key information. Many contemporary estimates of forest carbon stocks are based on multiple versions or iterationsTable 1. Benefits and limitations of available methods to estimate national-level forest carbon stocks.",carbon_sequestration,None,Mt C a^-1
Global Land Cover 2000 (GLC 2000),20,0,"Biome averages, however, are freely and immediately available and currently provide the only source of globally consistent forest carbon information. For these reasons, and despite the uncertainties, biome averages continue to be the most routinely used source of forest carbon stock data. Moreover, biome averages provide an important starting point for a country to assess the relative magnitude of their emissions from deforestation and degradation (IPCC Tier 1). Here we have compiled biome-average carbon stock estimates from prominent data sources (table 2). We attempted to trace the original source data and explain all modifications made by the biomass dataset producers, but that was not possible in every instance. We also standardized assumptions about carbon storage in different pools to allow true comparison.We calculated a range of forest carbon stock estimates for each tropical country by applying the standardized biome averages to the widely accepted forest classification scheme of the Global Land Cover 2000 (GLC 2000) vegetation map (stratified by FAO ecological zone map) and then overlaying country boundaries in a geographical information system (table 3).",carbon_sequestration,None,Mt C a^-1
Houghton (1999),31,0,"c Used values from Houghton and Hackler (2001), which was based on a compilation of harvest measurements from ecological studies and originally published in Houghton (1999); ‘The values were obtained from summaries of global vegetation Whittaker and Likens (1973), Ajtay et al (1979), Olson et al (1983) as well as from regional studies (for additional sources see Melillo et al 1988, Houghton et al 1991, Houghton and Hackler 1995)’ (Houghton 1999: p 302). Values include aboveground, belowground and groundcover carbon stocks.d Estimated values based on Brown (1997), which was based on forest inventory data and converted to carbon stocks using allometric relationships. Achard et al (2002, 2004) increased values by 20% for root carbon stocks. Here, we report mean values; Achard et al (2004) added a range by adding ±20%.",carbon_sequestration,302,Mt C a^-1
"Kellndorfer J, Walker W, Pierce L, Dobson C, Fites J A, Hunsaker C, Vona J and Clutter M 2004 Vegetation height estimation from shuttle radar topography mission and national elevation datasets Remote Sens. Environ. 93 339–58",87,0,"Iverson L, Brown S, Prasad A, Mitasova H, Gillespie A J R and Lugo A E 1994 Use of GIS for estimating potential and actual forest biomass for continental South and Southeast Asia Effects of Land-Use Change on Atmospheric CO2 Concentrations: South and Southeast Asia as a Case Study ed V Dale (New York: Springer) pp 67–116Keller M, Palace M and Hurt G 2001 Biomass estimation in the Tapajos National Forest, Brazil: examination of sampling and allometric uncertainties Forest Ecol. Manag. 154 371–82Kellndorfer J, Walker W, Pierce L, Dobson C, Fites J A, Hunsaker C, Vona J and Clutter M 2004 Vegetation height estimation from shuttle radar topography mission and national elevation datasets Remote Sens. Environ. 93 339–58",carbon_sequestration,339,Mt C a^-1
Chave J et al 2005 Tree allometry and improved estimation of carbon stocks and balance in tropical forests Oecologia 145 87–9,79,0,"Cairns M A, Brown S, Helmer E H and Baumgardner G A 1997 Root biomass allocation in the world’s upland forests Oecologia 111 1–11Chambers J Q, Higuchi N, Tribuzy E S and Trumbore S E 2001 Carbon sink for a century Nature 410 429Chave J, Condit R, Aguilar S, Hernandez A, Lao S and Perez R 2004 Error propagation and scaling for tropical forest biomass estimates Phil. Trans. R. Soc. B 359 409–20Chave J et al 2005 Tree allometry and improved estimation of carbon stocks and balance in tropical forests Oecologia 145 87–9DeFries R, Achard F, Brown S, Herold M, Murdiyarso D, Schmalmadinger B and deSouza C 2007 Earth observations for estimating greenhouse gas emissions from deforestation in developing countries Environ. Sci. Policy 10 385–94",carbon_sequestration,87,Mt C a^-1
biome averages,20,0,"Biome averages, however, are freely and immediately available and currently provide the only source of globally consistent forest carbon information. For these reasons, and despite the uncertainties, biome averages continue to be the most routinely used source of forest carbon stock data. Moreover, biome averages provide an important starting point for a country to assess the relative magnitude of their emissions from deforestation and degradation (IPCC Tier 1). Here we have compiled biome-average carbon stock estimates from prominent data sources (table 2). We attempted to trace the original source data and explain all modifications made by the biomass dataset producers, but that was not possible in every instance. We also standardized assumptions about carbon storage in different pools to allow true comparison.We calculated a range of forest carbon stock estimates for each tropical country by applying the standardized biome averages to the widely accepted forest classification scheme of the Global Land Cover 2000 (GLC 2000) vegetation map (stratified by FAO ecological zone map) and then overlaying country boundaries in a geographical information system (table 3).",carbon_sequestration,None,Mt C a^-1
Senegal,51,0,<tr><td>Philippines</td><td>869</td><td>1765</td><td>2503</td><td>1213</td><td>1530</td><td>765–2503</td></tr>  <tr><td>Rwanda</td><td>45</td><td>45</td><td>36</td><td>48</td><td>6</td><td>6–48</td></tr>  <tr><td>Senegal</td><td>171</td><td>141</td><td>228</td><td>153</td><td>86</td><td>86–228</td></tr>  <tr><td>Sierra Leone</td><td>136</td><td>114</td><td>683</td><td>123</td><td>240</td><td>114–683</td></tr>,carbon_sequestration,171,Mt C a^-1
emissions,68,0,"To estimate carbon emissions it is necessary to know the area deforested and the amount of carbon these forests stored. Deforestation will likely be assessed using remote sensing and ideally the same observations will be used both to estimate deforestation and to design the forest carbon sampling matrix and scheme. If forest carbon stocks are collected according to a stratified sampling design it is important that deforestation is estimated for those same strata either through ‘wall-to-wall’ mapping or by ‘targeting sampling’ using the same stratified sampling scheme (DeFries et al 2005, 2007, Olander et al 2007). The average carbon stock value for each forest strata can be applied to the satellite-based forest map to estimate national-level forest carbon stocks or to a map of deforestation to estimate national-level forest emissions. Changes in carbon stocks and emissions could be monitored from satellite-based observations of deforestation once the broad spatial distribution of carbon stocks is well established (assuming deforestation and carbon assessments are compatible).",carbon_sequestration,None,Mt C a^-1
Liberia,43,0,<tr><td>Ivory Coast</td><td>1047</td><td>750</td><td>3355</td><td>830</td><td>1238</td><td>750–3355</td></tr>  <tr><td>Kenya</td><td>314</td><td>320</td><td>618</td><td>339</td><td>163</td><td>163–618</td></tr>  <tr><td>Laos</td><td>718</td><td>1523</td><td>1388</td><td>1163</td><td>1870</td><td>718–1870</td></tr>  <tr><td>Liberia</td><td>506</td><td>515</td><td>1302</td><td>543</td><td>707</td><td>506–1302</td></tr>,carbon_sequestration,506,Mt C a^-1
Post et al 1999,5,0,"The main carbon pools in tropical forest ecosystems are the living biomass of trees and understory vegetation and the dead mass of litter, woody debris and soil organic matter. The carbon stored in the aboveground living biomass of trees is typically the largest pool and the most directly impacted by deforestation and degradation. Thus, estimating aboveground forest biomass carbon is the most critical step in quantifying carbon stocks and fluxes from tropical forests, and the focus of this paper. Measurement protocols for other carbon pools are described elsewhere (e.g. Post et al 1999, Brown and Masera 2003, Pearson et al 2005a, IPCC 2006).",carbon_sequestration,None,Mt C a^-1
Brown 1997,18,0,"• Analysis of forest inventory data archived by the FAO and others have also been used to develop biome averages. Forest inventory data can provide high quality information for a particular region, but existinginventories were generally not collected using sampling schemes appropriate for the biome scale. Country-level estimates of forest carbon stocks reported in the FAO Forest Resources Assessments are also based on forest inventory data, but these estimates are highly suspect because of inadequate sampling for the national scale and inconsistent methods (Brown 1997, FAO 2000, 2005). In the latest FAO report, national forest carbon estimates based on inventory data remain very questionable, with more than half of tropical countries relying on ‘best guesses’ rather than actual measurements (FAO 2005).",carbon_sequestration,None,Mt C a^-1
allometric relationships,1,0,"**Abstract**Reducing carbon emissions from deforestation and degradation in developing countries is of central importance in efforts to combat climate change. Key scientific challenges must be addressed to prevent any policy roadblocks. Foremost among the challenges is quantifying nations’ carbon emissions from deforestation and forest degradation, which requires information on forest clearing and carbon storage. Here we review a range of methods available to estimate national-level forest carbon stocks in developing countries. While there are no practical methods to directly measure all forest carbon stocks across a country, both ground-based and remote-sensing measurements of forest attributes can be converted into estimates of national carbon stocks using allometric relationships. Here we synthesize, map and update prominent forest biomass carbon databases to create the first complete set of national-level forest carbon stock estimates. These forest carbon estimates expand on the default values recommended by the Intergovernmental Panel on Climate Change’s National Greenhouse Gas Inventory Guidelines and provide a range of globally consistent estimates.**Keywords:** deforestation, tropical forests, forest biomass, carbon stocks, emissions, forest inventory, UNFCCC, REDD, LULUCF, avoided deforestation**1. Introduction**",carbon_sequestration,None,Mt C a^-1
dry forests,47,0,"Stratification of systematic and random sampling schemes by broad forest types greatly increases survey efficiency by reducing unnecessary sampling and ensuring that major variation has been captured. It is important to assess how forest carbon stocks vary across a country before designing a stratified sampling scheme (Brown 2002). This information is used to define sampling strata or broad forest categories with similar forest carbon stocks. Information on soil types, drainage class, elevation, topography and land-use history are likely universally important to understanding the spatial distribution of carbon stocks. We recommend developing a ‘stratification matrix’ for each country or region using broad forest types (e.g. evergreen broadleaf, palm forests, semi-deciduous dry forests) and forest conditions such as drainage (e.g. flooded or dry), slope (e.g. steep or flat), level of degradation (e.g. logged, fragmented, pristine) and age (e.g. young fallow, secondary forest, mature) (figure 1).",carbon_sequestration,None,Mt C a^-1
Landsat,63,0,"The present suite of optical satellite sensors, such as Landsat, AVHRR and MODIS, cannot yet be used to estimate carbon stocks of tropical forests with certainty (Thenkabail et al 2004). Attempts have been made to estimate forest carbon stocks indirectly by developing statistical relationships between ground-based measurements and satellite-observed vegetation indices (e.g. Foody et al 2003, Lu 2005). But this method tends to underestimate carbon stocks in tropical forests where optical satellites are less effective due to dense canopy closure, and has been unsuccessful in generating broad or transferable relationships (Waring et al 1995). Nonetheless, optical remote-sensing systems are operational at the global scale and some satellite systems (Landsat and AVHRR) provide a globally consistent record for the last 30 years.5.2. Very high-resolution aerial imagery",carbon_sequestration,None,Mt C a^-1
IPCC (2006),21,0,"Our analysis does not account for different forest conditions that could lead to lower carbon stocks, such as logged, burnt or secondary forest. The same biome-average carbon value was applied to all forests within each broad class regardless of their condition. Olson et al (1983) provided a single value for all tropical forests, which likely overestimates carbon storage in the dry tropics and open forests and underestimates carbon storage in humid and dense forests. Most sources provided a breakdown by forest type and continents (Houghton 1999, Achard et al 2002, 2004, IPCC 2006). Only the Gibbs and Brown (2007a, 2007b) estimates account for variations within forest classes from human disturbance and ecological conditions (described in section 4.3). Accuracy assessment is not possible until additional field data are collected across the tropics, so we cannot determine which dataset provides the most certain estimate.",carbon_sequestration,None,Mt C a^-1
"Saatchi S S, Houghton R A, Dos Santos Alvala R C, Soares J V and Yu Y 2007 Distribution of aboveground live biomass in the Amazon Basin Glob. Change Biol. 13 816–37",94,0,"Saatchi S S, Houghton R A, Dos Santos Alvala R C, Soares J V and Yu Y 2007 Distribution of aboveground live biomass in the Amazon Basin Glob. Change Biol. 13 816–37Sales M H, Souza C M Jr, Kyriakidis P C, Roberts D A and Vidal E 2007 Improving spatial distribution estimation of forest biomass with geostatistics: a case study for Rondonia, Brazil Ecol. Modelling 205 221–30Santilli M, Mouthino P, Schwartzman S, Nepstad D, Curran L and Nobre C 2005 Tropical deforestation and the Kyoto protocol Clim. Change 71 267–76Shimada M, Rosenqvist A, Watanabe M and Tadono T 2005 The polarimetric and interferometric potential of ALOS PALSAR Proc. POLInSAR 2005 (January 2005)Stephens B S et al 2007 Weak Northern and strong tropical land carbon uptake from vertical profiles of atmospheric CO$_2$ Science 316 1732–5",carbon_sequestration,816,Mt C a^-1
"Mokany K, Raison J R and Prokushkin A S 2006 Critical analysis of root-shoot rations in terrestrial biomes Glob. Change Biol. 12 84–96",90,0,"Mokany K, Raison J R and Prokushkin A S 2006 Critical analysis of root-shoot rations in terrestrial biomes Glob. Change Biol. 12 84–96Nascimento H E M and Laurance W F 2002 Total aboveground biomass in central Amazonian rainforests: a landscape-scale study Forest Ecol. Manag. 168 311–21Niles J O 2002 Tropical forests and climate change Climate change policy: a survey ed S Schneider, A Rosencranz and J Niles (Washington, DC: Island Press)Olander L P, Gibbs H K, Murray B C, Steininger M and Swenson J 2007 Data and methods to estimate national historical deforestation baselines in support of UNFCCC REDD Environ. Res. Lett. submittedOlson J S, Watts J A and Allison L J 1983 Carbon in live vegetation of major world ecosystems ORNL-5862 (Oak Ridge, TN: Oak Ridge National Laboratory)",carbon_sequestration,None,Mt C a^-1
national-level estimates,4,0,"Political acceptance and implementation of climate policies aimed at reducing carbon emissions from deforestation will require resolution of scientific challenges. Foremost among these challenges is identifying feasible approaches to assess national-level carbon emissions from deforestation and degradation in developing countries. To estimate emissions, we need to know the area of cleared forest and the amount of carbon that was stored in those forests. Methods to assess tropical deforestation are described elsewhere (DeFries et al 2005, 2007, Herold and Johns 2007, Olander et al 2007, Achard et al 2007). The purpose of this paper is to synthesize options to estimate national-level forest biomass carbon stocks in developing countries and propose methods to link forest carbon and deforestation estimates. Here we compile, update and map prominent forest biomass carbon databases to create the first complete set of national-level estimates.2. Overview of forest carbon stock measurements",carbon_sequestration,None,Mt C a^-1
carbon emissions,4,0,"Political acceptance and implementation of climate policies aimed at reducing carbon emissions from deforestation will require resolution of scientific challenges. Foremost among these challenges is identifying feasible approaches to assess national-level carbon emissions from deforestation and degradation in developing countries. To estimate emissions, we need to know the area of cleared forest and the amount of carbon that was stored in those forests. Methods to assess tropical deforestation are described elsewhere (DeFries et al 2005, 2007, Herold and Johns 2007, Olander et al 2007, Achard et al 2007). The purpose of this paper is to synthesize options to estimate national-level forest biomass carbon stocks in developing countries and propose methods to link forest carbon and deforestation estimates. Here we compile, update and map prominent forest biomass carbon databases to create the first complete set of national-level estimates.2. Overview of forest carbon stock measurements",carbon_sequestration,None,Mt C a^-1
national-level forest carbon stocks,1,0,"**Abstract**Reducing carbon emissions from deforestation and degradation in developing countries is of central importance in efforts to combat climate change. Key scientific challenges must be addressed to prevent any policy roadblocks. Foremost among the challenges is quantifying nations’ carbon emissions from deforestation and forest degradation, which requires information on forest clearing and carbon storage. Here we review a range of methods available to estimate national-level forest carbon stocks in developing countries. While there are no practical methods to directly measure all forest carbon stocks across a country, both ground-based and remote-sensing measurements of forest attributes can be converted into estimates of national carbon stocks using allometric relationships. Here we synthesize, map and update prominent forest biomass carbon databases to create the first complete set of national-level forest carbon stock estimates. These forest carbon estimates expand on the default values recommended by the Intergovernmental Panel on Climate Change’s National Greenhouse Gas Inventory Guidelines and provide a range of globally consistent estimates.**Keywords:** deforestation, tropical forests, forest biomass, carbon stocks, emissions, forest inventory, UNFCCC, REDD, LULUCF, avoided deforestation**1. Introduction**",carbon_sequestration,None,Mt C a^-1
Achard et al (2004),31,0,"c Used values from Houghton and Hackler (2001), which was based on a compilation of harvest measurements from ecological studies and originally published in Houghton (1999); ‘The values were obtained from summaries of global vegetation Whittaker and Likens (1973), Ajtay et al (1979), Olson et al (1983) as well as from regional studies (for additional sources see Melillo et al 1988, Houghton et al 1991, Houghton and Hackler 1995)’ (Houghton 1999: p 302). Values include aboveground, belowground and groundcover carbon stocks.d Estimated values based on Brown (1997), which was based on forest inventory data and converted to carbon stocks using allometric relationships. Achard et al (2002, 2004) increased values by 20% for root carbon stocks. Here, we report mean values; Achard et al (2004) added a range by adding ±20%.",carbon_sequestration,20,Mt C a^-1
Dubayah and Drake (2000),67,0,"LiDAR systems send out pulses of laser light and measure the signal return time to directly estimate the height and vertical structure of forests (Dubayah and Drake 2000, Patenaude et al 2004). The light hits the forest canopy and ground surfaces and is then reflected back to the instrument. Forest carbon stocks are estimated by applying allometric height–carbon relationships (Hese et al 2005), which can introduce some challenges in tropical forests that reach their maximum height relatively quickly but continue to accumulate carbon for many decades. However, large-footprint LiDAR remote sensing far exceeds the capabilities of radar and optical sensors to estimate carbon stocks for all forest types (Means et al 1998, Lefsky et al 1999, Drake et al 2003). Currently, airplane-mounted LiDAR instruments are too costly to be used for more than a small area. A satellite-based LiDAR system could provide global coverage but is not yet an option. However, future satellite missions including LiDAR instruments such as NASA’s DESDynI (planned launch in 2014) and the proposed but not yet funded ‘Carbon 3D’ could greatly improve our capacity to measure carbon stocks from space (Hese et al 2005).6. Linking measurements of carbon stocks and deforestation",carbon_sequestration,None,Mt C a^-1
insular Southeast Asia,56,0,"b Based on Gibbs (2006), which translated and applied the original Olson <i>et al</i> (1983) data to the GLC 2000 land cover map. Olson <i>et al</i> (1983) is based on a large compilation of literature studies; please see on-line documentation for full list. The Olson ‘medium’ biomass estimates were used here. Note that Olson <i>et al</i> (1983) provides only a single value for all tropical forests (120 Mg C/ha) and for dry forest/woodland (60 Mg C/ha).c Note that mountain systems were included in these national-level estimates but excluded from table 2 because they cover a relatively small portion of the tropics and are not distinguished by other databases. Default IPCC Tier 1 values for above and belowground forest biomass carbon stocks for mountain systems are 69, 87, 81, and 122 t C/ha for Africa, Latin America, continental Southeast Asia, and insular Southeast Asia, respectively.",carbon_sequestration,122,Mt C a^-1
table 2 footnotes,55,0,"a Overview of methods used to develop table 3: In most cases, total forest carbon stocks per country were calculated by applying biome-average forest carbon values to a satellite-based global land cover map for the year 2000 (GLC 2000) stratified by the FAO forest ecological zone map (FAO 2001). Gibbs and Brown (2007a, 2007b) applied a rule-based model to the GLC 2000 map. Additional description of data sources can be found in table 2 footnotes. All values are for above- and belowground forest biomass carbon stocks (trunk, branches, roots). Units expressed as million tonnes of carbon (M t C). (1) We attempted to trace each biome average to the original source of data and explain all modifications made by the biomass dataset producers, but this was not always possible. (2) Forest classes from the global classification scheme of GLC 2000 include the following: broadleaved evergreen, broadleaved deciduous open, broadleaved deciduous closed, needleleaved evergreen, needleleaved deciduous, mixed leaf, mosaic, and burnt. All non-forest land cover categories were excluded. (3) Each data set provided different values for different biome types. If only a single forest class was provided it was applied universally to all of the above classes (open and closed). When more than one forest category was provided it was translated and applied accordingly. (4) Note that only Gibbs and Brown (2007a, 2007b) account for the impact of human disturbance on forest carbon stocks. All other estimates use the same biome-average carbon value for all forests within each broad class regardless of their condition—however, we divided the average forest carbon stocks values in half for the mosaic and burnt classes in GLC 2000.",carbon_sequestration,None,Mt C a^-1
Paciomik and Rypdal 2003,46,0,"or group of countries as land-use history and environmental conditions likely vary across political boundaries.Systematic and random sampling designs are the two broad types of schemes used to estimate forest carbon stocks at the country level (Paciomik and Rypdal 2003). Systematic sampling uses a regularly spaced grid to identify plot locations across an entire region, while random sampling chooses plot locations by chance. Without stratification, both schemes may over- or under-sample because patterns in nature are inherently clumpy and not likely to be randomly distributed.",carbon_sequestration,None,Mt C a^-1
carbon storage,20,0,"Biome averages, however, are freely and immediately available and currently provide the only source of globally consistent forest carbon information. For these reasons, and despite the uncertainties, biome averages continue to be the most routinely used source of forest carbon stock data. Moreover, biome averages provide an important starting point for a country to assess the relative magnitude of their emissions from deforestation and degradation (IPCC Tier 1). Here we have compiled biome-average carbon stock estimates from prominent data sources (table 2). We attempted to trace the original source data and explain all modifications made by the biomass dataset producers, but that was not possible in every instance. We also standardized assumptions about carbon storage in different pools to allow true comparison.We calculated a range of forest carbon stock estimates for each tropical country by applying the standardized biome averages to the widely accepted forest classification scheme of the Global Land Cover 2000 (GLC 2000) vegetation map (stratified by FAO ecological zone map) and then overlaying country boundaries in a geographical information system (table 3).",carbon_sequestration,None,Mt C a^-1
Patenaude G et al 2004 Quantifying forest above ground carbon content using lidar remote sensing Remote Sens. Environ. 93 368–80,91,0,"Paciomik N and Rypdal K 2003 Cross cutting issues, section 5.3 sampling Good Practice Guidance For Land Use, Land-Use Change and Forestry, Intergovernmental Panel on Climate Change National Greenhouse Gas Inventories Programme ed J Penman, M Gytartsky, T Hiraishi, T Krug, D Kruger, R Pipatti, L Buendia, K Miwa, T Ngara, K Tanabe and F Wagner (Kanagawa: Institute for Global Environmental Strategies (IGES)) pp 5.21–5.28Page S E, Siegert F, Rieley J O, Boehm Hans-Dieter V, Jaya A and Limin S 2002 The amount of carbon released from peat and forest fires in Indonesia during 1997 Nature 420 61–5Patenaude G et al 2004 Quantifying forest above ground carbon content using lidar remote sensing Remote Sens. Environ. 93 368–80",carbon_sequestration,368,Mt C a^-1
broadleaved deciduous closed,55,0,"a Overview of methods used to develop table 3: In most cases, total forest carbon stocks per country were calculated by applying biome-average forest carbon values to a satellite-based global land cover map for the year 2000 (GLC 2000) stratified by the FAO forest ecological zone map (FAO 2001). Gibbs and Brown (2007a, 2007b) applied a rule-based model to the GLC 2000 map. Additional description of data sources can be found in table 2 footnotes. All values are for above- and belowground forest biomass carbon stocks (trunk, branches, roots). Units expressed as million tonnes of carbon (M t C). (1) We attempted to trace each biome average to the original source of data and explain all modifications made by the biomass dataset producers, but this was not always possible. (2) Forest classes from the global classification scheme of GLC 2000 include the following: broadleaved evergreen, broadleaved deciduous open, broadleaved deciduous closed, needleleaved evergreen, needleleaved deciduous, mixed leaf, mosaic, and burnt. All non-forest land cover categories were excluded. (3) Each data set provided different values for different biome types. If only a single forest class was provided it was applied universally to all of the above classes (open and closed). When more than one forest category was provided it was translated and applied accordingly. (4) Note that only Gibbs and Brown (2007a, 2007b) account for the impact of human disturbance on forest carbon stocks. All other estimates use the same biome-average carbon value for all forests within each broad class regardless of their condition—however, we divided the average forest carbon stocks values in half for the mosaic and burnt classes in GLC 2000.",carbon_sequestration,None,Mt C a^-1
Houghton and Hackler 1995,31,0,"c Used values from Houghton and Hackler (2001), which was based on a compilation of harvest measurements from ecological studies and originally published in Houghton (1999); ‘The values were obtained from summaries of global vegetation Whittaker and Likens (1973), Ajtay et al (1979), Olson et al (1983) as well as from regional studies (for additional sources see Melillo et al 1988, Houghton et al 1991, Houghton and Hackler 1995)’ (Houghton 1999: p 302). Values include aboveground, belowground and groundcover carbon stocks.d Estimated values based on Brown (1997), which was based on forest inventory data and converted to carbon stocks using allometric relationships. Achard et al (2002, 2004) increased values by 20% for root carbon stocks. Here, we report mean values; Achard et al (2004) added a range by adding ±20%.",carbon_sequestration,None,Mt C a^-1
IPCC 2006,5,0,"The main carbon pools in tropical forest ecosystems are the living biomass of trees and understory vegetation and the dead mass of litter, woody debris and soil organic matter. The carbon stored in the aboveground living biomass of trees is typically the largest pool and the most directly impacted by deforestation and degradation. Thus, estimating aboveground forest biomass carbon is the most critical step in quantifying carbon stocks and fluxes from tropical forests, and the focus of this paper. Measurement protocols for other carbon pools are described elsewhere (e.g. Post et al 1999, Brown and Masera 2003, Pearson et al 2005a, IPCC 2006).",carbon_sequestration,None,Mt C a^-1
forest inventory,1,0,"**Abstract**Reducing carbon emissions from deforestation and degradation in developing countries is of central importance in efforts to combat climate change. Key scientific challenges must be addressed to prevent any policy roadblocks. Foremost among the challenges is quantifying nations’ carbon emissions from deforestation and forest degradation, which requires information on forest clearing and carbon storage. Here we review a range of methods available to estimate national-level forest carbon stocks in developing countries. While there are no practical methods to directly measure all forest carbon stocks across a country, both ground-based and remote-sensing measurements of forest attributes can be converted into estimates of national carbon stocks using allometric relationships. Here we synthesize, map and update prominent forest biomass carbon databases to create the first complete set of national-level forest carbon stock estimates. These forest carbon estimates expand on the default values recommended by the Intergovernmental Panel on Climate Change’s National Greenhouse Gas Inventory Guidelines and provide a range of globally consistent estimates.**Keywords:** deforestation, tropical forests, forest biomass, carbon stocks, emissions, forest inventory, UNFCCC, REDD, LULUCF, avoided deforestation**1. Introduction**",carbon_sequestration,None,Mt C a^-1
DeFries et al (2002),48,0,"Once a country’s forest strata have been identified, the layout and number of plots needed to achieve a desired level of precision can be determined based on standards of acceptable sampling error. There are established methods and guidelines for determining the number, size, and distribution of sample<table>  <tr>    <th rowspan=""2"">Country</th>    <th colspan=""3"">Based on compilations of harvest data</th>    <th colspan=""2"">Based on forest inventory</th>    <th rowspan=""2"">Total range</th>  </tr>  <tr>    <th>Olson <i>et al</i> (1983)/Gibbs (2006)<sup>b</sup></th>    <th>Houghton (1999)/DeFries <i>et al</i> (2002)</th>    <th>IPCC (2006)<sup>c</sup></th>    <th>Brown (1997)/Achard <i>et al</i> (2002, 2004)</th>",carbon_sequestration,None,Mt C a^-1
climate policies,4,0,"Political acceptance and implementation of climate policies aimed at reducing carbon emissions from deforestation will require resolution of scientific challenges. Foremost among these challenges is identifying feasible approaches to assess national-level carbon emissions from deforestation and degradation in developing countries. To estimate emissions, we need to know the area of cleared forest and the amount of carbon that was stored in those forests. Methods to assess tropical deforestation are described elsewhere (DeFries et al 2005, 2007, Herold and Johns 2007, Olander et al 2007, Achard et al 2007). The purpose of this paper is to synthesize options to estimate national-level forest biomass carbon stocks in developing countries and propose methods to link forest carbon and deforestation estimates. Here we compile, update and map prominent forest biomass carbon databases to create the first complete set of national-level estimates.2. Overview of forest carbon stock measurements",carbon_sequestration,None,Mt C a^-1
Houghton et al 2001,19,0,"Biomes likely represent the most important variation of forest carbon stocks because they account for major bioclimatic gradients such as temperature, precipitation and geologic substrate. However, forest carbon stocks vary further within each biome according to slope, elevation, drainage class, soil type and land-use history. An average value cannot adequately represent the variation for an entire forest category or country. Estimates of emissions from deforestation could be biased if the forests that are cleared have carbon stocks that systematically differ from the biome-average values (Houghton et al 2001, Houghton 2005). Further, the compilations of studies used to develop the biome averages generally focused on mature stands and were based on a few plots that may not adequately represent the biome or region. Use of biome averages is further constrained because it is very difficult to assess the uncertainty or accuracy of source data.",carbon_sequestration,None,Mt C a^-1
Fearnside 2000,17,0,"of analyses. Often, ‘best guesses’ are employed as multiple biome averages are combined or modified (e.g. Houghton 1999, Houghton et al 2001, Fearnside 2000, Watson et al 2000, IPCC 2006).Biome averages are based on two main sources of information: compilations of whole-tree harvest measurement data and analysis of forest inventory data archived by the United Nations Food and Agricultural Organization (FAO) and others.• Compilations of point-based biomass harvest measurement data provide direct estimates of the actual forest volume or biomass at a particular site (e.g. Whittaker and Likens 1973, Olson et al 1983, Reichle 1981, Brown and Lugo 1984). While highly accurate for specific locations, these data were collected to describe only very local conditions and cover a tiny portion of total forest area (Brown 1997). Consequently, these compilations could be highly biased (depending on where the individual point measurements are made), and provide only rough approximations of forest carbon stocks over larger spatial scales.",carbon_sequestration,None,Mt C a^-1
Southeast Asia,59,0,"Existing inventory data can be extrapolated across a country using empirical–statistical methods to compensate for imperfect sampling designs. Brown and colleagues (hereafter referred to as Brown) have advanced methods to use other spatially explicit data in a GIS analysis to compensate for missing or dubious inventory data and produce reliable maps of forest carbon stocks. Brown developed rule-based models based on climate, soils, topographic, population and land-use information to spatially extrapolate forest inventory data archived by the FAO and produce maps of forest carbon stocks in the 1980s (Brown et al 1993, Iverson et al 1994, Brown and Gaston 1995, Gaston et al 1998).Here, we updated the Brown forest carbon maps for Africa and Southeast Asia to account for major changes in forest cover 1980–2000 (Gibbs and Brown 2007a, 2007b). These maps provide the only forest carbon stock information for Southeast Asia and Africa that accounts for spatial variation in response to human and biophysical factors (figure 2).",carbon_sequestration,None,Mt C a^-1
Olson et al (1983),30,0,"a Table modified from Ramankutty et al (2007). Estimates of forest carbon stocks (t C/ha) are based on different biome-average datasets and most have slight modifications. All values are for above- and belowground forest biomass carbon. Olson et al (1983) was excluded from this table because he provides only a single value for all tropical forests (120 t C/ha) and for dry forest/woodland (60 t C/ha).b Houghton (1999)/DeFries et al (2002) and IPCC (2006) distinguished forest types within each region, whereas Brown (1997)/Achard et al (2004) distinguished only by region and not by forest type.",carbon_sequestration,120,Mt C a^-1
forest conditions,69,0,"A major advantage of the forest strata approach is that carbon stock estimates could be applied to estimate emissions in the past, present and future, which is important for reference scenarios. Forest conditions will change over time, but the carbon estimates can still be applied as long as the forest classification reflects these changing conditions. A limitation of this approach is that forest carbon stocks for a particular area may be overestimated or underestimated if the forests in question differ from the average forest strata values (Houghton et al 2001, Houghton 2005).7. Accounting for forest degradation and condition",carbon_sequestration,None,Mt C a^-1
FAO (Food and Agricultural Organization of the United Nations) 2005 FAO Statistical database 2005 available at http://faostat.fao.org/ (accessed 2005-09-06),81,0,"Dubayah R and Drake J B 2000 Lidar remote sensing for forestry applications J. Forestry 98 44–6FAO (Food and Agricultural Organization of the United Nations) 2000 Global forest resources assessment 2000 FAO Forestry paper 140 479FAO (Food and Agricultural Organization of the United Nations) 2005 FAO Statistical database 2005 available at http://faostat.fao.org/ (accessed 2005-09-06)Fearnside P M 2000 Global warming and tropical land-use change: greenhouse gas emissions from biomass burning, decomposition and soils in forest conversion, shifting cultivation and secondary vegetation Clim. Change 46 115–58Fearnside P M and Laurance W F 2003 Comment on ‘Determination of deforestation rates of the world’s humid tropical forests’ Science 299 1015Fearnside P M and Laurance W F 2004 Tropical deforestation and greenhouse gas emissions Ecological Appl. 14 982–6",carbon_sequestration,None,Mt C a^-1
Fr. Guiana,40,0,"<tr><td>Ethiopia</td><td>183</td><td>153</td><td>553</td><td>168</td><td>867</td><td>153–867</td></tr>  <tr><td>Fr. Guiana</td><td>1097</td><td>1683</td><td>1588</td><td>403</td><td>—</td><td>403–1683</td></tr>  <tr><td>Gabon</td><td>3063</td><td>3150</td><td>4742</td><td>3315</td><td>4114</td><td>3063–4742</td></tr>  <tr><td>Gambia, The</td><td>7</td><td>7</td><td>11</td><td>7</td><td>6</td><td>6–11</td></tr>",carbon_sequestration,403,Mt C a^-1
regions,12,0,"<td>Relates ground-based measurements of tree diameters or volume to forest carbon stocks using allometric relationships</td>    <td>      <ul>        <li>Generic relationships readily available</li>        <li>Low-tech method widely understood</li>        <li>Can be relatively inexpensive as field-labor is largest cost</li>      </ul>    </td>    <td>      <ul>        <li>Generic relationships not appropriate for all regions</li>        <li>Can be expensive and slow</li>        <li>Challenging to produce globally consistent results</li>      </ul>    </td>    <td>Low</td>  </tr>  <tr>    <td>Optical remote sensors</td>    <td>      <ul>        <li>Uses visible and infrared wavelengths to measure spectral indices and correlate to ground-based forest carbon measurements</li>        <li>Ex: Landsat, MODIS</li>      </ul>    </td>    <td>      <ul>",carbon_sequestration,None,Mt C a^-1
DeFries et al 2002,22,0,"These are the only estimates of country-level forest carbon stocks to date, and provide an important reference point for policy discussions. The estimates based on the IPCC (2006) default values provide Tier 1 estimates of national carbon stocks that can be used immediately. The other estimates are based on prominent estimates of carbon emissions from deforestation at the global scale (Houghton et al 2001, DeFries et al 2002, Achard et al 2002, 2004). The ground-based and remote-sensing approaches described next could help refine forest carbon stocks estimates for REDD and other incentive mechanisms to reduce emissions from deforestation.4. Ground-based forest inventory dataField campaigns focused on forest inventory measurements and direct estimation of aboveground biomass through destructive harvesting could greatly improve our quantification of forest carbon stocks. Measurements of diameter at breast height (DBH) alone or in combination with tree height can be converted to estimates of forest carbon stocks using allometric relationships. Allometric equations statistically relate these measured forest attributes to destructive harvest measurements, and exist for most forests (e.g. Brown 1997, Chave et al 2005, Keller et al 2001).",carbon_sequestration,None,Mt C a^-1
"Olson J S, Watts J A and Allison L J 1983 Carbon in live vegetation of major world ecosystems ORNL-5862 (Oak Ridge, TN: Oak Ridge National Laboratory)",90,0,"Mokany K, Raison J R and Prokushkin A S 2006 Critical analysis of root-shoot rations in terrestrial biomes Glob. Change Biol. 12 84–96Nascimento H E M and Laurance W F 2002 Total aboveground biomass in central Amazonian rainforests: a landscape-scale study Forest Ecol. Manag. 168 311–21Niles J O 2002 Tropical forests and climate change Climate change policy: a survey ed S Schneider, A Rosencranz and J Niles (Washington, DC: Island Press)Olander L P, Gibbs H K, Murray B C, Steininger M and Swenson J 2007 Data and methods to estimate national historical deforestation baselines in support of UNFCCC REDD Environ. Res. Lett. submittedOlson J S, Watts J A and Allison L J 1983 Carbon in live vegetation of major world ecosystems ORNL-5862 (Oak Ridge, TN: Oak Ridge National Laboratory)",carbon_sequestration,1983,Mt C a^-1
Cameroon,37,0,<tr><td>Brunei</td><td>58</td><td>112</td><td>115</td><td>72</td><td>40</td><td>40–115</td></tr>  <tr><td>Burundi</td><td>69</td><td>51</td><td>43</td><td>55</td><td>9</td><td>9–69</td></tr>  <tr><td>Cambodia</td><td>1008</td><td>1800</td><td>1222</td><td>1334</td><td>1914</td><td>957–1914</td></tr>  <tr><td>Cameroon</td><td>3721</td><td>3454</td><td>6138</td><td>3695</td><td>3622</td><td>3454–6138</td></tr>,carbon_sequestration,3721,Mt C a^-1
statistical relationships,9,0,"In this paper, we review and summarize a range of approaches that could be adapted to estimate forest carbon stocks across tropical countries at different tiers of detail and accuracy (table 1). Biome averages and new geographically explicit datasets, for instance, provide rough approximations that can be immediately used to estimate a nation’s carbon stocks (Tier 1). Ground-based measurements of tree diameters and height can be combined with predictive relationships to estimate forest carbon stocks (Tiers 2 and 3). Remote-sensing instruments mounted on satellites or airplanes can estimate tree volume and other proxies that can also be converted using statistical relationships with ground-based forest carbon measurements (Tiers 2 and 3). These approaches have varying benefits and limitations.3. Global estimates of forest carbon stocks: the biome-average approach",carbon_sequestration,None,Mt C a^-1
forest carbon sampling matrix and scheme,68,0,"To estimate carbon emissions it is necessary to know the area deforested and the amount of carbon these forests stored. Deforestation will likely be assessed using remote sensing and ideally the same observations will be used both to estimate deforestation and to design the forest carbon sampling matrix and scheme. If forest carbon stocks are collected according to a stratified sampling design it is important that deforestation is estimated for those same strata either through ‘wall-to-wall’ mapping or by ‘targeting sampling’ using the same stratified sampling scheme (DeFries et al 2005, 2007, Olander et al 2007). The average carbon stock value for each forest strata can be applied to the satellite-based forest map to estimate national-level forest carbon stocks or to a map of deforestation to estimate national-level forest emissions. Changes in carbon stocks and emissions could be monitored from satellite-based observations of deforestation once the broad spatial distribution of carbon stocks is well established (assuming deforestation and carbon assessments are compatible).",carbon_sequestration,None,Mt C a^-1
degradation,5,0,"The main carbon pools in tropical forest ecosystems are the living biomass of trees and understory vegetation and the dead mass of litter, woody debris and soil organic matter. The carbon stored in the aboveground living biomass of trees is typically the largest pool and the most directly impacted by deforestation and degradation. Thus, estimating aboveground forest biomass carbon is the most critical step in quantifying carbon stocks and fluxes from tropical forests, and the focus of this paper. Measurement protocols for other carbon pools are described elsewhere (e.g. Post et al 1999, Brown and Masera 2003, Pearson et al 2005a, IPCC 2006).",carbon_sequestration,None,Mt C a^-1
5 December 2007,0,0,"# Monitoring and estimating tropical forest carbon stocks: making REDD a reality**Holly K Gibbs$^{1}$, Sandra Brown$^{2}$, John O Niles$^{3}$ and Jonathan A Foley$^{1}$**$^{1}$ Center for Sustainability and the Global Environment (SAGE), Nelson Institute for Environmental Studies, University of Wisconsin, 1710 University Avenue, Madison, WI 53726, USA$^{2}$ Winrock International, Ecosystem Services Unit, 1621 N Kent Street, Suite 1200, Arlington, VA 22207, USA$^{3}$ Carbon Conservation, 1226 E Mason Street, Santa Barbara, CA 93103, USAReceived 14 August 2007Accepted for publication 1 November 2007Published 5 December 2007Online at stacks.iop.org/ERL/2/045023",carbon_sequestration,045023,Mt C a^-1
Gabon,40,0,"<tr><td>Ethiopia</td><td>183</td><td>153</td><td>553</td><td>168</td><td>867</td><td>153–867</td></tr>  <tr><td>Fr. Guiana</td><td>1097</td><td>1683</td><td>1588</td><td>403</td><td>—</td><td>403–1683</td></tr>  <tr><td>Gabon</td><td>3063</td><td>3150</td><td>4742</td><td>3315</td><td>4114</td><td>3063–4742</td></tr>  <tr><td>Gambia, The</td><td>7</td><td>7</td><td>11</td><td>7</td><td>6</td><td>6–11</td></tr>",carbon_sequestration,3063,Mt C a^-1
carbon stocks,73,0,"Here we have provided IPCC Tier 1 estimates of national-level forest carbon stocks that can be used immediately by countries and policy-makers. Each country will need to use expert judgment based on financial, time and capacity constraints in deciding whether to use higher Tier methods. In many countries it may be more feasible to rely on ground-based inventories rather than remotely sensed data to estimate forest carbon stocks, as labor costs are often low compared to installing and managing high-tech remote-sensing equipment and expertise. However, satellite-based estimates of forest carbon stocks will likely be more accessible over the next decade as new technologies emerge and technical capacities are strengthened. Collecting additional ground-based data using an appropriate sampling design that accounts for both forest type and condition will be necessary regardless of method and a critical next step for improving the understanding of carbon stocks and fluxes in tropical forests.Acknowledgments",carbon_sequestration,None,Mt C a^-1
tree diameters or volume,12,0,"<td>Relates ground-based measurements of tree diameters or volume to forest carbon stocks using allometric relationships</td>    <td>      <ul>        <li>Generic relationships readily available</li>        <li>Low-tech method widely understood</li>        <li>Can be relatively inexpensive as field-labor is largest cost</li>      </ul>    </td>    <td>      <ul>        <li>Generic relationships not appropriate for all regions</li>        <li>Can be expensive and slow</li>        <li>Challenging to produce globally consistent results</li>      </ul>    </td>    <td>Low</td>  </tr>  <tr>    <td>Optical remote sensors</td>    <td>      <ul>        <li>Uses visible and infrared wavelengths to measure spectral indices and correlate to ground-based forest carbon measurements</li>        <li>Ex: Landsat, MODIS</li>      </ul>    </td>    <td>      <ul>",carbon_sequestration,None,Mt C a^-1
carbon stocks,19,0,"Biomes likely represent the most important variation of forest carbon stocks because they account for major bioclimatic gradients such as temperature, precipitation and geologic substrate. However, forest carbon stocks vary further within each biome according to slope, elevation, drainage class, soil type and land-use history. An average value cannot adequately represent the variation for an entire forest category or country. Estimates of emissions from deforestation could be biased if the forests that are cleared have carbon stocks that systematically differ from the biome-average values (Houghton et al 2001, Houghton 2005). Further, the compilations of studies used to develop the biome averages generally focused on mature stands and were based on a few plots that may not adequately represent the biome or region. Use of biome averages is further constrained because it is very difficult to assess the uncertainty or accuracy of source data.",carbon_sequestration,None,Mt C a^-1
Laser remote sensors,15,0,</ul>    </td>    <td>      <ul>        <li>Less accurate in complex canopies of mature forests because signal saturates</li>        <li>Mountainous terrain also increases errors</li>        <li>Can be expensive and technically demanding</li>      </ul>    </td>    <td>Medium</td>  </tr>  <tr>    <td>Laser remote sensors</td>    <td>      <ul>        <li>LiDAR uses laser light to estimates forest height/vertical structure</li>        <li>Ex: Carbon 3-D satellite system combines Vegetation canopy LiDAR (VCL) with horizontal imager</li>      </ul>    </td>    <td>      <ul>        <li>Accurately estimates full spatial variability of forest carbon stocks</li>        <li>Potential for satellite-based system to estimate global forest carbon stocks</li>      </ul>    </td>    <td>      <ul>,carbon_sequestration,None,Mt C a^-1
Carbon 3-D satellite system,15,0,</ul>    </td>    <td>      <ul>        <li>Less accurate in complex canopies of mature forests because signal saturates</li>        <li>Mountainous terrain also increases errors</li>        <li>Can be expensive and technically demanding</li>      </ul>    </td>    <td>Medium</td>  </tr>  <tr>    <td>Laser remote sensors</td>    <td>      <ul>        <li>LiDAR uses laser light to estimates forest height/vertical structure</li>        <li>Ex: Carbon 3-D satellite system combines Vegetation canopy LiDAR (VCL) with horizontal imager</li>      </ul>    </td>    <td>      <ul>        <li>Accurately estimates full spatial variability of forest carbon stocks</li>        <li>Potential for satellite-based system to estimate global forest carbon stocks</li>      </ul>    </td>    <td>      <ul>,carbon_sequestration,None,Mt C a^-1
Mexico,44,0,<tr><td>Madagascar</td><td>1043</td><td>1055</td><td>2114</td><td>1116</td><td>1796</td><td>1043–2114</td></tr>  <tr><td>Malawi</td><td>290</td><td>246</td><td>391</td><td>267</td><td>152</td><td>152–391</td></tr>  <tr><td>Malaysia</td><td>2405</td><td>4625</td><td>4821</td><td>2984</td><td>3994</td><td>2405–4821</td></tr>  <tr><td>Mexico</td><td>4361</td><td>5924</td><td>5790</td><td>4646</td><td>—</td><td>4361–5924</td></tr>,carbon_sequestration,4361,Mt C a^-1
Rosenqvist et al 2003a,61,0,"Forest carbon stocks can also be evaluated using remote-sensing instruments mounted on satellites or airborne platforms, but substantial refinements are needed before routine assessments can be made at national or regional scales (Baccini et al 2004, DeFries et al 2007). No remote-sensing instrument can measure forest carbon stocks directly, and thus require additional ground-based data collection (Rosenqvist et al 2003a, Drake et al 2003). A major benefit of a satellite-based approach is the potential to provide ‘wall-to-wall’ observation of carbon stock proxies. Airplane-based sensors cover relatively small areas so the cost would likely be prohibitive for wall-to-wall coverage for larger countries, but a sampling approach could be used to estimate forest carbon stocks across a country (e.g. Drake et al 2003).",carbon_sequestration,None,Mt C a^-1
Brown 1997,22,0,"These are the only estimates of country-level forest carbon stocks to date, and provide an important reference point for policy discussions. The estimates based on the IPCC (2006) default values provide Tier 1 estimates of national carbon stocks that can be used immediately. The other estimates are based on prominent estimates of carbon emissions from deforestation at the global scale (Houghton et al 2001, DeFries et al 2002, Achard et al 2002, 2004). The ground-based and remote-sensing approaches described next could help refine forest carbon stocks estimates for REDD and other incentive mechanisms to reduce emissions from deforestation.4. Ground-based forest inventory dataField campaigns focused on forest inventory measurements and direct estimation of aboveground biomass through destructive harvesting could greatly improve our quantification of forest carbon stocks. Measurements of diameter at breast height (DBH) alone or in combination with tree height can be converted to estimates of forest carbon stocks using allometric relationships. Allometric equations statistically relate these measured forest attributes to destructive harvest measurements, and exist for most forests (e.g. Brown 1997, Chave et al 2005, Keller et al 2001).",carbon_sequestration,None,Mt C a^-1
Malawi,44,0,<tr><td>Madagascar</td><td>1043</td><td>1055</td><td>2114</td><td>1116</td><td>1796</td><td>1043–2114</td></tr>  <tr><td>Malawi</td><td>290</td><td>246</td><td>391</td><td>267</td><td>152</td><td>152–391</td></tr>  <tr><td>Malaysia</td><td>2405</td><td>4625</td><td>4821</td><td>2984</td><td>3994</td><td>2405–4821</td></tr>  <tr><td>Mexico</td><td>4361</td><td>5924</td><td>5790</td><td>4646</td><td>—</td><td>4361–5924</td></tr>,carbon_sequestration,152,Mt C a^-1
logged forests,47,0,"Stratification of systematic and random sampling schemes by broad forest types greatly increases survey efficiency by reducing unnecessary sampling and ensuring that major variation has been captured. It is important to assess how forest carbon stocks vary across a country before designing a stratified sampling scheme (Brown 2002). This information is used to define sampling strata or broad forest categories with similar forest carbon stocks. Information on soil types, drainage class, elevation, topography and land-use history are likely universally important to understanding the spatial distribution of carbon stocks. We recommend developing a ‘stratification matrix’ for each country or region using broad forest types (e.g. evergreen broadleaf, palm forests, semi-deciduous dry forests) and forest conditions such as drainage (e.g. flooded or dry), slope (e.g. steep or flat), level of degradation (e.g. logged, fragmented, pristine) and age (e.g. young fallow, secondary forest, mature) (figure 1).",carbon_sequestration,None,Mt C a^-1
carbon fluxes,5,0,"The main carbon pools in tropical forest ecosystems are the living biomass of trees and understory vegetation and the dead mass of litter, woody debris and soil organic matter. The carbon stored in the aboveground living biomass of trees is typically the largest pool and the most directly impacted by deforestation and degradation. Thus, estimating aboveground forest biomass carbon is the most critical step in quantifying carbon stocks and fluxes from tropical forests, and the focus of this paper. Measurement protocols for other carbon pools are described elsewhere (e.g. Post et al 1999, Brown and Masera 2003, Pearson et al 2005a, IPCC 2006).",carbon_sequestration,None,Mt C a^-1
woody debris,5,0,"The main carbon pools in tropical forest ecosystems are the living biomass of trees and understory vegetation and the dead mass of litter, woody debris and soil organic matter. The carbon stored in the aboveground living biomass of trees is typically the largest pool and the most directly impacted by deforestation and degradation. Thus, estimating aboveground forest biomass carbon is the most critical step in quantifying carbon stocks and fluxes from tropical forests, and the focus of this paper. Measurement protocols for other carbon pools are described elsewhere (e.g. Post et al 1999, Brown and Masera 2003, Pearson et al 2005a, IPCC 2006).",carbon_sequestration,None,Mt C a^-1
vegetation map,20,0,"Biome averages, however, are freely and immediately available and currently provide the only source of globally consistent forest carbon information. For these reasons, and despite the uncertainties, biome averages continue to be the most routinely used source of forest carbon stock data. Moreover, biome averages provide an important starting point for a country to assess the relative magnitude of their emissions from deforestation and degradation (IPCC Tier 1). Here we have compiled biome-average carbon stock estimates from prominent data sources (table 2). We attempted to trace the original source data and explain all modifications made by the biomass dataset producers, but that was not possible in every instance. We also standardized assumptions about carbon storage in different pools to allow true comparison.We calculated a range of forest carbon stock estimates for each tropical country by applying the standardized biome averages to the widely accepted forest classification scheme of the Global Land Cover 2000 (GLC 2000) vegetation map (stratified by FAO ecological zone map) and then overlaying country boundaries in a geographical information system (table 3).",carbon_sequestration,None,Mt C a^-1
Nicaragua,49,0,"<th>Gibbs and Brown (2007a, 2007b)</th>  </tr>  <tr><td>Myanmar</td><td>2843</td><td>5182</td><td>4867</td><td>4024</td><td>4754</td><td>2377–5182</td></tr>  <tr><td>Nepal</td><td>246</td><td>393</td><td>369</td><td>337</td><td>334</td><td>246–393</td></tr>  <tr><td>Nicaragua</td><td>930</td><td>1395</td><td>1275</td><td>972</td><td>—</td><td>930–1395</td></tr>  <tr><td>Nigeria</td><td>1805</td><td>1377</td><td>3952</td><td>1510</td><td>1278</td><td>1278–3952</td></tr>",carbon_sequestration,930,Mt C a^-1
Patenaude et al (2004),67,0,"LiDAR systems send out pulses of laser light and measure the signal return time to directly estimate the height and vertical structure of forests (Dubayah and Drake 2000, Patenaude et al 2004). The light hits the forest canopy and ground surfaces and is then reflected back to the instrument. Forest carbon stocks are estimated by applying allometric height–carbon relationships (Hese et al 2005), which can introduce some challenges in tropical forests that reach their maximum height relatively quickly but continue to accumulate carbon for many decades. However, large-footprint LiDAR remote sensing far exceeds the capabilities of radar and optical sensors to estimate carbon stocks for all forest types (Means et al 1998, Lefsky et al 1999, Drake et al 2003). Currently, airplane-mounted LiDAR instruments are too costly to be used for more than a small area. A satellite-based LiDAR system could provide global coverage but is not yet an option. However, future satellite missions including LiDAR instruments such as NASA’s DESDynI (planned launch in 2014) and the proposed but not yet funded ‘Carbon 3D’ could greatly improve our capacity to measure carbon stocks from space (Hese et al 2005).6. Linking measurements of carbon stocks and deforestation",carbon_sequestration,None,Mt C a^-1
deforestation,4,0,"Political acceptance and implementation of climate policies aimed at reducing carbon emissions from deforestation will require resolution of scientific challenges. Foremost among these challenges is identifying feasible approaches to assess national-level carbon emissions from deforestation and degradation in developing countries. To estimate emissions, we need to know the area of cleared forest and the amount of carbon that was stored in those forests. Methods to assess tropical deforestation are described elsewhere (DeFries et al 2005, 2007, Herold and Johns 2007, Olander et al 2007, Achard et al 2007). The purpose of this paper is to synthesize options to estimate national-level forest biomass carbon stocks in developing countries and propose methods to link forest carbon and deforestation estimates. Here we compile, update and map prominent forest biomass carbon databases to create the first complete set of national-level estimates.2. Overview of forest carbon stock measurements",carbon_sequestration,None,Mt C a^-1
Hese et al (2005),67,0,"LiDAR systems send out pulses of laser light and measure the signal return time to directly estimate the height and vertical structure of forests (Dubayah and Drake 2000, Patenaude et al 2004). The light hits the forest canopy and ground surfaces and is then reflected back to the instrument. Forest carbon stocks are estimated by applying allometric height–carbon relationships (Hese et al 2005), which can introduce some challenges in tropical forests that reach their maximum height relatively quickly but continue to accumulate carbon for many decades. However, large-footprint LiDAR remote sensing far exceeds the capabilities of radar and optical sensors to estimate carbon stocks for all forest types (Means et al 1998, Lefsky et al 1999, Drake et al 2003). Currently, airplane-mounted LiDAR instruments are too costly to be used for more than a small area. A satellite-based LiDAR system could provide global coverage but is not yet an option. However, future satellite missions including LiDAR instruments such as NASA’s DESDynI (planned launch in 2014) and the proposed but not yet funded ‘Carbon 3D’ could greatly improve our capacity to measure carbon stocks from space (Hese et al 2005).6. Linking measurements of carbon stocks and deforestation",carbon_sequestration,2005,Mt C a^-1
carbon emissions from deforestation and degradation in developing countries,1,0,"**Abstract**Reducing carbon emissions from deforestation and degradation in developing countries is of central importance in efforts to combat climate change. Key scientific challenges must be addressed to prevent any policy roadblocks. Foremost among the challenges is quantifying nations’ carbon emissions from deforestation and forest degradation, which requires information on forest clearing and carbon storage. Here we review a range of methods available to estimate national-level forest carbon stocks in developing countries. While there are no practical methods to directly measure all forest carbon stocks across a country, both ground-based and remote-sensing measurements of forest attributes can be converted into estimates of national carbon stocks using allometric relationships. Here we synthesize, map and update prominent forest biomass carbon databases to create the first complete set of national-level forest carbon stock estimates. These forest carbon estimates expand on the default values recommended by the Intergovernmental Panel on Climate Change’s National Greenhouse Gas Inventory Guidelines and provide a range of globally consistent estimates.**Keywords:** deforestation, tropical forests, forest biomass, carbon stocks, emissions, forest inventory, UNFCCC, REDD, LULUCF, avoided deforestation**1. Introduction**",carbon_sequestration,None,Mt C a^-1
national-level forest carbon stocks,68,0,"To estimate carbon emissions it is necessary to know the area deforested and the amount of carbon these forests stored. Deforestation will likely be assessed using remote sensing and ideally the same observations will be used both to estimate deforestation and to design the forest carbon sampling matrix and scheme. If forest carbon stocks are collected according to a stratified sampling design it is important that deforestation is estimated for those same strata either through ‘wall-to-wall’ mapping or by ‘targeting sampling’ using the same stratified sampling scheme (DeFries et al 2005, 2007, Olander et al 2007). The average carbon stock value for each forest strata can be applied to the satellite-based forest map to estimate national-level forest carbon stocks or to a map of deforestation to estimate national-level forest emissions. Changes in carbon stocks and emissions could be monitored from satellite-based observations of deforestation once the broad spatial distribution of carbon stocks is well established (assuming deforestation and carbon assessments are compatible).",carbon_sequestration,None,Mt C a^-1
Ajtay et al (1979),31,0,"c Used values from Houghton and Hackler (2001), which was based on a compilation of harvest measurements from ecological studies and originally published in Houghton (1999); ‘The values were obtained from summaries of global vegetation Whittaker and Likens (1973), Ajtay et al (1979), Olson et al (1983) as well as from regional studies (for additional sources see Melillo et al 1988, Houghton et al 1991, Houghton and Hackler 1995)’ (Houghton 1999: p 302). Values include aboveground, belowground and groundcover carbon stocks.d Estimated values based on Brown (1997), which was based on forest inventory data and converted to carbon stocks using allometric relationships. Achard et al (2002, 2004) increased values by 20% for root carbon stocks. Here, we report mean values; Achard et al (2004) added a range by adding ±20%.",carbon_sequestration,None,Mt C a^-1
"Sales M H, Souza C M Jr, Kyriakidis P C, Roberts D A and Vidal E 2007 Improving spatial distribution estimation of forest biomass with geostatistics: a case study for Rondonia, Brazil Ecol. Modelling 205 221–30",94,0,"Saatchi S S, Houghton R A, Dos Santos Alvala R C, Soares J V and Yu Y 2007 Distribution of aboveground live biomass in the Amazon Basin Glob. Change Biol. 13 816–37Sales M H, Souza C M Jr, Kyriakidis P C, Roberts D A and Vidal E 2007 Improving spatial distribution estimation of forest biomass with geostatistics: a case study for Rondonia, Brazil Ecol. Modelling 205 221–30Santilli M, Mouthino P, Schwartzman S, Nepstad D, Curran L and Nobre C 2005 Tropical deforestation and the Kyoto protocol Clim. Change 71 267–76Shimada M, Rosenqvist A, Watanabe M and Tadono T 2005 The polarimetric and interferometric potential of ALOS PALSAR Proc. POLInSAR 2005 (January 2005)Stephens B S et al 2007 Weak Northern and strong tropical land carbon uptake from vertical profiles of atmospheric CO$_2$ Science 316 1732–5",carbon_sequestration,221,Mt C a^-1
Brown and Lugo 1984,17,0,"of analyses. Often, ‘best guesses’ are employed as multiple biome averages are combined or modified (e.g. Houghton 1999, Houghton et al 2001, Fearnside 2000, Watson et al 2000, IPCC 2006).Biome averages are based on two main sources of information: compilations of whole-tree harvest measurement data and analysis of forest inventory data archived by the United Nations Food and Agricultural Organization (FAO) and others.• Compilations of point-based biomass harvest measurement data provide direct estimates of the actual forest volume or biomass at a particular site (e.g. Whittaker and Likens 1973, Olson et al 1983, Reichle 1981, Brown and Lugo 1984). While highly accurate for specific locations, these data were collected to describe only very local conditions and cover a tiny portion of total forest area (Brown 1997). Consequently, these compilations could be highly biased (depending on where the individual point measurements are made), and provide only rough approximations of forest carbon stocks over larger spatial scales.",carbon_sequestration,1984,Mt C a^-1
"Gullison et al (2007) - Concerns about diluting fossil fuel reductions, sovereignty and methods to measure emissions reductions. No specific countries mentioned, but implied to be tropical forest countries. However, the text does not explicitly mention any countries. ",3,0,"Despite the importance of avoiding deforestation and associated emissions, developing countries have had few economic or policy incentives to reduce emissions from land-use change (Santilli *et al* 2005). ‘Avoided deforestation’ projects were excluded from the 2008–2012 first commitment period of the Kyoto Protocol because of concerns about diluting fossil fuel reductions, sovereignty and methods to measure emissions reductions (Niles 2002, Gullison *et al* 2007). More recently the importance of including emissions reductions from tropical deforestation in future climate change policy has grown. The United Nations Framework Convention on Climate Change recently agreed to study and consider a new initiative, led by forest-rich developing countries, that calls for economic incentives to help facilitate reductionsin emissions from deforestation in developing countries (REDD).The REDD concept is—at its core—a proposal to provide financial incentives to help developing countries voluntarily reduce national deforestation rates and associated carbon emissions below a baseline (based either on a historical reference case or future projection). Countries that demonstrate emissions reductions may be able to sell those carbon credits on the international carbon market or elsewhere. These emissions reductions could simultaneously combat climate change, conserve biodiversity and protect other ecosystem goods and services.",carbon_sequestration,None,Mt C a^-1
Achard et al (2004),30,0,"a Table modified from Ramankutty et al (2007). Estimates of forest carbon stocks (t C/ha) are based on different biome-average datasets and most have slight modifications. All values are for above- and belowground forest biomass carbon. Olson et al (1983) was excluded from this table because he provides only a single value for all tropical forests (120 t C/ha) and for dry forest/woodland (60 t C/ha).b Houghton (1999)/DeFries et al (2002) and IPCC (2006) distinguished forest types within each region, whereas Brown (1997)/Achard et al (2004) distinguished only by region and not by forest type.",carbon_sequestration,60,Mt C a^-1
Westlake D F 1966 The biomass and productivity of glyceria maxima: I. Seasonal changes in biomass J. Ecol. 54 745–53,95,0,"Thenkabail P S, Enclona E A and Ashton M S 2004 Hyperion, IKONOS, ALI, and ETM+ sensors in the study of African rain forests Remote Sens. Environ. 90 23–43Waring R H, Way J, Hunt E R Jr, Morrissey L, Ranson K J, Weishampel J F, Oren R and Franklin S E 1995 Imaging radar for ecosystem studies BioScience 45 715–23Watson R T, Noble I R, Bolin B, Ravindranath N H, Verardo D J and Dokken D J 2000 Land use, land-use change, and forestry Special Report of the Intergovernmental Panel on Climate Change (Cambridge: Cambridge University Press) p 375Westlake D F 1966 The biomass and productivity of glyceria maxima: I. Seasonal changes in biomass J. Ecol. 54 745–53",carbon_sequestration,745,Mt C a^-1
living biomass of trees,5,0,"The main carbon pools in tropical forest ecosystems are the living biomass of trees and understory vegetation and the dead mass of litter, woody debris and soil organic matter. The carbon stored in the aboveground living biomass of trees is typically the largest pool and the most directly impacted by deforestation and degradation. Thus, estimating aboveground forest biomass carbon is the most critical step in quantifying carbon stocks and fluxes from tropical forests, and the focus of this paper. Measurement protocols for other carbon pools are described elsewhere (e.g. Post et al 1999, Brown and Masera 2003, Pearson et al 2005a, IPCC 2006).",carbon_sequestration,None,Mt C a^-1
Waring et al 1995,63,0,"The present suite of optical satellite sensors, such as Landsat, AVHRR and MODIS, cannot yet be used to estimate carbon stocks of tropical forests with certainty (Thenkabail et al 2004). Attempts have been made to estimate forest carbon stocks indirectly by developing statistical relationships between ground-based measurements and satellite-observed vegetation indices (e.g. Foody et al 2003, Lu 2005). But this method tends to underestimate carbon stocks in tropical forests where optical satellites are less effective due to dense canopy closure, and has been unsuccessful in generating broad or transferable relationships (Waring et al 1995). Nonetheless, optical remote-sensing systems are operational at the global scale and some satellite systems (Landsat and AVHRR) provide a globally consistent record for the last 30 years.5.2. Very high-resolution aerial imagery",carbon_sequestration,None,Mt C a^-1
Olson et al 1983,17,0,"of analyses. Often, ‘best guesses’ are employed as multiple biome averages are combined or modified (e.g. Houghton 1999, Houghton et al 2001, Fearnside 2000, Watson et al 2000, IPCC 2006).Biome averages are based on two main sources of information: compilations of whole-tree harvest measurement data and analysis of forest inventory data archived by the United Nations Food and Agricultural Organization (FAO) and others.• Compilations of point-based biomass harvest measurement data provide direct estimates of the actual forest volume or biomass at a particular site (e.g. Whittaker and Likens 1973, Olson et al 1983, Reichle 1981, Brown and Lugo 1984). While highly accurate for specific locations, these data were collected to describe only very local conditions and cover a tiny portion of total forest area (Brown 1997). Consequently, these compilations could be highly biased (depending on where the individual point measurements are made), and provide only rough approximations of forest carbon stocks over larger spatial scales.",carbon_sequestration,None,Mt C a^-1
Bolivia,36,0,<tr><td>Benin</td><td>410</td><td>260</td><td>792</td><td>292</td><td>262</td><td>260–792</td></tr>  <tr><td>Bhutan</td><td>13</td><td>29</td><td>121</td><td>22</td><td>2</td><td>1–121</td></tr>  <tr><td>Bolivia</td><td>6542</td><td>9541</td><td>9189</td><td>2469</td><td>—</td><td>2469–9189</td></tr>  <tr><td>Brazil</td><td>54 697</td><td>81 087</td><td>82 510</td><td>82 699</td><td>—</td><td>54 697–82 699</td></tr>,carbon_sequestration,2469,Mt C a^-1
"Achard et al (2002, 2004)",21,0,"Our analysis does not account for different forest conditions that could lead to lower carbon stocks, such as logged, burnt or secondary forest. The same biome-average carbon value was applied to all forests within each broad class regardless of their condition. Olson et al (1983) provided a single value for all tropical forests, which likely overestimates carbon storage in the dry tropics and open forests and underestimates carbon storage in humid and dense forests. Most sources provided a breakdown by forest type and continents (Houghton 1999, Achard et al 2002, 2004, IPCC 2006). Only the Gibbs and Brown (2007a, 2007b) estimates account for variations within forest classes from human disturbance and ecological conditions (described in section 4.3). Accuracy assessment is not possible until additional field data are collected across the tropics, so we cannot determine which dataset provides the most certain estimate.",carbon_sequestration,None,Mt C a^-1
"Waring R H, Way J, Hunt E R Jr, Morrissey L, Ranson K J, Weishampel J F, Oren R and Franklin S E 1995 Imaging radar for ecosystem studies BioScience 45 715–23",95,0,"Thenkabail P S, Enclona E A and Ashton M S 2004 Hyperion, IKONOS, ALI, and ETM+ sensors in the study of African rain forests Remote Sens. Environ. 90 23–43Waring R H, Way J, Hunt E R Jr, Morrissey L, Ranson K J, Weishampel J F, Oren R and Franklin S E 1995 Imaging radar for ecosystem studies BioScience 45 715–23Watson R T, Noble I R, Bolin B, Ravindranath N H, Verardo D J and Dokken D J 2000 Land use, land-use change, and forestry Special Report of the Intergovernmental Panel on Climate Change (Cambridge: Cambridge University Press) p 375Westlake D F 1966 The biomass and productivity of glyceria maxima: I. Seasonal changes in biomass J. Ecol. 54 745–53",carbon_sequestration,None,Mt C a^-1
boreal forests,62,0,"Remote-sensing methodologies have been more successful at measuring carbon stocks in boreal and temperate forests and in young stands with lower forest carbon densities (Rosenqvist et al 2003b). Tropical forests are among the most carbon-rich and structurally complex ecosystems in the world and signals from remote-sensing instruments tend to saturate quickly. This has inhibited reliable forest carbon stock estimates in these ecosystems. Remote-sensing systems relying on optical data (visible and infrared light) are further limited in the tropics by cloud cover, but newer technologies, such as radar systems, can penetrate clouds and provide data day and night (Asner 2001).Attempts to use remote-sensing data to estimate carbon stocks have evolved along four major fronts:5.1. Optical remote sensing data",carbon_sequestration,None,Mt C a^-1
roots,55,0,"a Overview of methods used to develop table 3: In most cases, total forest carbon stocks per country were calculated by applying biome-average forest carbon values to a satellite-based global land cover map for the year 2000 (GLC 2000) stratified by the FAO forest ecological zone map (FAO 2001). Gibbs and Brown (2007a, 2007b) applied a rule-based model to the GLC 2000 map. Additional description of data sources can be found in table 2 footnotes. All values are for above- and belowground forest biomass carbon stocks (trunk, branches, roots). Units expressed as million tonnes of carbon (M t C). (1) We attempted to trace each biome average to the original source of data and explain all modifications made by the biomass dataset producers, but this was not always possible. (2) Forest classes from the global classification scheme of GLC 2000 include the following: broadleaved evergreen, broadleaved deciduous open, broadleaved deciduous closed, needleleaved evergreen, needleleaved deciduous, mixed leaf, mosaic, and burnt. All non-forest land cover categories were excluded. (3) Each data set provided different values for different biome types. If only a single forest class was provided it was applied universally to all of the above classes (open and closed). When more than one forest category was provided it was translated and applied accordingly. (4) Note that only Gibbs and Brown (2007a, 2007b) account for the impact of human disturbance on forest carbon stocks. All other estimates use the same biome-average carbon value for all forests within each broad class regardless of their condition—however, we divided the average forest carbon stocks values in half for the mosaic and burnt classes in GLC 2000.",carbon_sequestration,None,Mt C a^-1
Latin America,26,0,<td>—</td>    <td>—</td>  </tr>  <tr>    <td>Latin America</td>    <td></td>    <td></td>    <td></td>    <td></td>  </tr>  <tr>    <td>Tropical equatorial forest</td>    <td>200</td>    <td>—</td>    <td>—</td>    <td>193</td>  </tr>  <tr>    <td>Tropical seasonal forest</td>    <td>140</td>    <td>—</td>    <td>—</td>    <td>128</td>  </tr>  <tr>    <td>Tropical dry forest</td>    <td>.55</td>    <td>47</td>    <td>—</td>    <td>126</td>  </tr>  <tr>,carbon_sequestration,None,Mt C a^-1
"Page S E, Siegert F, Rieley J O, Boehm Hans-Dieter V, Jaya A and Limin S 2002 The amount of carbon released from peat and forest fires in Indonesia during 1997 Nature 420 61–5",91,0,"Paciomik N and Rypdal K 2003 Cross cutting issues, section 5.3 sampling Good Practice Guidance For Land Use, Land-Use Change and Forestry, Intergovernmental Panel on Climate Change National Greenhouse Gas Inventories Programme ed J Penman, M Gytartsky, T Hiraishi, T Krug, D Kruger, R Pipatti, L Buendia, K Miwa, T Ngara, K Tanabe and F Wagner (Kanagawa: Institute for Global Environmental Strategies (IGES)) pp 5.21–5.28Page S E, Siegert F, Rieley J O, Boehm Hans-Dieter V, Jaya A and Limin S 2002 The amount of carbon released from peat and forest fires in Indonesia during 1997 Nature 420 61–5Patenaude G et al 2004 Quantifying forest above ground carbon content using lidar remote sensing Remote Sens. Environ. 93 368–80",carbon_sequestration,61,Mt C a^-1
"Olson et al, 1983",10,0,"Nearly all estimates of emissions from tropical deforestation are based on a handful of biome-average datasets where a single representative value of forest carbon per unit area (e.g. tonnes of C per hectare) is applied to broad forest categories or biomes (e.g. Fearnside 2000, Houghton 1999, Houghton et al 2001, DeFries et al 2002, Achard et al 2002, 2004, Ramankutty et al 2007). The earliest compilations of biome averages were made decades ago and have been subsequently updated and modified by the research community (e.g. Whittaker and Likens 1973, Ajtay et al 1979, Olson et al 1983, Brown and Lugo 1984, 1992). This continuous updating of biome averages makes it difficult to identify original data sources and other key information. Many contemporary estimates of forest carbon stocks are based on multiple versions or iterationsTable 1. Benefits and limitations of available methods to estimate national-level forest carbon stocks.",carbon_sequestration,None,Mt C a^-1
Whittaker and Likens (1973),31,0,"c Used values from Houghton and Hackler (2001), which was based on a compilation of harvest measurements from ecological studies and originally published in Houghton (1999); ‘The values were obtained from summaries of global vegetation Whittaker and Likens (1973), Ajtay et al (1979), Olson et al (1983) as well as from regional studies (for additional sources see Melillo et al 1988, Houghton et al 1991, Houghton and Hackler 1995)’ (Houghton 1999: p 302). Values include aboveground, belowground and groundcover carbon stocks.d Estimated values based on Brown (1997), which was based on forest inventory data and converted to carbon stocks using allometric relationships. Achard et al (2002, 2004) increased values by 20% for root carbon stocks. Here, we report mean values; Achard et al (2004) added a range by adding ±20%.",carbon_sequestration,None,Mt C a^-1
tropical forest ecosystems,5,0,"The main carbon pools in tropical forest ecosystems are the living biomass of trees and understory vegetation and the dead mass of litter, woody debris and soil organic matter. The carbon stored in the aboveground living biomass of trees is typically the largest pool and the most directly impacted by deforestation and degradation. Thus, estimating aboveground forest biomass carbon is the most critical step in quantifying carbon stocks and fluxes from tropical forests, and the focus of this paper. Measurement protocols for other carbon pools are described elsewhere (e.g. Post et al 1999, Brown and Masera 2003, Pearson et al 2005a, IPCC 2006).",carbon_sequestration,None,Mt C a^-1
"McGroddy M E, Daufresne T and Hedin L O 2004 Scaling of C:N:P stoichiometry in forests worldwide: implications of terrestrial Redfield-type ratios Ecology 85 2390–401",89,0,"McGroddy M E, Daufresne T and Hedin L O 2004 Scaling of C:N:P stoichiometry in forests worldwide: implications of terrestrial Redfield-type ratios Ecology 85 2390–401Means J E, Acker S A, Harding D J, Blair J B, Lefsky M A, Cohen W B, Harmon M E and McKee W A 1998 Use of large-footprint scanning airborne lidar to estimate forest stand characteristics in the western cascades of Oregon Remote Sens. Environ. 67 298–308Melillo J M, Frucht J R, Houghton R A, Moore B and Skole D L 1988 Land-use change in the Soviet Union between 1850 and 1990: causes of a net release of CO2 to the atmosphere Tellus B 40 116–28Mette T, Papathanassiou K P, Hajnsek I and Zimmerman R 2003 Forest biomass estimation using polarimetric SAR interferometry Proc. POLnSAR (Italy: Frascati)",carbon_sequestration,2390,Mt C a^-1
Fearnside and Laurance 2004,2,0,"Forests sequester and store more carbon than any other terrestrial ecosystem and are an important natural ‘brake’ on climate change. When forests are cleared or degraded, their stored carbon is released into the atmosphere as carbon dioxide (CO$_2$). Tropical deforestation is estimated to have released of the order of 1–2 billion tonnes of carbon per year during the 1990s, roughly 15–25% of annual global greenhouse gas emissions (Malhi and Grace 2000, Fearnside and Laurance 2003, 2004, Houghton 2005). The largest source of greenhouse gas emissions in most tropical countries is from deforestation and forest degradation. In Africa, for example, deforestation accounts for nearly 70% of total emissions (FAO 2005). Moreover, clearing tropical forests also destroys globally important carbon sinks that are currently sequestering CO$_2$ from the atmosphere and are critical to future climate stabilization (Stephens *et al* 2007).",carbon_sequestration,None,Mt C a^-1
"Gambia, The",40,0,"<tr><td>Ethiopia</td><td>183</td><td>153</td><td>553</td><td>168</td><td>867</td><td>153–867</td></tr>  <tr><td>Fr. Guiana</td><td>1097</td><td>1683</td><td>1588</td><td>403</td><td>—</td><td>403–1683</td></tr>  <tr><td>Gabon</td><td>3063</td><td>3150</td><td>4742</td><td>3315</td><td>4114</td><td>3063–4742</td></tr>  <tr><td>Gambia, The</td><td>7</td><td>7</td><td>11</td><td>7</td><td>6</td><td>6–11</td></tr>",carbon_sequestration,7,Mt C a^-1
FAO forest ecological zone map (FAO 2001),55,0,"a Overview of methods used to develop table 3: In most cases, total forest carbon stocks per country were calculated by applying biome-average forest carbon values to a satellite-based global land cover map for the year 2000 (GLC 2000) stratified by the FAO forest ecological zone map (FAO 2001). Gibbs and Brown (2007a, 2007b) applied a rule-based model to the GLC 2000 map. Additional description of data sources can be found in table 2 footnotes. All values are for above- and belowground forest biomass carbon stocks (trunk, branches, roots). Units expressed as million tonnes of carbon (M t C). (1) We attempted to trace each biome average to the original source of data and explain all modifications made by the biomass dataset producers, but this was not always possible. (2) Forest classes from the global classification scheme of GLC 2000 include the following: broadleaved evergreen, broadleaved deciduous open, broadleaved deciduous closed, needleleaved evergreen, needleleaved deciduous, mixed leaf, mosaic, and burnt. All non-forest land cover categories were excluded. (3) Each data set provided different values for different biome types. If only a single forest class was provided it was applied universally to all of the above classes (open and closed). When more than one forest category was provided it was translated and applied accordingly. (4) Note that only Gibbs and Brown (2007a, 2007b) account for the impact of human disturbance on forest carbon stocks. All other estimates use the same biome-average carbon value for all forests within each broad class regardless of their condition—however, we divided the average forest carbon stocks values in half for the mosaic and burnt classes in GLC 2000.",carbon_sequestration,None,Mt C a^-1
spectral indices,12,0,"<td>Relates ground-based measurements of tree diameters or volume to forest carbon stocks using allometric relationships</td>    <td>      <ul>        <li>Generic relationships readily available</li>        <li>Low-tech method widely understood</li>        <li>Can be relatively inexpensive as field-labor is largest cost</li>      </ul>    </td>    <td>      <ul>        <li>Generic relationships not appropriate for all regions</li>        <li>Can be expensive and slow</li>        <li>Challenging to produce globally consistent results</li>      </ul>    </td>    <td>Low</td>  </tr>  <tr>    <td>Optical remote sensors</td>    <td>      <ul>        <li>Uses visible and infrared wavelengths to measure spectral indices and correlate to ground-based forest carbon measurements</li>        <li>Ex: Landsat, MODIS</li>      </ul>    </td>    <td>      <ul>",carbon_sequestration,None,Mt C a^-1
Holly K Gibbs,0,0,"# Monitoring and estimating tropical forest carbon stocks: making REDD a reality**Holly K Gibbs$^{1}$, Sandra Brown$^{2}$, John O Niles$^{3}$ and Jonathan A Foley$^{1}$**$^{1}$ Center for Sustainability and the Global Environment (SAGE), Nelson Institute for Environmental Studies, University of Wisconsin, 1710 University Avenue, Madison, WI 53726, USA$^{2}$ Winrock International, Ecosystem Services Unit, 1621 N Kent Street, Suite 1200, Arlington, VA 22207, USA$^{3}$ Carbon Conservation, 1226 E Mason Street, Santa Barbara, CA 93103, USAReceived 14 August 2007Accepted for publication 1 November 2007Published 5 December 2007Online at stacks.iop.org/ERL/2/045023",carbon_sequestration,None,Mt C a^-1
forest carbon stocks,9,0,"In this paper, we review and summarize a range of approaches that could be adapted to estimate forest carbon stocks across tropical countries at different tiers of detail and accuracy (table 1). Biome averages and new geographically explicit datasets, for instance, provide rough approximations that can be immediately used to estimate a nation’s carbon stocks (Tier 1). Ground-based measurements of tree diameters and height can be combined with predictive relationships to estimate forest carbon stocks (Tiers 2 and 3). Remote-sensing instruments mounted on satellites or airplanes can estimate tree volume and other proxies that can also be converted using statistical relationships with ground-based forest carbon measurements (Tiers 2 and 3). These approaches have varying benefits and limitations.3. Global estimates of forest carbon stocks: the biome-average approach",carbon_sequestration,None,Mt C a^-1
Paciomik and Rypdal 2003,57,0,"plots (Brown <i>et al</i> 2000, Hamburg 2000, Nascimento and Laurance 2002, Paciomik and Rypdal 2003, Pearson <i>et al</i> 2005a).Country-level forest carbon stocks can then be estimated using the statistically sampled ground-based data. Allometric relationships are first applied to the ground-based forest measurements to estimate the average carbon stocks in each forest strata (Forest C/ha).A country’s forest carbon stocks can then be estimated by applying the average carbon density values across a national land-cover map or to a forest statistics table with the same forest strata (see section 6 for more on linking forest carbon and deforestation measurements). This approach could improve upon the Tier 1 results reported in table 3 and provide estimates at the Tier 2 or 3 level.4.2. Existing forest inventory data",carbon_sequestration,None,Mt C a^-1
Costa Rica,38,0,<tr><td>CAR</td><td>4059</td><td>3176</td><td>7405</td><td>3524</td><td>4096</td><td>3176–7405</td></tr>  <tr><td>Colombia</td><td>6737</td><td>10 085</td><td>11 467</td><td>2529</td><td>—</td><td>2529–11 467</td></tr>  <tr><td>Congo</td><td>3458</td><td>3549</td><td>5472</td><td>3740</td><td>4739</td><td>3458–5472</td></tr>  <tr><td>Costa Rica</td><td>471</td><td>704</td><td>593</td><td>493</td><td>—</td><td>471–704</td></tr>,carbon_sequestration,493,Mt C a^-1
secondary forests,47,0,"Stratification of systematic and random sampling schemes by broad forest types greatly increases survey efficiency by reducing unnecessary sampling and ensuring that major variation has been captured. It is important to assess how forest carbon stocks vary across a country before designing a stratified sampling scheme (Brown 2002). This information is used to define sampling strata or broad forest categories with similar forest carbon stocks. Information on soil types, drainage class, elevation, topography and land-use history are likely universally important to understanding the spatial distribution of carbon stocks. We recommend developing a ‘stratification matrix’ for each country or region using broad forest types (e.g. evergreen broadleaf, palm forests, semi-deciduous dry forests) and forest conditions such as drainage (e.g. flooded or dry), slope (e.g. steep or flat), level of degradation (e.g. logged, fragmented, pristine) and age (e.g. young fallow, secondary forest, mature) (figure 1).",carbon_sequestration,None,Mt C a^-1
targeting sampling,68,0,"To estimate carbon emissions it is necessary to know the area deforested and the amount of carbon these forests stored. Deforestation will likely be assessed using remote sensing and ideally the same observations will be used both to estimate deforestation and to design the forest carbon sampling matrix and scheme. If forest carbon stocks are collected according to a stratified sampling design it is important that deforestation is estimated for those same strata either through ‘wall-to-wall’ mapping or by ‘targeting sampling’ using the same stratified sampling scheme (DeFries et al 2005, 2007, Olander et al 2007). The average carbon stock value for each forest strata can be applied to the satellite-based forest map to estimate national-level forest carbon stocks or to a map of deforestation to estimate national-level forest emissions. Changes in carbon stocks and emissions could be monitored from satellite-based observations of deforestation once the broad spatial distribution of carbon stocks is well established (assuming deforestation and carbon assessments are compatible).",carbon_sequestration,None,Mt C a^-1
Philippines,51,0,<tr><td>Philippines</td><td>869</td><td>1765</td><td>2503</td><td>1213</td><td>1530</td><td>765–2503</td></tr>  <tr><td>Rwanda</td><td>45</td><td>45</td><td>36</td><td>48</td><td>6</td><td>6–48</td></tr>  <tr><td>Senegal</td><td>171</td><td>141</td><td>228</td><td>153</td><td>86</td><td>86–228</td></tr>  <tr><td>Sierra Leone</td><td>136</td><td>114</td><td>683</td><td>123</td><td>240</td><td>114–683</td></tr>,carbon_sequestration,2503,Mt C a^-1
"DeFries R S, Houghton R A, Hansen M C, Field C B, Skole D and Townshend J 2002 Carbon emissions from tropical deforestation and regrowth based on satellite observations for the 1980s and 1990s Proc. Natl Acad. Sci. USA 99 14256–61",80,0,"DeFries R S, Asner G, Achard F, Justice C, Laporte N, Price K, Small C and Townshend J 2005 Monitoring tropical deforestation for emerging carbon markets Tropical Deforestation and Climate Change ed P Moutino and S Schwartzman (Belem: IPAM and Environmental Defense) pp 35–44DeFries R S, Houghton R A, Hansen M C, Field C B, Skole D and Townshend J 2002 Carbon emissions from tropical deforestation and regrowth based on satellite observations for the 1980s and 1990s Proc. Natl Acad. Sci. USA 99 14256–61Delaney M, Brown S, Lugo A E, Torres-Lezama A and Bello Quintero N 1998 The quantity and turnover of dead wood in permanent forest plots in six life zones of Venezuela Biotropica 30 2–11Drake J B et al 2003 Above-ground biomass estimation in closed-canopy neotropical forests using lidar remote sensing: factors affecting the generality of relationships Glob. Ecol. Biogeogr. 12 147–59",carbon_sequestration,14256,Mt C a^-1
biome-average approach,9,0,"In this paper, we review and summarize a range of approaches that could be adapted to estimate forest carbon stocks across tropical countries at different tiers of detail and accuracy (table 1). Biome averages and new geographically explicit datasets, for instance, provide rough approximations that can be immediately used to estimate a nation’s carbon stocks (Tier 1). Ground-based measurements of tree diameters and height can be combined with predictive relationships to estimate forest carbon stocks (Tiers 2 and 3). Remote-sensing instruments mounted on satellites or airplanes can estimate tree volume and other proxies that can also be converted using statistical relationships with ground-based forest carbon measurements (Tiers 2 and 3). These approaches have varying benefits and limitations.3. Global estimates of forest carbon stocks: the biome-average approach",carbon_sequestration,None,Mt C a^-1
Vietnam,53,0,<tr><td>Togo</td><td>252</td><td>172</td><td>510</td><td>192</td><td>145</td><td>145–510</td></tr>  <tr><td>Uganda</td><td>536</td><td>434</td><td>1237</td><td>479</td><td>429</td><td>429–1237</td></tr>  <tr><td>Venezuela</td><td>6141</td><td>9202</td><td>7886</td><td>2326</td><td>—</td><td>2326–9202</td></tr>  <tr><td>Vietnam</td><td>774</td><td>1632</td><td>1546</td><td>1169</td><td>1642</td><td>774–1642</td></tr>,carbon_sequestration,1169,Mt C a^-1
Ghana,41,0,<tr><td>Ghana</td><td>880</td><td>612</td><td>2172</td><td>678</td><td>609</td><td>609–2172</td></tr>  <tr><td>Guatemala</td><td>787</td><td>1147</td><td>923</td><td>823</td><td>—</td><td>787–1147</td></tr>  <tr><td>Guinea</td><td>854</td><td>598</td><td>2051</td><td>664</td><td>973</td><td>598–2051</td></tr>  <tr><td>Guin.-Bissau</td><td>204</td><td>145</td><td>381</td><td>161</td><td>78</td><td>78–381</td></tr>,carbon_sequestration,880,Mt C a^-1
"Means J E, Acker S A, Harding D J, Blair J B, Lefsky M A, Cohen W B, Harmon M E and McKee W A 1998 Use of large-footprint scanning airborne lidar to estimate forest stand characteristics in the western cascades of Oregon Remote Sens. Environ. 67 298–308",89,0,"McGroddy M E, Daufresne T and Hedin L O 2004 Scaling of C:N:P stoichiometry in forests worldwide: implications of terrestrial Redfield-type ratios Ecology 85 2390–401Means J E, Acker S A, Harding D J, Blair J B, Lefsky M A, Cohen W B, Harmon M E and McKee W A 1998 Use of large-footprint scanning airborne lidar to estimate forest stand characteristics in the western cascades of Oregon Remote Sens. Environ. 67 298–308Melillo J M, Frucht J R, Houghton R A, Moore B and Skole D L 1988 Land-use change in the Soviet Union between 1850 and 1990: causes of a net release of CO2 to the atmosphere Tellus B 40 116–28Mette T, Papathanassiou K P, Hajnsek I and Zimmerman R 2003 Forest biomass estimation using polarimetric SAR interferometry Proc. POLnSAR (Italy: Frascati)",carbon_sequestration,None,Mt C a^-1
FAO,18,0,"• Analysis of forest inventory data archived by the FAO and others have also been used to develop biome averages. Forest inventory data can provide high quality information for a particular region, but existinginventories were generally not collected using sampling schemes appropriate for the biome scale. Country-level estimates of forest carbon stocks reported in the FAO Forest Resources Assessments are also based on forest inventory data, but these estimates are highly suspect because of inadequate sampling for the national scale and inconsistent methods (Brown 1997, FAO 2000, 2005). In the latest FAO report, national forest carbon estimates based on inventory data remain very questionable, with more than half of tropical countries relying on ‘best guesses’ rather than actual measurements (FAO 2005).",carbon_sequestration,None,Mt C a^-1
Center for Sustainability and the Global Environment (SAGE),0,0,"# Monitoring and estimating tropical forest carbon stocks: making REDD a reality**Holly K Gibbs$^{1}$, Sandra Brown$^{2}$, John O Niles$^{3}$ and Jonathan A Foley$^{1}$**$^{1}$ Center for Sustainability and the Global Environment (SAGE), Nelson Institute for Environmental Studies, University of Wisconsin, 1710 University Avenue, Madison, WI 53726, USA$^{2}$ Winrock International, Ecosystem Services Unit, 1621 N Kent Street, Suite 1200, Arlington, VA 22207, USA$^{3}$ Carbon Conservation, 1226 E Mason Street, Santa Barbara, CA 93103, USAReceived 14 August 2007Accepted for publication 1 November 2007Published 5 December 2007Online at stacks.iop.org/ERL/2/045023",carbon_sequestration,None,Mt C a^-1
Burundi,37,0,<tr><td>Brunei</td><td>58</td><td>112</td><td>115</td><td>72</td><td>40</td><td>40–115</td></tr>  <tr><td>Burundi</td><td>69</td><td>51</td><td>43</td><td>55</td><td>9</td><td>9–69</td></tr>  <tr><td>Cambodia</td><td>1008</td><td>1800</td><td>1222</td><td>1334</td><td>1914</td><td>957–1914</td></tr>  <tr><td>Cameroon</td><td>3721</td><td>3454</td><td>6138</td><td>3695</td><td>3622</td><td>3454–6138</td></tr>,carbon_sequestration,9,Mt C a^-1
"Post W M, Izaurralde R C, Mann L K and Bliss N 1999 Monitoring and verification of soil organic carbon sequestration Proc. Symp. Carbon Sequestration in Soils Science, Monitoring and Beyond (December) ed N J Rosenberg, R C Izaurralde and E L Malone (Columbus, OH: Batelle Press) p 41",92,0,"Pearson T, Brown S, Petrova S, Moore N and Slaymaker D 2005b Application of multispectral three-dimensional aerial digital imagery for estimating carbon stocks in a closed tropical forest Report to The Nature Conservancy Winrock InternationalPearson T, Walker S and Brown S 2005a Sourcebook for land use, land-use change and forestry projects Winrock International and the BioCarbon Fund of the World Bank p 57Penman J et al 2003 Good practice guidance for land use, land-use change and forestry IPCC National Greenhouse Gas Inventories Programme and Institute for Global Environmental Strategies, Kanagawa, Japan available at: http://www.ipcc-nggip.iges.or.jp/public/gpglulucf/gpglulucf.htmPost W M, Izaurralde R C, Mann L K and Bliss N 1999 Monitoring and verification of soil organic carbon sequestration Proc. Symp. Carbon Sequestration in Soils Science, Monitoring and Beyond (December) ed N J Rosenberg, R C Izaurralde and E L Malone (Columbus, OH: Batelle Press) p 41",carbon_sequestration,41,Mt C a^-1
Ramankutty et al (2007),30,0,"a Table modified from Ramankutty et al (2007). Estimates of forest carbon stocks (t C/ha) are based on different biome-average datasets and most have slight modifications. All values are for above- and belowground forest biomass carbon. Olson et al (1983) was excluded from this table because he provides only a single value for all tropical forests (120 t C/ha) and for dry forest/woodland (60 t C/ha).b Houghton (1999)/DeFries et al (2002) and IPCC (2006) distinguished forest types within each region, whereas Brown (1997)/Achard et al (2004) distinguished only by region and not by forest type.",carbon_sequestration,120,Mt C a^-1
Jonathan A Foley,0,0,"# Monitoring and estimating tropical forest carbon stocks: making REDD a reality**Holly K Gibbs$^{1}$, Sandra Brown$^{2}$, John O Niles$^{3}$ and Jonathan A Foley$^{1}$**$^{1}$ Center for Sustainability and the Global Environment (SAGE), Nelson Institute for Environmental Studies, University of Wisconsin, 1710 University Avenue, Madison, WI 53726, USA$^{2}$ Winrock International, Ecosystem Services Unit, 1621 N Kent Street, Suite 1200, Arlington, VA 22207, USA$^{3}$ Carbon Conservation, 1226 E Mason Street, Santa Barbara, CA 93103, USAReceived 14 August 2007Accepted for publication 1 November 2007Published 5 December 2007Online at stacks.iop.org/ERL/2/045023",carbon_sequestration,None,Mt C a^-1
tree diameters,9,0,"In this paper, we review and summarize a range of approaches that could be adapted to estimate forest carbon stocks across tropical countries at different tiers of detail and accuracy (table 1). Biome averages and new geographically explicit datasets, for instance, provide rough approximations that can be immediately used to estimate a nation’s carbon stocks (Tier 1). Ground-based measurements of tree diameters and height can be combined with predictive relationships to estimate forest carbon stocks (Tiers 2 and 3). Remote-sensing instruments mounted on satellites or airplanes can estimate tree volume and other proxies that can also be converted using statistical relationships with ground-based forest carbon measurements (Tiers 2 and 3). These approaches have varying benefits and limitations.3. Global estimates of forest carbon stocks: the biome-average approach",carbon_sequestration,None,Mt C a^-1
forest clearing,1,0,"**Abstract**Reducing carbon emissions from deforestation and degradation in developing countries is of central importance in efforts to combat climate change. Key scientific challenges must be addressed to prevent any policy roadblocks. Foremost among the challenges is quantifying nations’ carbon emissions from deforestation and forest degradation, which requires information on forest clearing and carbon storage. Here we review a range of methods available to estimate national-level forest carbon stocks in developing countries. While there are no practical methods to directly measure all forest carbon stocks across a country, both ground-based and remote-sensing measurements of forest attributes can be converted into estimates of national carbon stocks using allometric relationships. Here we synthesize, map and update prominent forest biomass carbon databases to create the first complete set of national-level forest carbon stock estimates. These forest carbon estimates expand on the default values recommended by the Intergovernmental Panel on Climate Change’s National Greenhouse Gas Inventory Guidelines and provide a range of globally consistent estimates.**Keywords:** deforestation, tropical forests, forest biomass, carbon stocks, emissions, forest inventory, UNFCCC, REDD, LULUCF, avoided deforestation**1. Introduction**",carbon_sequestration,None,Mt C a^-1
Tier 3,9,0,"In this paper, we review and summarize a range of approaches that could be adapted to estimate forest carbon stocks across tropical countries at different tiers of detail and accuracy (table 1). Biome averages and new geographically explicit datasets, for instance, provide rough approximations that can be immediately used to estimate a nation’s carbon stocks (Tier 1). Ground-based measurements of tree diameters and height can be combined with predictive relationships to estimate forest carbon stocks (Tiers 2 and 3). Remote-sensing instruments mounted on satellites or airplanes can estimate tree volume and other proxies that can also be converted using statistical relationships with ground-based forest carbon measurements (Tiers 2 and 3). These approaches have varying benefits and limitations.3. Global estimates of forest carbon stocks: the biome-average approach",carbon_sequestration,None,Mt C a^-1
Central America,25,0,"<table>  <tr>    <th>Forest type or regionb</th>    <th>Houghton (1999)/DeFries et al (2002)c</th>    <th>Brown (1997)/Achard et al (2004)d</th>    <th>Gibbs and Brown (2007a, 2007b)e</th>    <th>IPCC (2006)f</th>  </tr>  <tr>    <td>Central America</td>    <td>—</td>    <td>—</td>    <td>—</td>    <td>—</td>  </tr>  <tr>    <td>Pan-Amazon</td>    <td>—</td>    <td>129</td>    <td>—</td>    <td>—</td>  </tr>  <tr>    <td>Brazilian Amazon</td>    <td>—</td>    <td>186</td>",carbon_sequestration,None,Mt C a^-1
GLC 2000,55,0,"a Overview of methods used to develop table 3: In most cases, total forest carbon stocks per country were calculated by applying biome-average forest carbon values to a satellite-based global land cover map for the year 2000 (GLC 2000) stratified by the FAO forest ecological zone map (FAO 2001). Gibbs and Brown (2007a, 2007b) applied a rule-based model to the GLC 2000 map. Additional description of data sources can be found in table 2 footnotes. All values are for above- and belowground forest biomass carbon stocks (trunk, branches, roots). Units expressed as million tonnes of carbon (M t C). (1) We attempted to trace each biome average to the original source of data and explain all modifications made by the biomass dataset producers, but this was not always possible. (2) Forest classes from the global classification scheme of GLC 2000 include the following: broadleaved evergreen, broadleaved deciduous open, broadleaved deciduous closed, needleleaved evergreen, needleleaved deciduous, mixed leaf, mosaic, and burnt. All non-forest land cover categories were excluded. (3) Each data set provided different values for different biome types. If only a single forest class was provided it was applied universally to all of the above classes (open and closed). When more than one forest category was provided it was translated and applied accordingly. (4) Note that only Gibbs and Brown (2007a, 2007b) account for the impact of human disturbance on forest carbon stocks. All other estimates use the same biome-average carbon value for all forests within each broad class regardless of their condition—however, we divided the average forest carbon stocks values in half for the mosaic and burnt classes in GLC 2000.",carbon_sequestration,None,Mt C a^-1
Central America,32,0,"e Estimated values were calculated by taking the average forest carbon stock estimate for each biome from Gibbs and Brown (2007a, 2007b) maps for Southeast Asia and Africa that represent actual forest carbon in the year 2000. FAO ecofloristic zones were used to identify biomes. Note that this estimate accounts for anthropogenic disturbances including land use and degradation while the other biome averages presented here represent carbon stocks of undisturbed forests. Gibbs and Brown (2007a, 2007b) are based on methods pioneered by Brown and colleagues using a rule-base GIS analysis to spatially extrapolated forest inventory data archived by the FAO based on climate, soils, topographic, population and land-use information and produce maps of forest carbon stocks in the 1980s (Brown et al 1993, Iverson et al 1994, Brown and Gaston 1995, Gaston et al 1998). Central and South America have not yet been mapped using this method. Belowground carbon stocks included by Brown and colleagues were based on root:shoot ratios calculated from previously published data and stratified by dry, seasonal and moist climate zones. Biomass values converted to carbon stocks using 0.5 carbon fraction.",carbon_sequestration,None,Mt C a^-1
forest type,58,0,"Many tropical countries have already conducted at least one inventory of all or part of their forest area that could supplement new analyses or serve as a ‘stopgap’ while additional data are collected. However, very few developing countries have comprehensive national inventories, and any existing sub-national inventories must be evaluated before further use (Brown 1997, FAO 2005).Figure 1. Generalized stratification matrix that uses forest type and condition to capture the major variation in forest carbon stocks. Specific matrices should be developed for each country or region. Emissions from forest degradation could be quantified by comparing estimates of carbon storage under different forest conditions.4.3. Mapping forest carbon stocks using existing inventory data",carbon_sequestration,None,Mt C a^-1
IPCC (2006),33,0,"f IPCC (2006) default values for forest biomass; based mostly on Penman et al (2003), which is in turn based on interpretation of compilations of published studies. We converted the biomass values presented in table 4.7 of IPCC (2006) to carbon stocks using the IPCC default 0.47 carbon fraction (McGroddy et al 2004). We added in the belowground carbon stocks using the ratio of belowground biomass to aboveground biomass in table 4.4 of IPCC (2006); Average values were used in all cases.g Values here are for continental and insular Southeast Asia, respectively.may not adequately represent all forest types in all areas. Destructive sampling of 2–3 large trees should be used to check the validity of an allometric equation for specific locations (Brown 2002). This type of validation will be particularly important for Africa where there are very few ground-based datasets to develop or validate allometric equations. For example, none of the trees Chave et al (2005) used to develop the generic allometric equations were from an African forest.4.1. Sampling approaches for collecting ground-based data",carbon_sequestration,None,Mt C a^-1
satellites,9,0,"In this paper, we review and summarize a range of approaches that could be adapted to estimate forest carbon stocks across tropical countries at different tiers of detail and accuracy (table 1). Biome averages and new geographically explicit datasets, for instance, provide rough approximations that can be immediately used to estimate a nation’s carbon stocks (Tier 1). Ground-based measurements of tree diameters and height can be combined with predictive relationships to estimate forest carbon stocks (Tiers 2 and 3). Remote-sensing instruments mounted on satellites or airplanes can estimate tree volume and other proxies that can also be converted using statistical relationships with ground-based forest carbon measurements (Tiers 2 and 3). These approaches have varying benefits and limitations.3. Global estimates of forest carbon stocks: the biome-average approach",carbon_sequestration,None,Mt C a^-1
horizontal imager,15,0,</ul>    </td>    <td>      <ul>        <li>Less accurate in complex canopies of mature forests because signal saturates</li>        <li>Mountainous terrain also increases errors</li>        <li>Can be expensive and technically demanding</li>      </ul>    </td>    <td>Medium</td>  </tr>  <tr>    <td>Laser remote sensors</td>    <td>      <ul>        <li>LiDAR uses laser light to estimates forest height/vertical structure</li>        <li>Ex: Carbon 3-D satellite system combines Vegetation canopy LiDAR (VCL) with horizontal imager</li>      </ul>    </td>    <td>      <ul>        <li>Accurately estimates full spatial variability of forest carbon stocks</li>        <li>Potential for satellite-based system to estimate global forest carbon stocks</li>      </ul>    </td>    <td>      <ul>,carbon_sequestration,None,Mt C a^-1
Tropical equatorial forest,26,0,<td>—</td>    <td>—</td>  </tr>  <tr>    <td>Latin America</td>    <td></td>    <td></td>    <td></td>    <td></td>  </tr>  <tr>    <td>Tropical equatorial forest</td>    <td>200</td>    <td>—</td>    <td>—</td>    <td>193</td>  </tr>  <tr>    <td>Tropical seasonal forest</td>    <td>140</td>    <td>—</td>    <td>—</td>    <td>128</td>  </tr>  <tr>    <td>Tropical dry forest</td>    <td>.55</td>    <td>47</td>    <td>—</td>    <td>126</td>  </tr>  <tr>,carbon_sequestration,193,Mt C a^-1
"Baccini A, Friedl A M A, Woodcock C E and Warbington R (2004) Forest biomass estimation over regional scales using multisource data Geophys. Res. Lett. 31 L10501",76,0,"Ajtay G K, Ketner P and Duvigneaud P 1979 Terrestrial primary production and phytomass The global carbon cycle ed B Bolin, E T Degens, S Kempe and P Ketner (New York: Wiley) pp 129–82Asner G P 2001 Cloud cover in Landsat observations of the Brazilian Amazon Int. J. Remote Sens. 22 3855–62Asner G P et al 2005 Selective logging in the Brazilian Amazon Science 310 480–2Baccini A, Friedl A M A, Woodcock C E and Warbington R 2004 Forest biomass estimation over regional scales using multisource data Geophys. Res. Lett. 31 L10501Brown S 1997 Estimating biomass and biomass change of tropical forests: a primer FAO Forestry Paper no. 134 RomeBrown S 2002 Measuring carbon in forests: current status and future challenges Environ. Pollut. 116 363–72",carbon_sequestration,0.1,Mt C a^-1
FAO forest ecological zone map,55,0,"a Overview of methods used to develop table 3: In most cases, total forest carbon stocks per country were calculated by applying biome-average forest carbon values to a satellite-based global land cover map for the year 2000 (GLC 2000) stratified by the FAO forest ecological zone map (FAO 2001). Gibbs and Brown (2007a, 2007b) applied a rule-based model to the GLC 2000 map. Additional description of data sources can be found in table 2 footnotes. All values are for above- and belowground forest biomass carbon stocks (trunk, branches, roots). Units expressed as million tonnes of carbon (M t C). (1) We attempted to trace each biome average to the original source of data and explain all modifications made by the biomass dataset producers, but this was not always possible. (2) Forest classes from the global classification scheme of GLC 2000 include the following: broadleaved evergreen, broadleaved deciduous open, broadleaved deciduous closed, needleleaved evergreen, needleleaved deciduous, mixed leaf, mosaic, and burnt. All non-forest land cover categories were excluded. (3) Each data set provided different values for different biome types. If only a single forest class was provided it was applied universally to all of the above classes (open and closed). When more than one forest category was provided it was translated and applied accordingly. (4) Note that only Gibbs and Brown (2007a, 2007b) account for the impact of human disturbance on forest carbon stocks. All other estimates use the same biome-average carbon value for all forests within each broad class regardless of their condition—however, we divided the average forest carbon stocks values in half for the mosaic and burnt classes in GLC 2000.",carbon_sequestration,None,Mt C a^-1
Zambia,54,0,<tr><td>Zambia</td><td>4295</td><td>3423</td><td>6378</td><td>3725</td><td>1455</td><td>1455–6378</td></tr></table>,carbon_sequestration,1455,Mt C a^-1
Brown (1997),31,0,"c Used values from Houghton and Hackler (2001), which was based on a compilation of harvest measurements from ecological studies and originally published in Houghton (1999); ‘The values were obtained from summaries of global vegetation Whittaker and Likens (1973), Ajtay et al (1979), Olson et al (1983) as well as from regional studies (for additional sources see Melillo et al 1988, Houghton et al 1991, Houghton and Hackler 1995)’ (Houghton 1999: p 302). Values include aboveground, belowground and groundcover carbon stocks.d Estimated values based on Brown (1997), which was based on forest inventory data and converted to carbon stocks using allometric relationships. Achard et al (2002, 2004) increased values by 20% for root carbon stocks. Here, we report mean values; Achard et al (2004) added a range by adding ±20%.",carbon_sequestration,0,Mt C a^-1
soil organic matter,5,0,"The main carbon pools in tropical forest ecosystems are the living biomass of trees and understory vegetation and the dead mass of litter, woody debris and soil organic matter. The carbon stored in the aboveground living biomass of trees is typically the largest pool and the most directly impacted by deforestation and degradation. Thus, estimating aboveground forest biomass carbon is the most critical step in quantifying carbon stocks and fluxes from tropical forests, and the focus of this paper. Measurement protocols for other carbon pools are described elsewhere (e.g. Post et al 1999, Brown and Masera 2003, Pearson et al 2005a, IPCC 2006).",carbon_sequestration,None,Mt C a^-1
Drake et al (2003),67,0,"LiDAR systems send out pulses of laser light and measure the signal return time to directly estimate the height and vertical structure of forests (Dubayah and Drake 2000, Patenaude et al 2004). The light hits the forest canopy and ground surfaces and is then reflected back to the instrument. Forest carbon stocks are estimated by applying allometric height–carbon relationships (Hese et al 2005), which can introduce some challenges in tropical forests that reach their maximum height relatively quickly but continue to accumulate carbon for many decades. However, large-footprint LiDAR remote sensing far exceeds the capabilities of radar and optical sensors to estimate carbon stocks for all forest types (Means et al 1998, Lefsky et al 1999, Drake et al 2003). Currently, airplane-mounted LiDAR instruments are too costly to be used for more than a small area. A satellite-based LiDAR system could provide global coverage but is not yet an option. However, future satellite missions including LiDAR instruments such as NASA’s DESDynI (planned launch in 2014) and the proposed but not yet funded ‘Carbon 3D’ could greatly improve our capacity to measure carbon stocks from space (Hese et al 2005).6. Linking measurements of carbon stocks and deforestation",carbon_sequestration,None,Mt C a^-1
ground-based measurements,9,0,"In this paper, we review and summarize a range of approaches that could be adapted to estimate forest carbon stocks across tropical countries at different tiers of detail and accuracy (table 1). Biome averages and new geographically explicit datasets, for instance, provide rough approximations that can be immediately used to estimate a nation’s carbon stocks (Tier 1). Ground-based measurements of tree diameters and height can be combined with predictive relationships to estimate forest carbon stocks (Tiers 2 and 3). Remote-sensing instruments mounted on satellites or airplanes can estimate tree volume and other proxies that can also be converted using statistical relationships with ground-based forest carbon measurements (Tiers 2 and 3). These approaches have varying benefits and limitations.3. Global estimates of forest carbon stocks: the biome-average approach",carbon_sequestration,None,Mt C a^-1
Fuller D O 2006 Tropical forest monitoring and remote sensing: a new era of transparency in forest governance? Singap. J. Trop. Geogr. 27 15–29,82,0,"Foody G M, Boyd D S and Cutler M E J 2003 Predictive relations of tropical forest biomass from Landsat TM data and their transferability between regions Remote Sens. Environ. 85 463–74Foody G M and Cutler M E J 2003 Tree diversity in protected and logged Bornean tropical rain forests and is measurement by satellite remote sensing J. Biogeogr. 30 1053–66Fuller D O 2006 Tropical forest monitoring and remote sensing: a new era of transparency in forest governance? Singap. J. Trop. Geogr. 27 15–29Fuller D O, Jessup T C and Salim A 2004 Forest loss in Kalimantan, Indonesia since the 1997–1998 El Nino event Conser. Biol. 18 249–54Gaston G, Brown S, Lorenzini M and Singh K D 1998 State and change in carbon pools in the forests of tropical Africa Glob. Change Biol. 4 97",carbon_sequestration,97,Mt C a^-1
FAO 2005,2,0,"Forests sequester and store more carbon than any other terrestrial ecosystem and are an important natural ‘brake’ on climate change. When forests are cleared or degraded, their stored carbon is released into the atmosphere as carbon dioxide (CO$_2$). Tropical deforestation is estimated to have released of the order of 1–2 billion tonnes of carbon per year during the 1990s, roughly 15–25% of annual global greenhouse gas emissions (Malhi and Grace 2000, Fearnside and Laurance 2003, 2004, Houghton 2005). The largest source of greenhouse gas emissions in most tropical countries is from deforestation and forest degradation. In Africa, for example, deforestation accounts for nearly 70% of total emissions (FAO 2005). Moreover, clearing tropical forests also destroys globally important carbon sinks that are currently sequestering CO$_2$ from the atmosphere and are critical to future climate stabilization (Stephens *et al* 2007).",carbon_sequestration,70,Mt C a^-1
tropical forests,62,0,"Remote-sensing methodologies have been more successful at measuring carbon stocks in boreal and temperate forests and in young stands with lower forest carbon densities (Rosenqvist et al 2003b). Tropical forests are among the most carbon-rich and structurally complex ecosystems in the world and signals from remote-sensing instruments tend to saturate quickly. This has inhibited reliable forest carbon stock estimates in these ecosystems. Remote-sensing systems relying on optical data (visible and infrared light) are further limited in the tropics by cloud cover, but newer technologies, such as radar systems, can penetrate clouds and provide data day and night (Asner 2001).Attempts to use remote-sensing data to estimate carbon stocks have evolved along four major fronts:5.1. Optical remote sensing data",carbon_sequestration,None,Mt C a^-1
"Shimada M, Rosenqvist A, Watanabe M and Tadono T 2005 The polarimetric and interferometric potential of ALOS PALSAR Proc. POLInSAR 2005 (January 2005)",94,0,"Saatchi S S, Houghton R A, Dos Santos Alvala R C, Soares J V and Yu Y 2007 Distribution of aboveground live biomass in the Amazon Basin Glob. Change Biol. 13 816–37Sales M H, Souza C M Jr, Kyriakidis P C, Roberts D A and Vidal E 2007 Improving spatial distribution estimation of forest biomass with geostatistics: a case study for Rondonia, Brazil Ecol. Modelling 205 221–30Santilli M, Mouthino P, Schwartzman S, Nepstad D, Curran L and Nobre C 2005 Tropical deforestation and the Kyoto protocol Clim. Change 71 267–76Shimada M, Rosenqvist A, Watanabe M and Tadono T 2005 The polarimetric and interferometric potential of ALOS PALSAR Proc. POLInSAR 2005 (January 2005)Stephens B S et al 2007 Weak Northern and strong tropical land carbon uptake from vertical profiles of atmospheric CO$_2$ Science 316 1732–5",carbon_sequestration,None,Mt C a^-1
"Brown S and Masera O 2003 Supplementary methods and good practice guidance arising from the Kyoto Protocol, section 4.3 LULUCF projects Good Practice Guidance For Land Use, Land-Use Change and Forestry, Intergovernmental Panel on Climate Change National Greenhouse Gas Inventories Programme ed J Penman, M Gytartsky, T Hiraishi, T Krug, D Kruger, R Pipatti, L Buendia, K Miwa, T Ngara, K Tanabe and F Wagner (Kanagawa: Institute for Global Environmental Strategies (IGES)) pp 4.89–4.120",78,0,"Brown S and Masera O 2003 Supplementary methods and good practice guidance arising from the Kyoto Protocol, section 4.3 LULUCF projects Good Practice Guidance For Land Use, Land-Use Change and Forestry, Intergovernmental Panel on Climate Change National Greenhouse Gas Inventories Programme ed J Penman, M Gytartsky, T Hiraishi, T Krug, D Kruger, R Pipatti, L Buendia, K Miwa, T Ngara, K Tanabe and F Wagner (Kanagawa: Institute for Global Environmental Strategies (IGES)) pp 4.89–4.120Brown S and Pearson T 2005 Cost comparison of the M3DADI system and conventional field methods for monitoring carbon stocks in forests Report to The Nature Conservancy (Arlington, VA: Winrock International)Brown S, Pearson T, Slaymaker D, Ambagis S, Moore N, Novelo D and Sabido W 2005 Creating a virtual tropical forest from three-dimensional aerial imagery: application for estimating carbon stocks Ecol. Appl. 15 1083–95",carbon_sequestration,4.89,Mt C a^-1
"Brown and Lugo, 1984, 1992",10,0,"Nearly all estimates of emissions from tropical deforestation are based on a handful of biome-average datasets where a single representative value of forest carbon per unit area (e.g. tonnes of C per hectare) is applied to broad forest categories or biomes (e.g. Fearnside 2000, Houghton 1999, Houghton et al 2001, DeFries et al 2002, Achard et al 2002, 2004, Ramankutty et al 2007). The earliest compilations of biome averages were made decades ago and have been subsequently updated and modified by the research community (e.g. Whittaker and Likens 1973, Ajtay et al 1979, Olson et al 1983, Brown and Lugo 1984, 1992). This continuous updating of biome averages makes it difficult to identify original data sources and other key information. Many contemporary estimates of forest carbon stocks are based on multiple versions or iterationsTable 1. Benefits and limitations of available methods to estimate national-level forest carbon stocks.",carbon_sequestration,1984,Mt C a^-1
Venezuela,53,0,<tr><td>Togo</td><td>252</td><td>172</td><td>510</td><td>192</td><td>145</td><td>145–510</td></tr>  <tr><td>Uganda</td><td>536</td><td>434</td><td>1237</td><td>479</td><td>429</td><td>429–1237</td></tr>  <tr><td>Venezuela</td><td>6141</td><td>9202</td><td>7886</td><td>2326</td><td>—</td><td>2326–9202</td></tr>  <tr><td>Vietnam</td><td>774</td><td>1632</td><td>1546</td><td>1169</td><td>1642</td><td>774–1642</td></tr>,carbon_sequestration,2326,Mt C a^-1
Tanzania,52,0,<tr><td>Sri Lanka</td><td>302</td><td>509</td><td>296</td><td>400</td><td>138</td><td>138–509</td></tr>  <tr><td>Surinam</td><td>1793</td><td>2753</td><td>2330</td><td>663</td><td>—</td><td>663–2753</td></tr>  <tr><td>Tanzania</td><td>2716</td><td>2221</td><td>3400</td><td>2409</td><td>1281</td><td>1281–3400</td></tr>  <tr><td>Thailand</td><td>1346</td><td>2489</td><td>2215</td><td>1923</td><td>2104</td><td>1346–2489</td></tr>,carbon_sequestration,1281,Mt C a^-1
seasonally flooded forest type,71,0,"One approach to account for carbon emissions from degradation is to measure forest carbon under different forest conditions as depicted in the stratification matrix (figure 1). To account for various levels of degradation, sampling schemes could measure carbon across broad forest type (e.g. evergreen broadleaf, seasonally flooded) and condition (e.g. young, logged, fragmented) in each forest stratum. Note that this stratification method is needed to accurately estimate emissions from deforestation even if degradation is excluded from the final climate policy framework.",carbon_sequestration,None,Mt C a^-1
countries with tropical forests,73,0,"Here we have provided IPCC Tier 1 estimates of national-level forest carbon stocks that can be used immediately by countries and policy-makers. Each country will need to use expert judgment based on financial, time and capacity constraints in deciding whether to use higher Tier methods. In many countries it may be more feasible to rely on ground-based inventories rather than remotely sensed data to estimate forest carbon stocks, as labor costs are often low compared to installing and managing high-tech remote-sensing equipment and expertise. However, satellite-based estimates of forest carbon stocks will likely be more accessible over the next decade as new technologies emerge and technical capacities are strengthened. Collecting additional ground-based data using an appropriate sampling design that accounts for both forest type and condition will be necessary regardless of method and a critical next step for improving the understanding of carbon stocks and fluxes in tropical forests.Acknowledgments",carbon_sequestration,None,Mt C a^-1
branches,55,0,"a Overview of methods used to develop table 3: In most cases, total forest carbon stocks per country were calculated by applying biome-average forest carbon values to a satellite-based global land cover map for the year 2000 (GLC 2000) stratified by the FAO forest ecological zone map (FAO 2001). Gibbs and Brown (2007a, 2007b) applied a rule-based model to the GLC 2000 map. Additional description of data sources can be found in table 2 footnotes. All values are for above- and belowground forest biomass carbon stocks (trunk, branches, roots). Units expressed as million tonnes of carbon (M t C). (1) We attempted to trace each biome average to the original source of data and explain all modifications made by the biomass dataset producers, but this was not always possible. (2) Forest classes from the global classification scheme of GLC 2000 include the following: broadleaved evergreen, broadleaved deciduous open, broadleaved deciduous closed, needleleaved evergreen, needleleaved deciduous, mixed leaf, mosaic, and burnt. All non-forest land cover categories were excluded. (3) Each data set provided different values for different biome types. If only a single forest class was provided it was applied universally to all of the above classes (open and closed). When more than one forest category was provided it was translated and applied accordingly. (4) Note that only Gibbs and Brown (2007a, 2007b) account for the impact of human disturbance on forest carbon stocks. All other estimates use the same biome-average carbon value for all forests within each broad class regardless of their condition—however, we divided the average forest carbon stocks values in half for the mosaic and burnt classes in GLC 2000.",carbon_sequestration,None,Mt C a^-1
"Fearnside P M 2000 Global warming and tropical land-use change: greenhouse gas emissions from biomass burning, decomposition and soils in forest conversion, shifting cultivation and secondary vegetation Clim. Change 46 115–58",81,0,"Dubayah R and Drake J B 2000 Lidar remote sensing for forestry applications J. Forestry 98 44–6FAO (Food and Agricultural Organization of the United Nations) 2000 Global forest resources assessment 2000 FAO Forestry paper 140 479FAO (Food and Agricultural Organization of the United Nations) 2005 FAO Statistical database 2005 available at http://faostat.fao.org/ (accessed 2005-09-06)Fearnside P M 2000 Global warming and tropical land-use change: greenhouse gas emissions from biomass burning, decomposition and soils in forest conversion, shifting cultivation and secondary vegetation Clim. Change 46 115–58Fearnside P M and Laurance W F 2003 Comment on ‘Determination of deforestation rates of the world’s humid tropical forests’ Science 299 1015Fearnside P M and Laurance W F 2004 Tropical deforestation and greenhouse gas emissions Ecological Appl. 14 982–6",carbon_sequestration,115,Mt C a^-1
forest biomass,1,0,"**Abstract**Reducing carbon emissions from deforestation and degradation in developing countries is of central importance in efforts to combat climate change. Key scientific challenges must be addressed to prevent any policy roadblocks. Foremost among the challenges is quantifying nations’ carbon emissions from deforestation and forest degradation, which requires information on forest clearing and carbon storage. Here we review a range of methods available to estimate national-level forest carbon stocks in developing countries. While there are no practical methods to directly measure all forest carbon stocks across a country, both ground-based and remote-sensing measurements of forest attributes can be converted into estimates of national carbon stocks using allometric relationships. Here we synthesize, map and update prominent forest biomass carbon databases to create the first complete set of national-level forest carbon stock estimates. These forest carbon estimates expand on the default values recommended by the Intergovernmental Panel on Climate Change’s National Greenhouse Gas Inventory Guidelines and provide a range of globally consistent estimates.**Keywords:** deforestation, tropical forests, forest biomass, carbon stocks, emissions, forest inventory, UNFCCC, REDD, LULUCF, avoided deforestation**1. Introduction**",carbon_sequestration,None,Mt C a^-1
El Salvador,39,0,<tr><td>D.R. Congo</td><td>22 986</td><td>22 657</td><td>36 672</td><td>24 020</td><td>20 416</td><td>20 416–36 672</td></tr>  <tr><td>Ecuador</td><td>941</td><td>1379</td><td>2071</td><td>351</td><td>—</td><td>351–2071</td></tr>  <tr><td>El Salvador</td><td>105</td><td>153</td><td>108</td><td>117</td><td>—</td><td>105–153</td></tr>  <tr><td>Eq. Guinea</td><td>304</td><td>313</td><td>474</td><td>330</td><td>268</td><td>268–474</td></tr>,carbon_sequestration,105,Mt C a^-1
sub-national inventories,58,0,"Many tropical countries have already conducted at least one inventory of all or part of their forest area that could supplement new analyses or serve as a ‘stopgap’ while additional data are collected. However, very few developing countries have comprehensive national inventories, and any existing sub-national inventories must be evaluated before further use (Brown 1997, FAO 2005).Figure 1. Generalized stratification matrix that uses forest type and condition to capture the major variation in forest carbon stocks. Specific matrices should be developed for each country or region. Emissions from forest degradation could be quantified by comparing estimates of carbon storage under different forest conditions.4.3. Mapping forest carbon stocks using existing inventory data",carbon_sequestration,None,Mt C a^-1
Olson et al (1983),56,0,"b Based on Gibbs (2006), which translated and applied the original Olson <i>et al</i> (1983) data to the GLC 2000 land cover map. Olson <i>et al</i> (1983) is based on a large compilation of literature studies; please see on-line documentation for full list. The Olson ‘medium’ biomass estimates were used here. Note that Olson <i>et al</i> (1983) provides only a single value for all tropical forests (120 Mg C/ha) and for dry forest/woodland (60 Mg C/ha).c Note that mountain systems were included in these national-level estimates but excluded from table 2 because they cover a relatively small portion of the tropics and are not distinguished by other databases. Default IPCC Tier 1 values for above and belowground forest biomass carbon stocks for mountain systems are 69, 87, 81, and 122 t C/ha for Africa, Latin America, continental Southeast Asia, and insular Southeast Asia, respectively.",carbon_sequestration,120,Mt C a^-1
stratification,46,0,"or group of countries as land-use history and environmental conditions likely vary across political boundaries.Systematic and random sampling designs are the two broad types of schemes used to estimate forest carbon stocks at the country level (Paciomik and Rypdal 2003). Systematic sampling uses a regularly spaced grid to identify plot locations across an entire region, while random sampling chooses plot locations by chance. Without stratification, both schemes may over- or under-sample because patterns in nature are inherently clumpy and not likely to be randomly distributed.",carbon_sequestration,None,Mt C a^-1
Pearson et al 2005a,57,0,"plots (Brown <i>et al</i> 2000, Hamburg 2000, Nascimento and Laurance 2002, Paciomik and Rypdal 2003, Pearson <i>et al</i> 2005a).Country-level forest carbon stocks can then be estimated using the statistically sampled ground-based data. Allometric relationships are first applied to the ground-based forest measurements to estimate the average carbon stocks in each forest strata (Forest C/ha).A country’s forest carbon stocks can then be estimated by applying the average carbon density values across a national land-cover map or to a forest statistics table with the same forest strata (see section 6 for more on linking forest carbon and deforestation measurements). This approach could improve upon the Tier 1 results reported in table 3 and provide estimates at the Tier 2 or 3 level.4.2. Existing forest inventory data",carbon_sequestration,None,Mt C a^-1
Fearnside and Laurance 2003,2,0,"Forests sequester and store more carbon than any other terrestrial ecosystem and are an important natural ‘brake’ on climate change. When forests are cleared or degraded, their stored carbon is released into the atmosphere as carbon dioxide (CO$_2$). Tropical deforestation is estimated to have released of the order of 1–2 billion tonnes of carbon per year during the 1990s, roughly 15–25% of annual global greenhouse gas emissions (Malhi and Grace 2000, Fearnside and Laurance 2003, 2004, Houghton 2005). The largest source of greenhouse gas emissions in most tropical countries is from deforestation and forest degradation. In Africa, for example, deforestation accounts for nearly 70% of total emissions (FAO 2005). Moreover, clearing tropical forests also destroys globally important carbon sinks that are currently sequestering CO$_2$ from the atmosphere and are critical to future climate stabilization (Stephens *et al* 2007).",carbon_sequestration,1–2 billion,Mt C a^-1
"Melillo J M, Frucht J R, Houghton R A, Moore B and Skole D L 1988 Land-use change in the Soviet Union between 1850 and 1990: causes of a net release of CO2 to the atmosphere Tellus B 40 116–28",89,0,"McGroddy M E, Daufresne T and Hedin L O 2004 Scaling of C:N:P stoichiometry in forests worldwide: implications of terrestrial Redfield-type ratios Ecology 85 2390–401Means J E, Acker S A, Harding D J, Blair J B, Lefsky M A, Cohen W B, Harmon M E and McKee W A 1998 Use of large-footprint scanning airborne lidar to estimate forest stand characteristics in the western cascades of Oregon Remote Sens. Environ. 67 298–308Melillo J M, Frucht J R, Houghton R A, Moore B and Skole D L 1988 Land-use change in the Soviet Union between 1850 and 1990: causes of a net release of CO2 to the atmosphere Tellus B 40 116–28Mette T, Papathanassiou K P, Hajnsek I and Zimmerman R 2003 Forest biomass estimation using polarimetric SAR interferometry Proc. POLnSAR (Italy: Frascati)",carbon_sequestration,116,Mt C a^-1
Bhutan,36,0,<tr><td>Benin</td><td>410</td><td>260</td><td>792</td><td>292</td><td>262</td><td>260–792</td></tr>  <tr><td>Bhutan</td><td>13</td><td>29</td><td>121</td><td>22</td><td>2</td><td>1–121</td></tr>  <tr><td>Bolivia</td><td>6542</td><td>9541</td><td>9189</td><td>2469</td><td>—</td><td>2469–9189</td></tr>  <tr><td>Brazil</td><td>54 697</td><td>81 087</td><td>82 510</td><td>82 699</td><td>—</td><td>54 697–82 699</td></tr>,carbon_sequestration,121,Mt C a^-1
Houghton (1999),34,0,"Before an allometric relationship can be used, ground-based forest inventory data must be collected using standardized sampling schemes appropriate for a country or forest type. Sampling data from targeted locations saves time by creating a means to infer carbon stocks for an entire forest or forest class while measuring only a fraction of it. It is best to use a sampling design developed specifically for each country<table>  <tr>    <th rowspan=""2"">Country</th>    <th colspan=""3"">Based on compilations of harvest data</th>    <th colspan=""2"">Based on forest inventory</th>    <th rowspan=""2"">Total range</th>  </tr>  <tr>    <th>Olson <i>et al</i> (1983)/Gibbs (2006)<sup>b</sup></th>    <th>Houghton (1999)/DeFries <i>et al</i> (2002)</th>    <th>IPCC (2006)<sup>c</sup></th>",carbon_sequestration,None,Mt C a^-1
forest carbon stocks,46,0,"or group of countries as land-use history and environmental conditions likely vary across political boundaries.Systematic and random sampling designs are the two broad types of schemes used to estimate forest carbon stocks at the country level (Paciomik and Rypdal 2003). Systematic sampling uses a regularly spaced grid to identify plot locations across an entire region, while random sampling chooses plot locations by chance. Without stratification, both schemes may over- or under-sample because patterns in nature are inherently clumpy and not likely to be randomly distributed.",carbon_sequestration,None,Mt C a^-1
Fearnside P M and Laurance W F 2004 Tropical deforestation and greenhouse gas emissions Ecological Appl. 14 982–6,81,0,"Dubayah R and Drake J B 2000 Lidar remote sensing for forestry applications J. Forestry 98 44–6FAO (Food and Agricultural Organization of the United Nations) 2000 Global forest resources assessment 2000 FAO Forestry paper 140 479FAO (Food and Agricultural Organization of the United Nations) 2005 FAO Statistical database 2005 available at http://faostat.fao.org/ (accessed 2005-09-06)Fearnside P M 2000 Global warming and tropical land-use change: greenhouse gas emissions from biomass burning, decomposition and soils in forest conversion, shifting cultivation and secondary vegetation Clim. Change 46 115–58Fearnside P M and Laurance W F 2003 Comment on ‘Determination of deforestation rates of the world’s humid tropical forests’ Science 299 1015Fearnside P M and Laurance W F 2004 Tropical deforestation and greenhouse gas emissions Ecological Appl. 14 982–6",carbon_sequestration,982,Mt C a^-1
Brown (2002),33,0,"f IPCC (2006) default values for forest biomass; based mostly on Penman et al (2003), which is in turn based on interpretation of compilations of published studies. We converted the biomass values presented in table 4.7 of IPCC (2006) to carbon stocks using the IPCC default 0.47 carbon fraction (McGroddy et al 2004). We added in the belowground carbon stocks using the ratio of belowground biomass to aboveground biomass in table 4.4 of IPCC (2006); Average values were used in all cases.g Values here are for continental and insular Southeast Asia, respectively.may not adequately represent all forest types in all areas. Destructive sampling of 2–3 large trees should be used to check the validity of an allometric equation for specific locations (Brown 2002). This type of validation will be particularly important for Africa where there are very few ground-based datasets to develop or validate allometric equations. For example, none of the trees Chave et al (2005) used to develop the generic allometric equations were from an African forest.4.1. Sampling approaches for collecting ground-based data",carbon_sequestration,2–3,Mt C a^-1
Melillo et al 1988,31,0,"c Used values from Houghton and Hackler (2001), which was based on a compilation of harvest measurements from ecological studies and originally published in Houghton (1999); ‘The values were obtained from summaries of global vegetation Whittaker and Likens (1973), Ajtay et al (1979), Olson et al (1983) as well as from regional studies (for additional sources see Melillo et al 1988, Houghton et al 1991, Houghton and Hackler 1995)’ (Houghton 1999: p 302). Values include aboveground, belowground and groundcover carbon stocks.d Estimated values based on Brown (1997), which was based on forest inventory data and converted to carbon stocks using allometric relationships. Achard et al (2002, 2004) increased values by 20% for root carbon stocks. Here, we report mean values; Achard et al (2004) added a range by adding ±20%.",carbon_sequestration,None,Mt C a^-1
Houghton et al 2001,22,0,"These are the only estimates of country-level forest carbon stocks to date, and provide an important reference point for policy discussions. The estimates based on the IPCC (2006) default values provide Tier 1 estimates of national carbon stocks that can be used immediately. The other estimates are based on prominent estimates of carbon emissions from deforestation at the global scale (Houghton et al 2001, DeFries et al 2002, Achard et al 2002, 2004). The ground-based and remote-sensing approaches described next could help refine forest carbon stocks estimates for REDD and other incentive mechanisms to reduce emissions from deforestation.4. Ground-based forest inventory dataField campaigns focused on forest inventory measurements and direct estimation of aboveground biomass through destructive harvesting could greatly improve our quantification of forest carbon stocks. Measurements of diameter at breast height (DBH) alone or in combination with tree height can be converted to estimates of forest carbon stocks using allometric relationships. Allometric equations statistically relate these measured forest attributes to destructive harvest measurements, and exist for most forests (e.g. Brown 1997, Chave et al 2005, Keller et al 2001).",carbon_sequestration,None,Mt C a^-1
FAO 2005,58,0,"Many tropical countries have already conducted at least one inventory of all or part of their forest area that could supplement new analyses or serve as a ‘stopgap’ while additional data are collected. However, very few developing countries have comprehensive national inventories, and any existing sub-national inventories must be evaluated before further use (Brown 1997, FAO 2005).Figure 1. Generalized stratification matrix that uses forest type and condition to capture the major variation in forest carbon stocks. Specific matrices should be developed for each country or region. Emissions from forest degradation could be quantified by comparing estimates of carbon storage under different forest conditions.4.3. Mapping forest carbon stocks using existing inventory data",carbon_sequestration,None,Mt C a^-1
Ecosystem Services Unit,0,0,"# Monitoring and estimating tropical forest carbon stocks: making REDD a reality**Holly K Gibbs$^{1}$, Sandra Brown$^{2}$, John O Niles$^{3}$ and Jonathan A Foley$^{1}$**$^{1}$ Center for Sustainability and the Global Environment (SAGE), Nelson Institute for Environmental Studies, University of Wisconsin, 1710 University Avenue, Madison, WI 53726, USA$^{2}$ Winrock International, Ecosystem Services Unit, 1621 N Kent Street, Suite 1200, Arlington, VA 22207, USA$^{3}$ Carbon Conservation, 1226 E Mason Street, Santa Barbara, CA 93103, USAReceived 14 August 2007Accepted for publication 1 November 2007Published 5 December 2007Online at stacks.iop.org/ERL/2/045023",carbon_sequestration,None,Mt C a^-1
Nigeria,49,0,"<th>Gibbs and Brown (2007a, 2007b)</th>  </tr>  <tr><td>Myanmar</td><td>2843</td><td>5182</td><td>4867</td><td>4024</td><td>4754</td><td>2377–5182</td></tr>  <tr><td>Nepal</td><td>246</td><td>393</td><td>369</td><td>337</td><td>334</td><td>246–393</td></tr>  <tr><td>Nicaragua</td><td>930</td><td>1395</td><td>1275</td><td>972</td><td>—</td><td>930–1395</td></tr>  <tr><td>Nigeria</td><td>1805</td><td>1377</td><td>3952</td><td>1510</td><td>1278</td><td>1278–3952</td></tr>",carbon_sequestration,3952,Mt C a^-1
Brown 1997,17,0,"of analyses. Often, ‘best guesses’ are employed as multiple biome averages are combined or modified (e.g. Houghton 1999, Houghton et al 2001, Fearnside 2000, Watson et al 2000, IPCC 2006).Biome averages are based on two main sources of information: compilations of whole-tree harvest measurement data and analysis of forest inventory data archived by the United Nations Food and Agricultural Organization (FAO) and others.• Compilations of point-based biomass harvest measurement data provide direct estimates of the actual forest volume or biomass at a particular site (e.g. Whittaker and Likens 1973, Olson et al 1983, Reichle 1981, Brown and Lugo 1984). While highly accurate for specific locations, these data were collected to describe only very local conditions and cover a tiny portion of total forest area (Brown 1997). Consequently, these compilations could be highly biased (depending on where the individual point measurements are made), and provide only rough approximations of forest carbon stocks over larger spatial scales.",carbon_sequestration,None,Mt C a^-1
