chunk_id,paper_id,name,context,measurement,measurement_id,value
10,0,Myanmar,"|              | Based on compilations of harvest data   | Based on compilations of harvest data   | Based on compilations of harvest data   | Based on forest inventory               | Based on forest inventory      | Total range            |
|--------------|-----------------------------------------|-----------------------------------------|-----------------------------------------|-----------------------------------------|--------------------------------|------------------------|
| Country      | Olson et al (1983)/ Gibbs (2006) b      | Houghton (1999)/ DeFries et al (2002)   | IPCC (2006) c                           | Brown (1997)/ Achard et al (2002, 2004) | Gibbs and Brown (2007a, 2007b) | Based on all estimates |
| Myanmar      | 2843                                    | 5182                                    | 4867                                    | 4024                                    | 4754                           | 2377-5182              |
| Nepal        | 246                                     | 393                                     | 369                                     | 337                                     | 334                            | 246-393                |
| Nicaragua    | 930                                     | 1395                                    | 1275                                    | 972                                     | -                              | 930-1395               |
| Nigeria      | 1805                                    | 1377                                    | 3952                                    | 1510                                    | 1278                           | 1278-3952              |
| Panama       | 509                                     | 763                                     | 685                                     | 549                                     | -                              | 509-763                |
| PNG          | 4154                                    | 8037                                    | 7075                                    | 5160                                    | -                              | 4154-8037              |
| Paraguay     | 2831                                    | 3659                                    | 3063                                    | 1087                                    | -                              | 1087-3659              |
| Peru         | 7694                                    | 11 521                                  | 13 241                                  | 2782                                    | -                              | 2782-13241             |
| Philippines  | 869                                     | 1765                                    | 2503                                    | 1213                                    | 1530                           | 765-2503               |
| Rwanda       | 45                                      | 45                                      | 36                                      | 48                                      | 6                              | 6-48                   |
| Senegal      | 171                                     | 141                                     | 228                                     | 153                                     | 86                             | 86-228                 |
| Sierra Leone | 136                                     | 114                                     | 683                                     | 123                                     | 240                            | 114-683                |
| Sri Lanka    | 302                                     | 509                                     | 296                                     | 400                                     | 138                            | 138-509                |
| Surinam      | 1793                                    | 2753                                    | 2330                                    | 663                                     | -                              | 663-2753               |
| Tanzania     | 2716                                    | 2221                                    | 3400                                    | 2409                                    | 1281                           | 1281-3400              |
| Thailand     | 1346                                    | 2489                                    | 2215                                    | 1923                                    | 2104                           | 1346-2489              |
| Togo         | 252                                     | 172                                     | 510                                     | 192                                     | 145                            | 145-510                |
| Uganda       | 536                                     | 434                                     | 1237                                    | 479                                     | 429                            | 429-1237               |
| Venezuela    | 6141                                    | 9202                                    | 7886                                    | 2326                                    | -                              | 2326-9202              |
| Vietnam      | 774                                     | 1632                                    | 1546                                    | 1169                                    | 1642                           | 774-1642               |
| Zambia       | 4295                                    | 3423                                    | 6378                                    | 3725                                    | 1455                           | 1455-6378              |",Total carbon sequestered per annum,8,2377
7,0,Colombia,"|              | Based on compilations of harvest data   | Based on compilations of harvest data   | Based on compilations of harvest data   | Based on forest inventory               | Based on forest inventory      | Total range            |
|--------------|-----------------------------------------|-----------------------------------------|-----------------------------------------|-----------------------------------------|--------------------------------|------------------------|
| Country      | Olson et al (1983)/ Gibbs (2006) b      | Houghton (1999)/ DeFries et al (2002)   | IPCC (2006) c                           | Brown (1997)/ Achard et al (2002, 2004) | Gibbs and Brown (2007a, 2007b) | Based on all estimates |
| Angola       | 7811                                    | 6702                                    | 11 767                                  | 7215                                    | 3557                           | 3557-11767             |
| Bangladesh   | 65                                      | 137                                     | 93                                      | 92                                      | 158                            | 65-158                 |
| Belize       | 198                                     | 318                                     | 261                                     | 218                                     | -                              | 198-318                |
| Benin        | 410                                     | 260                                     | 792                                     | 292                                     | 262                            | 260-792                |
| Bhutan       | 13                                      | 29                                      | 121                                     | 22                                      | 2                              | 1-121                  |
| Bolivia      | 6542                                    | 9541                                    | 9189                                    | 2469                                    | -                              | 2469-9189              |
| Brazil       | 54 697                                  | 81 087                                  | 82 510                                  | 82 699                                  | -                              | 54697-82699            |
| Brunei       | 58                                      | 112                                     | 115                                     | 72                                      | 40                             | 40-115                 |
| Burundi      | 69                                      | 51                                      | 43                                      | 55                                      | 9                              | 9-69                   |
| Cambodia     | 1008                                    | 1800                                    | 1222                                    | 1334                                    | 1914                           | 957-1914               |
| Cameroon     | 3721                                    | 3454                                    | 6138                                    | 3695                                    | 3622                           | 3454-6138              |
| CAR          | 4059                                    | 3176                                    | 7405                                    | 3524                                    | 4096                           | 3176-7405              |
| Colombia     | 6737                                    | 10 085                                  | 11 467                                  | 2529                                    | -                              | 2529-11467             |
| Congo        | 3458                                    | 3549                                    | 5472                                    | 3740                                    | 4739                           | 3458-5472              |
| Costa Rica   | 471                                     | 704                                     | 593                                     | 493                                     | -                              | 471-704                |
| D.R. Congo   | 22 986                                  | 22 657                                  | 36 672                                  | 24 020                                  | 20 416                         | 20416-36 672           |
| Ecuador      | 941                                     | 1379                                    | 2071                                    | 351                                     | -                              | 351-2071               |
| El Salvador  | 105                                     | 153                                     | 108                                     | 117                                     | -                              | 105-153                |
| Eq. Guinea   | 304                                     | 313                                     | 474                                     | 330                                     | 268                            | 268-474                |
| Ethiopia     | 183                                     | 153                                     | 553                                     | 168                                     | 867                            | 153-867                |
| Fr. Guiana   | 1097                                    | 1683                                    | 1588                                    | 403                                     | -                              | 403-1683               |
| Gabon        | 3063                                    | 3150                                    | 4742                                    | 3315                                    | 4114                           | 3063-4742              |
| Gambia,      | 7                                       | 7                                       | 11                                      | 7                                       | 6                              | 6-11                   |
| The Ghana    | 880                                     | 612                                     | 2172                                    | 678                                     | 609                            | 609-2172               |",Total carbon sequestered per annum,10,117
7,0,Congo,"|              | Based on compilations of harvest data   | Based on compilations of harvest data   | Based on compilations of harvest data   | Based on forest inventory               | Based on forest inventory      | Total range            |
|--------------|-----------------------------------------|-----------------------------------------|-----------------------------------------|-----------------------------------------|--------------------------------|------------------------|
| Country      | Olson et al (1983)/ Gibbs (2006) b      | Houghton (1999)/ DeFries et al (2002)   | IPCC (2006) c                           | Brown (1997)/ Achard et al (2002, 2004) | Gibbs and Brown (2007a, 2007b) | Based on all estimates |
| Angola       | 7811                                    | 6702                                    | 11 767                                  | 7215                                    | 3557                           | 3557-11767             |
| Bangladesh   | 65                                      | 137                                     | 93                                      | 92                                      | 158                            | 65-158                 |
| Belize       | 198                                     | 318                                     | 261                                     | 218                                     | -                              | 198-318                |
| Benin        | 410                                     | 260                                     | 792                                     | 292                                     | 262                            | 260-792                |
| Bhutan       | 13                                      | 29                                      | 121                                     | 22                                      | 2                              | 1-121                  |
| Bolivia      | 6542                                    | 9541                                    | 9189                                    | 2469                                    | -                              | 2469-9189              |
| Brazil       | 54 697                                  | 81 087                                  | 82 510                                  | 82 699                                  | -                              | 54697-82699            |
| Brunei       | 58                                      | 112                                     | 115                                     | 72                                      | 40                             | 40-115                 |
| Burundi      | 69                                      | 51                                      | 43                                      | 55                                      | 9                              | 9-69                   |
| Cambodia     | 1008                                    | 1800                                    | 1222                                    | 1334                                    | 1914                           | 957-1914               |
| Cameroon     | 3721                                    | 3454                                    | 6138                                    | 3695                                    | 3622                           | 3454-6138              |
| CAR          | 4059                                    | 3176                                    | 7405                                    | 3524                                    | 4096                           | 3176-7405              |
| Colombia     | 6737                                    | 10 085                                  | 11 467                                  | 2529                                    | -                              | 2529-11467             |
| Congo        | 3458                                    | 3549                                    | 5472                                    | 3740                                    | 4739                           | 3458-5472              |
| Costa Rica   | 471                                     | 704                                     | 593                                     | 493                                     | -                              | 471-704                |
| D.R. Congo   | 22 986                                  | 22 657                                  | 36 672                                  | 24 020                                  | 20 416                         | 20416-36 672           |
| Ecuador      | 941                                     | 1379                                    | 2071                                    | 351                                     | -                              | 351-2071               |
| El Salvador  | 105                                     | 153                                     | 108                                     | 117                                     | -                              | 105-153                |
| Eq. Guinea   | 304                                     | 313                                     | 474                                     | 330                                     | 268                            | 268-474                |
| Ethiopia     | 183                                     | 153                                     | 553                                     | 168                                     | 867                            | 153-867                |
| Fr. Guiana   | 1097                                    | 1683                                    | 1588                                    | 403                                     | -                              | 403-1683               |
| Gabon        | 3063                                    | 3150                                    | 4742                                    | 3315                                    | 4114                           | 3063-4742              |
| Gambia,      | 7                                       | 7                                       | 11                                      | 7                                       | 6                              | 6-11                   |
| The Ghana    | 880                                     | 612                                     | 2172                                    | 678                                     | 609                            | 609-2172               |",Total carbon sequestered per annum,16,5472
0,0,Central,"Environ. Res. Lett. 2 (2007) 045023 (13pp)

## Monitoring and estimating tropical forest carbon stocks: making REDD a reality

Holly K Gibbs 1 , Sandra Brown 2 , John O Niles 3 and Jonathan A Foley 1

- 1 Center for Sustainability and the Global Environment (SAGE), Nelson Institute for Environmental Studies, University of Wisconsin, 1710 University Avenue, Madison, WI 53726, USA

2 Winrock International, Ecosystem Services Unit, 1621 N Kent Street, Suite 1200, Arlington,

VA 22207, USA

3 Carbon Conservation, 1226 E Mason Street, Santa Barbara, CA 93103, USA

Received 14 August 2007

Accepted for publication 1 November 2007 Published 5 December 2007

Online at stacks.iop.org/ERL/2/045023

## Abstract

Reducing carbon emissions from deforestation and degradation in developing countries is of central importance in efforts to combat climate change. Key scientific challenges must be addressed to prevent any policy roadblocks. Foremost among the challenges is quantifying nations' carbon emissions from deforestation and forest degradation, which requires information on forest clearing and carbon storage. Here we review a range of methods available to estimate national-level forest carbon stocks in developing countries. While there are no practical methods to directly measure all forest carbon stocks across a country, both ground-based and remote-sensing measurements of forest attributes can be converted into estimates of national carbon stocks using allometric relationships. Here we synthesize, map and update prominent forest biomass carbon databases to create the first complete set of national-level forest carbon stock estimates. These forest carbon estimates expand on the default values recommended by the Intergovernmental Panel on Climate Change's National Greenhouse Gas Inventory Guidelines and provide a range of globally consistent estimates.

Keywords: deforestation, tropical forests, forest biomass, carbon stocks, emissions, forest inventory, UNFCCC, REDD, LULUCF, avoided deforestation

## 1. Introduction

Forests sequester and store more carbon than any other terrestrial ecosystem and are an important natural 'brake' on climate change. When forests are cleared or degraded, their stored carbon is released into the atmosphere as carbon dioxide (CO2). Tropical deforestation is estimated to have released of the order of 1-2 billion tonnes of carbon per year during the 1990s, roughly 15-25% of annual global greenhouse gas emissions (Malhi and Grace 2000, Fearnside and Laurance 2003, 2004, Houghton 2005). The largest source of greenhouse gas emissions in most tropical countries is from deforestation and forest degradation. In Africa, for example, deforestation accounts for nearly 70% of total emissions (FAO 2005). Moreover, clearing tropical forests also destroys globally important carbon sinks that are currently sequestering

CO2 from the atmosphere and are critical to future climate stabilization (Stephens et al 2007).

Despite the importance of avoiding deforestation and associated emissions, developing countries have had few economic or policy incentives to reduce emissions from landuse change (Santilli et al 2005). 'Avoided deforestation' projects were excluded from the 2008-2012 first commitment period of the Kyoto Protocol because of concerns about diluting fossil fuel reductions, sovereignty and methods to measure emissions reductions (Niles 2002, Gullison et al 2007). More recently the importance of including emissions reductions from tropical deforestation in future climate change policy has grown. The United Nations Framework Convention on Climate Change recently agreed to study and consider a new initiative, led by forest-rich developing countries, that calls for economic incentives to help facilitate reductions

in emissions from deforestation in developing countries (REDD).

The REDD concept is-at its core-a proposal to provide financial incentives to help developing countries voluntarily reduce national deforestation rates and associated carbon emissions below a baseline (based either on a historical reference case or future projection). Countries that demonstrate emissions reductions may be able to sell those carbon credits on the international carbon market or elsewhere. These emissions reductions could simultaneously combat climate change, conserve biodiversity and protect other ecosystem goods and services.",Total carbon sequestered per annum,18,1
7,0,Brunei,"|              | Based on compilations of harvest data   | Based on compilations of harvest data   | Based on compilations of harvest data   | Based on forest inventory               | Based on forest inventory      | Total range            |
|--------------|-----------------------------------------|-----------------------------------------|-----------------------------------------|-----------------------------------------|--------------------------------|------------------------|
| Country      | Olson et al (1983)/ Gibbs (2006) b      | Houghton (1999)/ DeFries et al (2002)   | IPCC (2006) c                           | Brown (1997)/ Achard et al (2002, 2004) | Gibbs and Brown (2007a, 2007b) | Based on all estimates |
| Angola       | 7811                                    | 6702                                    | 11 767                                  | 7215                                    | 3557                           | 3557-11767             |
| Bangladesh   | 65                                      | 137                                     | 93                                      | 92                                      | 158                            | 65-158                 |
| Belize       | 198                                     | 318                                     | 261                                     | 218                                     | -                              | 198-318                |
| Benin        | 410                                     | 260                                     | 792                                     | 292                                     | 262                            | 260-792                |
| Bhutan       | 13                                      | 29                                      | 121                                     | 22                                      | 2                              | 1-121                  |
| Bolivia      | 6542                                    | 9541                                    | 9189                                    | 2469                                    | -                              | 2469-9189              |
| Brazil       | 54 697                                  | 81 087                                  | 82 510                                  | 82 699                                  | -                              | 54697-82699            |
| Brunei       | 58                                      | 112                                     | 115                                     | 72                                      | 40                             | 40-115                 |
| Burundi      | 69                                      | 51                                      | 43                                      | 55                                      | 9                              | 9-69                   |
| Cambodia     | 1008                                    | 1800                                    | 1222                                    | 1334                                    | 1914                           | 957-1914               |
| Cameroon     | 3721                                    | 3454                                    | 6138                                    | 3695                                    | 3622                           | 3454-6138              |
| CAR          | 4059                                    | 3176                                    | 7405                                    | 3524                                    | 4096                           | 3176-7405              |
| Colombia     | 6737                                    | 10 085                                  | 11 467                                  | 2529                                    | -                              | 2529-11467             |
| Congo        | 3458                                    | 3549                                    | 5472                                    | 3740                                    | 4739                           | 3458-5472              |
| Costa Rica   | 471                                     | 704                                     | 593                                     | 493                                     | -                              | 471-704                |
| D.R. Congo   | 22 986                                  | 22 657                                  | 36 672                                  | 24 020                                  | 20 416                         | 20416-36 672           |
| Ecuador      | 941                                     | 1379                                    | 2071                                    | 351                                     | -                              | 351-2071               |
| El Salvador  | 105                                     | 153                                     | 108                                     | 117                                     | -                              | 105-153                |
| Eq. Guinea   | 304                                     | 313                                     | 474                                     | 330                                     | 268                            | 268-474                |
| Ethiopia     | 183                                     | 153                                     | 553                                     | 168                                     | 867                            | 153-867                |
| Fr. Guiana   | 1097                                    | 1683                                    | 1588                                    | 403                                     | -                              | 403-1683               |
| Gabon        | 3063                                    | 3150                                    | 4742                                    | 3315                                    | 4114                           | 3063-4742              |
| Gambia,      | 7                                       | 7                                       | 11                                      | 7                                       | 6                              | 6-11                   |
| The Ghana    | 880                                     | 612                                     | 2172                                    | 678                                     | 609                            | 609-2172               |",Total carbon sequestered per annum,28,40
10,0,PNG,"|              | Based on compilations of harvest data   | Based on compilations of harvest data   | Based on compilations of harvest data   | Based on forest inventory               | Based on forest inventory      | Total range            |
|--------------|-----------------------------------------|-----------------------------------------|-----------------------------------------|-----------------------------------------|--------------------------------|------------------------|
| Country      | Olson et al (1983)/ Gibbs (2006) b      | Houghton (1999)/ DeFries et al (2002)   | IPCC (2006) c                           | Brown (1997)/ Achard et al (2002, 2004) | Gibbs and Brown (2007a, 2007b) | Based on all estimates |
| Myanmar      | 2843                                    | 5182                                    | 4867                                    | 4024                                    | 4754                           | 2377-5182              |
| Nepal        | 246                                     | 393                                     | 369                                     | 337                                     | 334                            | 246-393                |
| Nicaragua    | 930                                     | 1395                                    | 1275                                    | 972                                     | -                              | 930-1395               |
| Nigeria      | 1805                                    | 1377                                    | 3952                                    | 1510                                    | 1278                           | 1278-3952              |
| Panama       | 509                                     | 763                                     | 685                                     | 549                                     | -                              | 509-763                |
| PNG          | 4154                                    | 8037                                    | 7075                                    | 5160                                    | -                              | 4154-8037              |
| Paraguay     | 2831                                    | 3659                                    | 3063                                    | 1087                                    | -                              | 1087-3659              |
| Peru         | 7694                                    | 11 521                                  | 13 241                                  | 2782                                    | -                              | 2782-13241             |
| Philippines  | 869                                     | 1765                                    | 2503                                    | 1213                                    | 1530                           | 765-2503               |
| Rwanda       | 45                                      | 45                                      | 36                                      | 48                                      | 6                              | 6-48                   |
| Senegal      | 171                                     | 141                                     | 228                                     | 153                                     | 86                             | 86-228                 |
| Sierra Leone | 136                                     | 114                                     | 683                                     | 123                                     | 240                            | 114-683                |
| Sri Lanka    | 302                                     | 509                                     | 296                                     | 400                                     | 138                            | 138-509                |
| Surinam      | 1793                                    | 2753                                    | 2330                                    | 663                                     | -                              | 663-2753               |
| Tanzania     | 2716                                    | 2221                                    | 3400                                    | 2409                                    | 1281                           | 1281-3400              |
| Thailand     | 1346                                    | 2489                                    | 2215                                    | 1923                                    | 2104                           | 1346-2489              |
| Togo         | 252                                     | 172                                     | 510                                     | 192                                     | 145                            | 145-510                |
| Uganda       | 536                                     | 434                                     | 1237                                    | 479                                     | 429                            | 429-1237               |
| Venezuela    | 6141                                    | 9202                                    | 7886                                    | 2326                                    | -                              | 2326-9202              |
| Vietnam      | 774                                     | 1632                                    | 1546                                    | 1169                                    | 1642                           | 774-1642               |
| Zambia       | 4295                                    | 3423                                    | 6378                                    | 3725                                    | 1455                           | 1455-6378              |",Total carbon sequestered per annum,30,4154
10,0,Vietnam,"|              | Based on compilations of harvest data   | Based on compilations of harvest data   | Based on compilations of harvest data   | Based on forest inventory               | Based on forest inventory      | Total range            |
|--------------|-----------------------------------------|-----------------------------------------|-----------------------------------------|-----------------------------------------|--------------------------------|------------------------|
| Country      | Olson et al (1983)/ Gibbs (2006) b      | Houghton (1999)/ DeFries et al (2002)   | IPCC (2006) c                           | Brown (1997)/ Achard et al (2002, 2004) | Gibbs and Brown (2007a, 2007b) | Based on all estimates |
| Myanmar      | 2843                                    | 5182                                    | 4867                                    | 4024                                    | 4754                           | 2377-5182              |
| Nepal        | 246                                     | 393                                     | 369                                     | 337                                     | 334                            | 246-393                |
| Nicaragua    | 930                                     | 1395                                    | 1275                                    | 972                                     | -                              | 930-1395               |
| Nigeria      | 1805                                    | 1377                                    | 3952                                    | 1510                                    | 1278                           | 1278-3952              |
| Panama       | 509                                     | 763                                     | 685                                     | 549                                     | -                              | 509-763                |
| PNG          | 4154                                    | 8037                                    | 7075                                    | 5160                                    | -                              | 4154-8037              |
| Paraguay     | 2831                                    | 3659                                    | 3063                                    | 1087                                    | -                              | 1087-3659              |
| Peru         | 7694                                    | 11 521                                  | 13 241                                  | 2782                                    | -                              | 2782-13241             |
| Philippines  | 869                                     | 1765                                    | 2503                                    | 1213                                    | 1530                           | 765-2503               |
| Rwanda       | 45                                      | 45                                      | 36                                      | 48                                      | 6                              | 6-48                   |
| Senegal      | 171                                     | 141                                     | 228                                     | 153                                     | 86                             | 86-228                 |
| Sierra Leone | 136                                     | 114                                     | 683                                     | 123                                     | 240                            | 114-683                |
| Sri Lanka    | 302                                     | 509                                     | 296                                     | 400                                     | 138                            | 138-509                |
| Surinam      | 1793                                    | 2753                                    | 2330                                    | 663                                     | -                              | 663-2753               |
| Tanzania     | 2716                                    | 2221                                    | 3400                                    | 2409                                    | 1281                           | 1281-3400              |
| Thailand     | 1346                                    | 2489                                    | 2215                                    | 1923                                    | 2104                           | 1346-2489              |
| Togo         | 252                                     | 172                                     | 510                                     | 192                                     | 145                            | 145-510                |
| Uganda       | 536                                     | 434                                     | 1237                                    | 479                                     | 429                            | 429-1237               |
| Venezuela    | 6141                                    | 9202                                    | 7886                                    | 2326                                    | -                              | 2326-9202              |
| Vietnam      | 774                                     | 1632                                    | 1546                                    | 1169                                    | 1642                           | 774-1642               |
| Zambia       | 4295                                    | 3423                                    | 6378                                    | 3725                                    | 1455                           | 1455-6378              |",Total carbon sequestered per annum,42,774
7,0,El Salvador,"|              | Based on compilations of harvest data   | Based on compilations of harvest data   | Based on compilations of harvest data   | Based on forest inventory               | Based on forest inventory      | Total range            |
|--------------|-----------------------------------------|-----------------------------------------|-----------------------------------------|-----------------------------------------|--------------------------------|------------------------|
| Country      | Olson et al (1983)/ Gibbs (2006) b      | Houghton (1999)/ DeFries et al (2002)   | IPCC (2006) c                           | Brown (1997)/ Achard et al (2002, 2004) | Gibbs and Brown (2007a, 2007b) | Based on all estimates |
| Angola       | 7811                                    | 6702                                    | 11 767                                  | 7215                                    | 3557                           | 3557-11767             |
| Bangladesh   | 65                                      | 137                                     | 93                                      | 92                                      | 158                            | 65-158                 |
| Belize       | 198                                     | 318                                     | 261                                     | 218                                     | -                              | 198-318                |
| Benin        | 410                                     | 260                                     | 792                                     | 292                                     | 262                            | 260-792                |
| Bhutan       | 13                                      | 29                                      | 121                                     | 22                                      | 2                              | 1-121                  |
| Bolivia      | 6542                                    | 9541                                    | 9189                                    | 2469                                    | -                              | 2469-9189              |
| Brazil       | 54 697                                  | 81 087                                  | 82 510                                  | 82 699                                  | -                              | 54697-82699            |
| Brunei       | 58                                      | 112                                     | 115                                     | 72                                      | 40                             | 40-115                 |
| Burundi      | 69                                      | 51                                      | 43                                      | 55                                      | 9                              | 9-69                   |
| Cambodia     | 1008                                    | 1800                                    | 1222                                    | 1334                                    | 1914                           | 957-1914               |
| Cameroon     | 3721                                    | 3454                                    | 6138                                    | 3695                                    | 3622                           | 3454-6138              |
| CAR          | 4059                                    | 3176                                    | 7405                                    | 3524                                    | 4096                           | 3176-7405              |
| Colombia     | 6737                                    | 10 085                                  | 11 467                                  | 2529                                    | -                              | 2529-11467             |
| Congo        | 3458                                    | 3549                                    | 5472                                    | 3740                                    | 4739                           | 3458-5472              |
| Costa Rica   | 471                                     | 704                                     | 593                                     | 493                                     | -                              | 471-704                |
| D.R. Congo   | 22 986                                  | 22 657                                  | 36 672                                  | 24 020                                  | 20 416                         | 20416-36 672           |
| Ecuador      | 941                                     | 1379                                    | 2071                                    | 351                                     | -                              | 351-2071               |
| El Salvador  | 105                                     | 153                                     | 108                                     | 117                                     | -                              | 105-153                |
| Eq. Guinea   | 304                                     | 313                                     | 474                                     | 330                                     | 268                            | 268-474                |
| Ethiopia     | 183                                     | 153                                     | 553                                     | 168                                     | 867                            | 153-867                |
| Fr. Guiana   | 1097                                    | 1683                                    | 1588                                    | 403                                     | -                              | 403-1683               |
| Gabon        | 3063                                    | 3150                                    | 4742                                    | 3315                                    | 4114                           | 3063-4742              |
| Gambia,      | 7                                       | 7                                       | 11                                      | 7                                       | 6                              | 6-11                   |
| The Ghana    | 880                                     | 612                                     | 2172                                    | 678                                     | 609                            | 609-2172               |",Total carbon sequestered per annum,44,105
10,0,Philippines,"|              | Based on compilations of harvest data   | Based on compilations of harvest data   | Based on compilations of harvest data   | Based on forest inventory               | Based on forest inventory      | Total range            |
|--------------|-----------------------------------------|-----------------------------------------|-----------------------------------------|-----------------------------------------|--------------------------------|------------------------|
| Country      | Olson et al (1983)/ Gibbs (2006) b      | Houghton (1999)/ DeFries et al (2002)   | IPCC (2006) c                           | Brown (1997)/ Achard et al (2002, 2004) | Gibbs and Brown (2007a, 2007b) | Based on all estimates |
| Myanmar      | 2843                                    | 5182                                    | 4867                                    | 4024                                    | 4754                           | 2377-5182              |
| Nepal        | 246                                     | 393                                     | 369                                     | 337                                     | 334                            | 246-393                |
| Nicaragua    | 930                                     | 1395                                    | 1275                                    | 972                                     | -                              | 930-1395               |
| Nigeria      | 1805                                    | 1377                                    | 3952                                    | 1510                                    | 1278                           | 1278-3952              |
| Panama       | 509                                     | 763                                     | 685                                     | 549                                     | -                              | 509-763                |
| PNG          | 4154                                    | 8037                                    | 7075                                    | 5160                                    | -                              | 4154-8037              |
| Paraguay     | 2831                                    | 3659                                    | 3063                                    | 1087                                    | -                              | 1087-3659              |
| Peru         | 7694                                    | 11 521                                  | 13 241                                  | 2782                                    | -                              | 2782-13241             |
| Philippines  | 869                                     | 1765                                    | 2503                                    | 1213                                    | 1530                           | 765-2503               |
| Rwanda       | 45                                      | 45                                      | 36                                      | 48                                      | 6                              | 6-48                   |
| Senegal      | 171                                     | 141                                     | 228                                     | 153                                     | 86                             | 86-228                 |
| Sierra Leone | 136                                     | 114                                     | 683                                     | 123                                     | 240                            | 114-683                |
| Sri Lanka    | 302                                     | 509                                     | 296                                     | 400                                     | 138                            | 138-509                |
| Surinam      | 1793                                    | 2753                                    | 2330                                    | 663                                     | -                              | 663-2753               |
| Tanzania     | 2716                                    | 2221                                    | 3400                                    | 2409                                    | 1281                           | 1281-3400              |
| Thailand     | 1346                                    | 2489                                    | 2215                                    | 1923                                    | 2104                           | 1346-2489              |
| Togo         | 252                                     | 172                                     | 510                                     | 192                                     | 145                            | 145-510                |
| Uganda       | 536                                     | 434                                     | 1237                                    | 479                                     | 429                            | 429-1237               |
| Venezuela    | 6141                                    | 9202                                    | 7886                                    | 2326                                    | -                              | 2326-9202              |
| Vietnam      | 774                                     | 1632                                    | 1546                                    | 1169                                    | 1642                           | 774-1642               |
| Zambia       | 4295                                    | 3423                                    | 6378                                    | 3725                                    | 1455                           | 1455-6378              |",Total carbon sequestered per annum,60,765
7,0,Bangladesh,"|              | Based on compilations of harvest data   | Based on compilations of harvest data   | Based on compilations of harvest data   | Based on forest inventory               | Based on forest inventory      | Total range            |
|--------------|-----------------------------------------|-----------------------------------------|-----------------------------------------|-----------------------------------------|--------------------------------|------------------------|
| Country      | Olson et al (1983)/ Gibbs (2006) b      | Houghton (1999)/ DeFries et al (2002)   | IPCC (2006) c                           | Brown (1997)/ Achard et al (2002, 2004) | Gibbs and Brown (2007a, 2007b) | Based on all estimates |
| Angola       | 7811                                    | 6702                                    | 11 767                                  | 7215                                    | 3557                           | 3557-11767             |
| Bangladesh   | 65                                      | 137                                     | 93                                      | 92                                      | 158                            | 65-158                 |
| Belize       | 198                                     | 318                                     | 261                                     | 218                                     | -                              | 198-318                |
| Benin        | 410                                     | 260                                     | 792                                     | 292                                     | 262                            | 260-792                |
| Bhutan       | 13                                      | 29                                      | 121                                     | 22                                      | 2                              | 1-121                  |
| Bolivia      | 6542                                    | 9541                                    | 9189                                    | 2469                                    | -                              | 2469-9189              |
| Brazil       | 54 697                                  | 81 087                                  | 82 510                                  | 82 699                                  | -                              | 54697-82699            |
| Brunei       | 58                                      | 112                                     | 115                                     | 72                                      | 40                             | 40-115                 |
| Burundi      | 69                                      | 51                                      | 43                                      | 55                                      | 9                              | 9-69                   |
| Cambodia     | 1008                                    | 1800                                    | 1222                                    | 1334                                    | 1914                           | 957-1914               |
| Cameroon     | 3721                                    | 3454                                    | 6138                                    | 3695                                    | 3622                           | 3454-6138              |
| CAR          | 4059                                    | 3176                                    | 7405                                    | 3524                                    | 4096                           | 3176-7405              |
| Colombia     | 6737                                    | 10 085                                  | 11 467                                  | 2529                                    | -                              | 2529-11467             |
| Congo        | 3458                                    | 3549                                    | 5472                                    | 3740                                    | 4739                           | 3458-5472              |
| Costa Rica   | 471                                     | 704                                     | 593                                     | 493                                     | -                              | 471-704                |
| D.R. Congo   | 22 986                                  | 22 657                                  | 36 672                                  | 24 020                                  | 20 416                         | 20416-36 672           |
| Ecuador      | 941                                     | 1379                                    | 2071                                    | 351                                     | -                              | 351-2071               |
| El Salvador  | 105                                     | 153                                     | 108                                     | 117                                     | -                              | 105-153                |
| Eq. Guinea   | 304                                     | 313                                     | 474                                     | 330                                     | 268                            | 268-474                |
| Ethiopia     | 183                                     | 153                                     | 553                                     | 168                                     | 867                            | 153-867                |
| Fr. Guiana   | 1097                                    | 1683                                    | 1588                                    | 403                                     | -                              | 403-1683               |
| Gabon        | 3063                                    | 3150                                    | 4742                                    | 3315                                    | 4114                           | 3063-4742              |
| Gambia,      | 7                                       | 7                                       | 11                                      | 7                                       | 6                              | 6-11                   |
| The Ghana    | 880                                     | 612                                     | 2172                                    | 678                                     | 609                            | 609-2172               |",Total carbon sequestered per annum,62,65
7,0,Fr. Guiana,"|              | Based on compilations of harvest data   | Based on compilations of harvest data   | Based on compilations of harvest data   | Based on forest inventory               | Based on forest inventory      | Total range            |
|--------------|-----------------------------------------|-----------------------------------------|-----------------------------------------|-----------------------------------------|--------------------------------|------------------------|
| Country      | Olson et al (1983)/ Gibbs (2006) b      | Houghton (1999)/ DeFries et al (2002)   | IPCC (2006) c                           | Brown (1997)/ Achard et al (2002, 2004) | Gibbs and Brown (2007a, 2007b) | Based on all estimates |
| Angola       | 7811                                    | 6702                                    | 11 767                                  | 7215                                    | 3557                           | 3557-11767             |
| Bangladesh   | 65                                      | 137                                     | 93                                      | 92                                      | 158                            | 65-158                 |
| Belize       | 198                                     | 318                                     | 261                                     | 218                                     | -                              | 198-318                |
| Benin        | 410                                     | 260                                     | 792                                     | 292                                     | 262                            | 260-792                |
| Bhutan       | 13                                      | 29                                      | 121                                     | 22                                      | 2                              | 1-121                  |
| Bolivia      | 6542                                    | 9541                                    | 9189                                    | 2469                                    | -                              | 2469-9189              |
| Brazil       | 54 697                                  | 81 087                                  | 82 510                                  | 82 699                                  | -                              | 54697-82699            |
| Brunei       | 58                                      | 112                                     | 115                                     | 72                                      | 40                             | 40-115                 |
| Burundi      | 69                                      | 51                                      | 43                                      | 55                                      | 9                              | 9-69                   |
| Cambodia     | 1008                                    | 1800                                    | 1222                                    | 1334                                    | 1914                           | 957-1914               |
| Cameroon     | 3721                                    | 3454                                    | 6138                                    | 3695                                    | 3622                           | 3454-6138              |
| CAR          | 4059                                    | 3176                                    | 7405                                    | 3524                                    | 4096                           | 3176-7405              |
| Colombia     | 6737                                    | 10 085                                  | 11 467                                  | 2529                                    | -                              | 2529-11467             |
| Congo        | 3458                                    | 3549                                    | 5472                                    | 3740                                    | 4739                           | 3458-5472              |
| Costa Rica   | 471                                     | 704                                     | 593                                     | 493                                     | -                              | 471-704                |
| D.R. Congo   | 22 986                                  | 22 657                                  | 36 672                                  | 24 020                                  | 20 416                         | 20416-36 672           |
| Ecuador      | 941                                     | 1379                                    | 2071                                    | 351                                     | -                              | 351-2071               |
| El Salvador  | 105                                     | 153                                     | 108                                     | 117                                     | -                              | 105-153                |
| Eq. Guinea   | 304                                     | 313                                     | 474                                     | 330                                     | 268                            | 268-474                |
| Ethiopia     | 183                                     | 153                                     | 553                                     | 168                                     | 867                            | 153-867                |
| Fr. Guiana   | 1097                                    | 1683                                    | 1588                                    | 403                                     | -                              | 403-1683               |
| Gabon        | 3063                                    | 3150                                    | 4742                                    | 3315                                    | 4114                           | 3063-4742              |
| Gambia,      | 7                                       | 7                                       | 11                                      | 7                                       | 6                              | 6-11                   |
| The Ghana    | 880                                     | 612                                     | 2172                                    | 678                                     | 609                            | 609-2172               |",Total carbon sequestered per annum,64,403
7,0,"Gambia, The","|              | Based on compilations of harvest data   | Based on compilations of harvest data   | Based on compilations of harvest data   | Based on forest inventory               | Based on forest inventory      | Total range            |
|--------------|-----------------------------------------|-----------------------------------------|-----------------------------------------|-----------------------------------------|--------------------------------|------------------------|
| Country      | Olson et al (1983)/ Gibbs (2006) b      | Houghton (1999)/ DeFries et al (2002)   | IPCC (2006) c                           | Brown (1997)/ Achard et al (2002, 2004) | Gibbs and Brown (2007a, 2007b) | Based on all estimates |
| Angola       | 7811                                    | 6702                                    | 11 767                                  | 7215                                    | 3557                           | 3557-11767             |
| Bangladesh   | 65                                      | 137                                     | 93                                      | 92                                      | 158                            | 65-158                 |
| Belize       | 198                                     | 318                                     | 261                                     | 218                                     | -                              | 198-318                |
| Benin        | 410                                     | 260                                     | 792                                     | 292                                     | 262                            | 260-792                |
| Bhutan       | 13                                      | 29                                      | 121                                     | 22                                      | 2                              | 1-121                  |
| Bolivia      | 6542                                    | 9541                                    | 9189                                    | 2469                                    | -                              | 2469-9189              |
| Brazil       | 54 697                                  | 81 087                                  | 82 510                                  | 82 699                                  | -                              | 54697-82699            |
| Brunei       | 58                                      | 112                                     | 115                                     | 72                                      | 40                             | 40-115                 |
| Burundi      | 69                                      | 51                                      | 43                                      | 55                                      | 9                              | 9-69                   |
| Cambodia     | 1008                                    | 1800                                    | 1222                                    | 1334                                    | 1914                           | 957-1914               |
| Cameroon     | 3721                                    | 3454                                    | 6138                                    | 3695                                    | 3622                           | 3454-6138              |
| CAR          | 4059                                    | 3176                                    | 7405                                    | 3524                                    | 4096                           | 3176-7405              |
| Colombia     | 6737                                    | 10 085                                  | 11 467                                  | 2529                                    | -                              | 2529-11467             |
| Congo        | 3458                                    | 3549                                    | 5472                                    | 3740                                    | 4739                           | 3458-5472              |
| Costa Rica   | 471                                     | 704                                     | 593                                     | 493                                     | -                              | 471-704                |
| D.R. Congo   | 22 986                                  | 22 657                                  | 36 672                                  | 24 020                                  | 20 416                         | 20416-36 672           |
| Ecuador      | 941                                     | 1379                                    | 2071                                    | 351                                     | -                              | 351-2071               |
| El Salvador  | 105                                     | 153                                     | 108                                     | 117                                     | -                              | 105-153                |
| Eq. Guinea   | 304                                     | 313                                     | 474                                     | 330                                     | 268                            | 268-474                |
| Ethiopia     | 183                                     | 153                                     | 553                                     | 168                                     | 867                            | 153-867                |
| Fr. Guiana   | 1097                                    | 1683                                    | 1588                                    | 403                                     | -                              | 403-1683               |
| Gabon        | 3063                                    | 3150                                    | 4742                                    | 3315                                    | 4114                           | 3063-4742              |
| Gambia,      | 7                                       | 7                                       | 11                                      | 7                                       | 6                              | 6-11                   |
| The Ghana    | 880                                     | 612                                     | 2172                                    | 678                                     | 609                            | 609-2172               |",Total carbon sequestered per annum,66,611
8,0,Guyana,"| Guatemala    | 787                                     | 1147                                    | 923                                     | 823                                     | -                              | 787-1147               |
| Guinea       | 854                                     | 598                                     | 2051                                    | 664                                     | 973                            | 598-2051               |
| Guin.-Bissau | 204                                     | 145                                     | 381                                     | 161                                     | 78                             | 78-381                 |
| Guyana       | 2494                                    | 3742                                    | 3354                                    | 923                                     | -                              | 923-3354               |
| Honduras     | 852                                     | 1268                                    | 1123                                    | 901                                     | -                              | 852-1268               |
| India        | 5420                                    | 8997                                    | 5085                                    | 7333                                    | 8560                           | 5085-8997              |
| Indonesia    | 13 143                                  | 25 547                                  | 25 397                                  | 16 448                                  | 20 504                         | 10252-25 547           |
| Ivory Coast  | 1047                                    | 750                                     | 3355                                    | 830                                     | 1238                           | 750-3355               |
| Kenya        | 314                                     | 320                                     | 618                                     | 339                                     | 163                            | 163-618                |
| Laos         | 718                                     | 1523                                    | 1388                                    | 1163                                    | 1870                           | 718-1870               |
| Liberia      | 506                                     | 515                                     | 1302                                    | 543                                     | 707                            | 506-1302               |
| Madagascar   | 1043                                    | 1055                                    | 2114                                    | 1116                                    | 1796                           | 1043-2114              |
| Malawi       | 290                                     | 246                                     | 391                                     | 267                                     | 152                            | 152-391                |
| Malaysia     | 2405                                    | 4625                                    | 4821                                    | 2984                                    | 3994                           | 2405-4821              |
| Mexico       | 4361                                    | 5924                                    | 5790                                    | 4646                                    | -                              | 4361-5924              |
| Mozambique   | 4567                                    | 3749                                    | 5148                                    | 4068                                    | 1894                           | 1894-5148              |",Total carbon sequestered per annum,68,None4
10,0,Venezuela,"|              | Based on compilations of harvest data   | Based on compilations of harvest data   | Based on compilations of harvest data   | Based on forest inventory               | Based on forest inventory      | Total range            |
|--------------|-----------------------------------------|-----------------------------------------|-----------------------------------------|-----------------------------------------|--------------------------------|------------------------|
| Country      | Olson et al (1983)/ Gibbs (2006) b      | Houghton (1999)/ DeFries et al (2002)   | IPCC (2006) c                           | Brown (1997)/ Achard et al (2002, 2004) | Gibbs and Brown (2007a, 2007b) | Based on all estimates |
| Myanmar      | 2843                                    | 5182                                    | 4867                                    | 4024                                    | 4754                           | 2377-5182              |
| Nepal        | 246                                     | 393                                     | 369                                     | 337                                     | 334                            | 246-393                |
| Nicaragua    | 930                                     | 1395                                    | 1275                                    | 972                                     | -                              | 930-1395               |
| Nigeria      | 1805                                    | 1377                                    | 3952                                    | 1510                                    | 1278                           | 1278-3952              |
| Panama       | 509                                     | 763                                     | 685                                     | 549                                     | -                              | 509-763                |
| PNG          | 4154                                    | 8037                                    | 7075                                    | 5160                                    | -                              | 4154-8037              |
| Paraguay     | 2831                                    | 3659                                    | 3063                                    | 1087                                    | -                              | 1087-3659              |
| Peru         | 7694                                    | 11 521                                  | 13 241                                  | 2782                                    | -                              | 2782-13241             |
| Philippines  | 869                                     | 1765                                    | 2503                                    | 1213                                    | 1530                           | 765-2503               |
| Rwanda       | 45                                      | 45                                      | 36                                      | 48                                      | 6                              | 6-48                   |
| Senegal      | 171                                     | 141                                     | 228                                     | 153                                     | 86                             | 86-228                 |
| Sierra Leone | 136                                     | 114                                     | 683                                     | 123                                     | 240                            | 114-683                |
| Sri Lanka    | 302                                     | 509                                     | 296                                     | 400                                     | 138                            | 138-509                |
| Surinam      | 1793                                    | 2753                                    | 2330                                    | 663                                     | -                              | 663-2753               |
| Tanzania     | 2716                                    | 2221                                    | 3400                                    | 2409                                    | 1281                           | 1281-3400              |
| Thailand     | 1346                                    | 2489                                    | 2215                                    | 1923                                    | 2104                           | 1346-2489              |
| Togo         | 252                                     | 172                                     | 510                                     | 192                                     | 145                            | 145-510                |
| Uganda       | 536                                     | 434                                     | 1237                                    | 479                                     | 429                            | 429-1237               |
| Venezuela    | 6141                                    | 9202                                    | 7886                                    | 2326                                    | -                              | 2326-9202              |
| Vietnam      | 774                                     | 1632                                    | 1546                                    | 1169                                    | 1642                           | 774-1642               |
| Zambia       | 4295                                    | 3423                                    | 6378                                    | 3725                                    | 1455                           | 1455-6378              |",Total carbon sequestered per annum,70,2326
10,0,Rwanda,"|              | Based on compilations of harvest data   | Based on compilations of harvest data   | Based on compilations of harvest data   | Based on forest inventory               | Based on forest inventory      | Total range            |
|--------------|-----------------------------------------|-----------------------------------------|-----------------------------------------|-----------------------------------------|--------------------------------|------------------------|
| Country      | Olson et al (1983)/ Gibbs (2006) b      | Houghton (1999)/ DeFries et al (2002)   | IPCC (2006) c                           | Brown (1997)/ Achard et al (2002, 2004) | Gibbs and Brown (2007a, 2007b) | Based on all estimates |
| Myanmar      | 2843                                    | 5182                                    | 4867                                    | 4024                                    | 4754                           | 2377-5182              |
| Nepal        | 246                                     | 393                                     | 369                                     | 337                                     | 334                            | 246-393                |
| Nicaragua    | 930                                     | 1395                                    | 1275                                    | 972                                     | -                              | 930-1395               |
| Nigeria      | 1805                                    | 1377                                    | 3952                                    | 1510                                    | 1278                           | 1278-3952              |
| Panama       | 509                                     | 763                                     | 685                                     | 549                                     | -                              | 509-763                |
| PNG          | 4154                                    | 8037                                    | 7075                                    | 5160                                    | -                              | 4154-8037              |
| Paraguay     | 2831                                    | 3659                                    | 3063                                    | 1087                                    | -                              | 1087-3659              |
| Peru         | 7694                                    | 11 521                                  | 13 241                                  | 2782                                    | -                              | 2782-13241             |
| Philippines  | 869                                     | 1765                                    | 2503                                    | 1213                                    | 1530                           | 765-2503               |
| Rwanda       | 45                                      | 45                                      | 36                                      | 48                                      | 6                              | 6-48                   |
| Senegal      | 171                                     | 141                                     | 228                                     | 153                                     | 86                             | 86-228                 |
| Sierra Leone | 136                                     | 114                                     | 683                                     | 123                                     | 240                            | 114-683                |
| Sri Lanka    | 302                                     | 509                                     | 296                                     | 400                                     | 138                            | 138-509                |
| Surinam      | 1793                                    | 2753                                    | 2330                                    | 663                                     | -                              | 663-2753               |
| Tanzania     | 2716                                    | 2221                                    | 3400                                    | 2409                                    | 1281                           | 1281-3400              |
| Thailand     | 1346                                    | 2489                                    | 2215                                    | 1923                                    | 2104                           | 1346-2489              |
| Togo         | 252                                     | 172                                     | 510                                     | 192                                     | 145                            | 145-510                |
| Uganda       | 536                                     | 434                                     | 1237                                    | 479                                     | 429                            | 429-1237               |
| Venezuela    | 6141                                    | 9202                                    | 7886                                    | 2326                                    | -                              | 2326-9202              |
| Vietnam      | 774                                     | 1632                                    | 1546                                    | 1169                                    | 1642                           | 774-1642               |
| Zambia       | 4295                                    | 3423                                    | 6378                                    | 3725                                    | 1455                           | 1455-6378              |",Total carbon sequestered per annum,76,6
7,0,Belize,"|              | Based on compilations of harvest data   | Based on compilations of harvest data   | Based on compilations of harvest data   | Based on forest inventory               | Based on forest inventory      | Total range            |
|--------------|-----------------------------------------|-----------------------------------------|-----------------------------------------|-----------------------------------------|--------------------------------|------------------------|
| Country      | Olson et al (1983)/ Gibbs (2006) b      | Houghton (1999)/ DeFries et al (2002)   | IPCC (2006) c                           | Brown (1997)/ Achard et al (2002, 2004) | Gibbs and Brown (2007a, 2007b) | Based on all estimates |
| Angola       | 7811                                    | 6702                                    | 11 767                                  | 7215                                    | 3557                           | 3557-11767             |
| Bangladesh   | 65                                      | 137                                     | 93                                      | 92                                      | 158                            | 65-158                 |
| Belize       | 198                                     | 318                                     | 261                                     | 218                                     | -                              | 198-318                |
| Benin        | 410                                     | 260                                     | 792                                     | 292                                     | 262                            | 260-792                |
| Bhutan       | 13                                      | 29                                      | 121                                     | 22                                      | 2                              | 1-121                  |
| Bolivia      | 6542                                    | 9541                                    | 9189                                    | 2469                                    | -                              | 2469-9189              |
| Brazil       | 54 697                                  | 81 087                                  | 82 510                                  | 82 699                                  | -                              | 54697-82699            |
| Brunei       | 58                                      | 112                                     | 115                                     | 72                                      | 40                             | 40-115                 |
| Burundi      | 69                                      | 51                                      | 43                                      | 55                                      | 9                              | 9-69                   |
| Cambodia     | 1008                                    | 1800                                    | 1222                                    | 1334                                    | 1914                           | 957-1914               |
| Cameroon     | 3721                                    | 3454                                    | 6138                                    | 3695                                    | 3622                           | 3454-6138              |
| CAR          | 4059                                    | 3176                                    | 7405                                    | 3524                                    | 4096                           | 3176-7405              |
| Colombia     | 6737                                    | 10 085                                  | 11 467                                  | 2529                                    | -                              | 2529-11467             |
| Congo        | 3458                                    | 3549                                    | 5472                                    | 3740                                    | 4739                           | 3458-5472              |
| Costa Rica   | 471                                     | 704                                     | 593                                     | 493                                     | -                              | 471-704                |
| D.R. Congo   | 22 986                                  | 22 657                                  | 36 672                                  | 24 020                                  | 20 416                         | 20416-36 672           |
| Ecuador      | 941                                     | 1379                                    | 2071                                    | 351                                     | -                              | 351-2071               |
| El Salvador  | 105                                     | 153                                     | 108                                     | 117                                     | -                              | 105-153                |
| Eq. Guinea   | 304                                     | 313                                     | 474                                     | 330                                     | 268                            | 268-474                |
| Ethiopia     | 183                                     | 153                                     | 553                                     | 168                                     | 867                            | 153-867                |
| Fr. Guiana   | 1097                                    | 1683                                    | 1588                                    | 403                                     | -                              | 403-1683               |
| Gabon        | 3063                                    | 3150                                    | 4742                                    | 3315                                    | 4114                           | 3063-4742              |
| Gambia,      | 7                                       | 7                                       | 11                                      | 7                                       | 6                              | 6-11                   |
| The Ghana    | 880                                     | 612                                     | 2172                                    | 678                                     | 609                            | 609-2172               |",Total carbon sequestered per annum,80,198
10,0,Zambia,"|              | Based on compilations of harvest data   | Based on compilations of harvest data   | Based on compilations of harvest data   | Based on forest inventory               | Based on forest inventory      | Total range            |
|--------------|-----------------------------------------|-----------------------------------------|-----------------------------------------|-----------------------------------------|--------------------------------|------------------------|
| Country      | Olson et al (1983)/ Gibbs (2006) b      | Houghton (1999)/ DeFries et al (2002)   | IPCC (2006) c                           | Brown (1997)/ Achard et al (2002, 2004) | Gibbs and Brown (2007a, 2007b) | Based on all estimates |
| Myanmar      | 2843                                    | 5182                                    | 4867                                    | 4024                                    | 4754                           | 2377-5182              |
| Nepal        | 246                                     | 393                                     | 369                                     | 337                                     | 334                            | 246-393                |
| Nicaragua    | 930                                     | 1395                                    | 1275                                    | 972                                     | -                              | 930-1395               |
| Nigeria      | 1805                                    | 1377                                    | 3952                                    | 1510                                    | 1278                           | 1278-3952              |
| Panama       | 509                                     | 763                                     | 685                                     | 549                                     | -                              | 509-763                |
| PNG          | 4154                                    | 8037                                    | 7075                                    | 5160                                    | -                              | 4154-8037              |
| Paraguay     | 2831                                    | 3659                                    | 3063                                    | 1087                                    | -                              | 1087-3659              |
| Peru         | 7694                                    | 11 521                                  | 13 241                                  | 2782                                    | -                              | 2782-13241             |
| Philippines  | 869                                     | 1765                                    | 2503                                    | 1213                                    | 1530                           | 765-2503               |
| Rwanda       | 45                                      | 45                                      | 36                                      | 48                                      | 6                              | 6-48                   |
| Senegal      | 171                                     | 141                                     | 228                                     | 153                                     | 86                             | 86-228                 |
| Sierra Leone | 136                                     | 114                                     | 683                                     | 123                                     | 240                            | 114-683                |
| Sri Lanka    | 302                                     | 509                                     | 296                                     | 400                                     | 138                            | 138-509                |
| Surinam      | 1793                                    | 2753                                    | 2330                                    | 663                                     | -                              | 663-2753               |
| Tanzania     | 2716                                    | 2221                                    | 3400                                    | 2409                                    | 1281                           | 1281-3400              |
| Thailand     | 1346                                    | 2489                                    | 2215                                    | 1923                                    | 2104                           | 1346-2489              |
| Togo         | 252                                     | 172                                     | 510                                     | 192                                     | 145                            | 145-510                |
| Uganda       | 536                                     | 434                                     | 1237                                    | 479                                     | 429                            | 429-1237               |
| Venezuela    | 6141                                    | 9202                                    | 7886                                    | 2326                                    | -                              | 2326-9202              |
| Vietnam      | 774                                     | 1632                                    | 1546                                    | 1169                                    | 1642                           | 774-1642               |
| Zambia       | 4295                                    | 3423                                    | 6378                                    | 3725                                    | 1455                           | 1455-6378              |",Total carbon sequestered per annum,86,2377
18,0,Indonesia,"- and biophysical properties of Douglas-Fir Western Hemlock forests-concepts and management Remote Sens. Environ. 70 339-61
- Le Toan T, Quegan S, Woodward I, Lomas M, Delbart N and Picard C 2004 Relating radar remote sensing of biomass to modeling of forest carbon budgets Clim. Change 76 379-402
- Lu D 2005 Aboveground biomass estimation using Landsat TM data in the Brazilian Amazon Int. J. Remote Sens. 26 2509-25
- MacDicken K 1997 A Guide to Monitoring Carbon Storage in Forestry and Agroforestry Projects (Arlington, VA: Winrock International)
- Malhi Y and Grace J 2000 Tropical forests and atmospheric carbon dioxide Trends Ecol. Evolut. 15 332-7
- McGroddy M E, Daufresne T and Hedin L O 2004 Scaling of C:N:P stoichiometry in forests worldwide: implications of terrestrial Redfield-type ratios Ecology 85 2390-401
- Means J E, Acker S A, Harding D J, Blair J B, Lefsky M A, Cohen W B, Harmon M E and McKee W A 1998 Use of large-footprint scanning airborne lidar to estimate forest stand characteristics in the western cascades of Oregon Remote Sens. Environ. 67 298-308
- Melillo J M, Frucht J R, Houghton R A, Moore B and Skole D L 1988 Land-use change in the Soviet Union between 1850 and 1990: causes of a net release of CO 2 to the atmosphere Tellus B 40 116-28
- Mette T, Papathanassiou K P, Hajnsek I and Zimmerman R 2003 Forest biomass estimation using polarimetric SAR interferometry Proc. POLnSAR (Italy: Frascati)
- Mokany K, Raison J R and Prokushkin A S 2006 Critical analysis of root-shoot rations in terrestrial biomes Glob. Change Biol. 12 84-96
- Nascimento H E M and Laurance W F 2002 Total aboveground biomass in central Amazonian rainforests: a landscape-scale study Forest Ecol. Manag. 168 311-21
- Niles J O 2002 Tropical forests and climate change Climate change policy: a survey ed S Schneider, A Rosencranz and J Niles (Washington, DC: Island Press)
- Olander L P, Gibbs H K, Murray B C, Steininger M and Swenson J 2007 Data and methods to estimate national historical deforestation baselines in support of UNFCCC REDD Environ. Res. Lett. submitted
- Olson J S, Watts J A and Allison L J 1983 Carbon in live vegetation of major world ecosystems ORNL-5862 (Oak Ridge, TN: Oak Ridge National Laboratory)
- Paciomik N and Rypdal K 2003 Cross cutting issues, section 5.3 sampling Good Practice Guidance For Land Use, Land-Use Change and Forestry, Intergovernmental Panel on Climate Change National Greenhouse Gas Inventories Programme ed J Penman, M Gytartsky, T Hiraishi, T Krug, D Kruger, R Pipatti, L Buendia, K Miwa, T Ngara, K Tanabe and F Wagner (Kanagawa: Institute for Global Environmental Strategies (IGES)) pp 5.21-5.28
- Page S E, Siegert F, Rieley J O, Boehm Hans-Dieter V, Jaya A and Limin S 2002 The amount of carbon released from peat and forest fires in Indonesia during 1997 Nature 420 61-5
- Patenaude G et al 2004 Quantifying forest above ground carbon content using lidar remote sensing Remote Sens. Environ. 93 368-80
- Pearson T, Brown S, Petrova S, Moore N and Slaymaker D 2005b Application of multispectral three-dimensional aerial digital imagery for estimating carbon stocks in a closed tropical forest Report to The Nature Conservancy Winrock International
- Pearson T, Walker S and Brown S 2005a Sourcebook for land use, land-use change and forestry projects Winrock International and the BioCarbon Fund of the World Bank p 57
- Penman J et al 2003 Good practice guidance for land use, land-use change and forestry IPCC National Greenhouse Gas Inventories Programme and Institute for Global Environmental Strategies, Kanagawa, Japan available at: http://www.ipcc-nggip.iges.or. jp/public/gpglulucf/gpglulucf.htm",Total carbon sequestered per annum,92,61.
10,0,Senegal,"|              | Based on compilations of harvest data   | Based on compilations of harvest data   | Based on compilations of harvest data   | Based on forest inventory               | Based on forest inventory      | Total range            |
|--------------|-----------------------------------------|-----------------------------------------|-----------------------------------------|-----------------------------------------|--------------------------------|------------------------|
| Country      | Olson et al (1983)/ Gibbs (2006) b      | Houghton (1999)/ DeFries et al (2002)   | IPCC (2006) c                           | Brown (1997)/ Achard et al (2002, 2004) | Gibbs and Brown (2007a, 2007b) | Based on all estimates |
| Myanmar      | 2843                                    | 5182                                    | 4867                                    | 4024                                    | 4754                           | 2377-5182              |
| Nepal        | 246                                     | 393                                     | 369                                     | 337                                     | 334                            | 246-393                |
| Nicaragua    | 930                                     | 1395                                    | 1275                                    | 972                                     | -                              | 930-1395               |
| Nigeria      | 1805                                    | 1377                                    | 3952                                    | 1510                                    | 1278                           | 1278-3952              |
| Panama       | 509                                     | 763                                     | 685                                     | 549                                     | -                              | 509-763                |
| PNG          | 4154                                    | 8037                                    | 7075                                    | 5160                                    | -                              | 4154-8037              |
| Paraguay     | 2831                                    | 3659                                    | 3063                                    | 1087                                    | -                              | 1087-3659              |
| Peru         | 7694                                    | 11 521                                  | 13 241                                  | 2782                                    | -                              | 2782-13241             |
| Philippines  | 869                                     | 1765                                    | 2503                                    | 1213                                    | 1530                           | 765-2503               |
| Rwanda       | 45                                      | 45                                      | 36                                      | 48                                      | 6                              | 6-48                   |
| Senegal      | 171                                     | 141                                     | 228                                     | 153                                     | 86                             | 86-228                 |
| Sierra Leone | 136                                     | 114                                     | 683                                     | 123                                     | 240                            | 114-683                |
| Sri Lanka    | 302                                     | 509                                     | 296                                     | 400                                     | 138                            | 138-509                |
| Surinam      | 1793                                    | 2753                                    | 2330                                    | 663                                     | -                              | 663-2753               |
| Tanzania     | 2716                                    | 2221                                    | 3400                                    | 2409                                    | 1281                           | 1281-3400              |
| Thailand     | 1346                                    | 2489                                    | 2215                                    | 1923                                    | 2104                           | 1346-2489              |
| Togo         | 252                                     | 172                                     | 510                                     | 192                                     | 145                            | 145-510                |
| Uganda       | 536                                     | 434                                     | 1237                                    | 479                                     | 429                            | 429-1237               |
| Venezuela    | 6141                                    | 9202                                    | 7886                                    | 2326                                    | -                              | 2326-9202              |
| Vietnam      | 774                                     | 1632                                    | 1546                                    | 1169                                    | 1642                           | 774-1642               |
| Zambia       | 4295                                    | 3423                                    | 6378                                    | 3725                                    | 1455                           | 1455-6378              |",Total carbon sequestered per annum,94,86
7,0,Burundi,"|              | Based on compilations of harvest data   | Based on compilations of harvest data   | Based on compilations of harvest data   | Based on forest inventory               | Based on forest inventory      | Total range            |
|--------------|-----------------------------------------|-----------------------------------------|-----------------------------------------|-----------------------------------------|--------------------------------|------------------------|
| Country      | Olson et al (1983)/ Gibbs (2006) b      | Houghton (1999)/ DeFries et al (2002)   | IPCC (2006) c                           | Brown (1997)/ Achard et al (2002, 2004) | Gibbs and Brown (2007a, 2007b) | Based on all estimates |
| Angola       | 7811                                    | 6702                                    | 11 767                                  | 7215                                    | 3557                           | 3557-11767             |
| Bangladesh   | 65                                      | 137                                     | 93                                      | 92                                      | 158                            | 65-158                 |
| Belize       | 198                                     | 318                                     | 261                                     | 218                                     | -                              | 198-318                |
| Benin        | 410                                     | 260                                     | 792                                     | 292                                     | 262                            | 260-792                |
| Bhutan       | 13                                      | 29                                      | 121                                     | 22                                      | 2                              | 1-121                  |
| Bolivia      | 6542                                    | 9541                                    | 9189                                    | 2469                                    | -                              | 2469-9189              |
| Brazil       | 54 697                                  | 81 087                                  | 82 510                                  | 82 699                                  | -                              | 54697-82699            |
| Brunei       | 58                                      | 112                                     | 115                                     | 72                                      | 40                             | 40-115                 |
| Burundi      | 69                                      | 51                                      | 43                                      | 55                                      | 9                              | 9-69                   |
| Cambodia     | 1008                                    | 1800                                    | 1222                                    | 1334                                    | 1914                           | 957-1914               |
| Cameroon     | 3721                                    | 3454                                    | 6138                                    | 3695                                    | 3622                           | 3454-6138              |
| CAR          | 4059                                    | 3176                                    | 7405                                    | 3524                                    | 4096                           | 3176-7405              |
| Colombia     | 6737                                    | 10 085                                  | 11 467                                  | 2529                                    | -                              | 2529-11467             |
| Congo        | 3458                                    | 3549                                    | 5472                                    | 3740                                    | 4739                           | 3458-5472              |
| Costa Rica   | 471                                     | 704                                     | 593                                     | 493                                     | -                              | 471-704                |
| D.R. Congo   | 22 986                                  | 22 657                                  | 36 672                                  | 24 020                                  | 20 416                         | 20416-36 672           |
| Ecuador      | 941                                     | 1379                                    | 2071                                    | 351                                     | -                              | 351-2071               |
| El Salvador  | 105                                     | 153                                     | 108                                     | 117                                     | -                              | 105-153                |
| Eq. Guinea   | 304                                     | 313                                     | 474                                     | 330                                     | 268                            | 268-474                |
| Ethiopia     | 183                                     | 153                                     | 553                                     | 168                                     | 867                            | 153-867                |
| Fr. Guiana   | 1097                                    | 1683                                    | 1588                                    | 403                                     | -                              | 403-1683               |
| Gabon        | 3063                                    | 3150                                    | 4742                                    | 3315                                    | 4114                           | 3063-4742              |
| Gambia,      | 7                                       | 7                                       | 11                                      | 7                                       | 6                              | 6-11                   |
| The Ghana    | 880                                     | 612                                     | 2172                                    | 678                                     | 609                            | 609-2172               |",Total carbon sequestered per annum,100,9
7,0,Gabon,"|              | Based on compilations of harvest data   | Based on compilations of harvest data   | Based on compilations of harvest data   | Based on forest inventory               | Based on forest inventory      | Total range            |
|--------------|-----------------------------------------|-----------------------------------------|-----------------------------------------|-----------------------------------------|--------------------------------|------------------------|
| Country      | Olson et al (1983)/ Gibbs (2006) b      | Houghton (1999)/ DeFries et al (2002)   | IPCC (2006) c                           | Brown (1997)/ Achard et al (2002, 2004) | Gibbs and Brown (2007a, 2007b) | Based on all estimates |
| Angola       | 7811                                    | 6702                                    | 11 767                                  | 7215                                    | 3557                           | 3557-11767             |
| Bangladesh   | 65                                      | 137                                     | 93                                      | 92                                      | 158                            | 65-158                 |
| Belize       | 198                                     | 318                                     | 261                                     | 218                                     | -                              | 198-318                |
| Benin        | 410                                     | 260                                     | 792                                     | 292                                     | 262                            | 260-792                |
| Bhutan       | 13                                      | 29                                      | 121                                     | 22                                      | 2                              | 1-121                  |
| Bolivia      | 6542                                    | 9541                                    | 9189                                    | 2469                                    | -                              | 2469-9189              |
| Brazil       | 54 697                                  | 81 087                                  | 82 510                                  | 82 699                                  | -                              | 54697-82699            |
| Brunei       | 58                                      | 112                                     | 115                                     | 72                                      | 40                             | 40-115                 |
| Burundi      | 69                                      | 51                                      | 43                                      | 55                                      | 9                              | 9-69                   |
| Cambodia     | 1008                                    | 1800                                    | 1222                                    | 1334                                    | 1914                           | 957-1914               |
| Cameroon     | 3721                                    | 3454                                    | 6138                                    | 3695                                    | 3622                           | 3454-6138              |
| CAR          | 4059                                    | 3176                                    | 7405                                    | 3524                                    | 4096                           | 3176-7405              |
| Colombia     | 6737                                    | 10 085                                  | 11 467                                  | 2529                                    | -                              | 2529-11467             |
| Congo        | 3458                                    | 3549                                    | 5472                                    | 3740                                    | 4739                           | 3458-5472              |
| Costa Rica   | 471                                     | 704                                     | 593                                     | 493                                     | -                              | 471-704                |
| D.R. Congo   | 22 986                                  | 22 657                                  | 36 672                                  | 24 020                                  | 20 416                         | 20416-36 672           |
| Ecuador      | 941                                     | 1379                                    | 2071                                    | 351                                     | -                              | 351-2071               |
| El Salvador  | 105                                     | 153                                     | 108                                     | 117                                     | -                              | 105-153                |
| Eq. Guinea   | 304                                     | 313                                     | 474                                     | 330                                     | 268                            | 268-474                |
| Ethiopia     | 183                                     | 153                                     | 553                                     | 168                                     | 867                            | 153-867                |
| Fr. Guiana   | 1097                                    | 1683                                    | 1588                                    | 403                                     | -                              | 403-1683               |
| Gabon        | 3063                                    | 3150                                    | 4742                                    | 3315                                    | 4114                           | 3063-4742              |
| Gambia,      | 7                                       | 7                                       | 11                                      | 7                                       | 6                              | 6-11                   |
| The Ghana    | 880                                     | 612                                     | 2172                                    | 678                                     | 609                            | 609-2172               |",Total carbon sequestered per annum,108,4742
7,0,Angola,"|              | Based on compilations of harvest data   | Based on compilations of harvest data   | Based on compilations of harvest data   | Based on forest inventory               | Based on forest inventory      | Total range            |
|--------------|-----------------------------------------|-----------------------------------------|-----------------------------------------|-----------------------------------------|--------------------------------|------------------------|
| Country      | Olson et al (1983)/ Gibbs (2006) b      | Houghton (1999)/ DeFries et al (2002)   | IPCC (2006) c                           | Brown (1997)/ Achard et al (2002, 2004) | Gibbs and Brown (2007a, 2007b) | Based on all estimates |
| Angola       | 7811                                    | 6702                                    | 11 767                                  | 7215                                    | 3557                           | 3557-11767             |
| Bangladesh   | 65                                      | 137                                     | 93                                      | 92                                      | 158                            | 65-158                 |
| Belize       | 198                                     | 318                                     | 261                                     | 218                                     | -                              | 198-318                |
| Benin        | 410                                     | 260                                     | 792                                     | 292                                     | 262                            | 260-792                |
| Bhutan       | 13                                      | 29                                      | 121                                     | 22                                      | 2                              | 1-121                  |
| Bolivia      | 6542                                    | 9541                                    | 9189                                    | 2469                                    | -                              | 2469-9189              |
| Brazil       | 54 697                                  | 81 087                                  | 82 510                                  | 82 699                                  | -                              | 54697-82699            |
| Brunei       | 58                                      | 112                                     | 115                                     | 72                                      | 40                             | 40-115                 |
| Burundi      | 69                                      | 51                                      | 43                                      | 55                                      | 9                              | 9-69                   |
| Cambodia     | 1008                                    | 1800                                    | 1222                                    | 1334                                    | 1914                           | 957-1914               |
| Cameroon     | 3721                                    | 3454                                    | 6138                                    | 3695                                    | 3622                           | 3454-6138              |
| CAR          | 4059                                    | 3176                                    | 7405                                    | 3524                                    | 4096                           | 3176-7405              |
| Colombia     | 6737                                    | 10 085                                  | 11 467                                  | 2529                                    | -                              | 2529-11467             |
| Congo        | 3458                                    | 3549                                    | 5472                                    | 3740                                    | 4739                           | 3458-5472              |
| Costa Rica   | 471                                     | 704                                     | 593                                     | 493                                     | -                              | 471-704                |
| D.R. Congo   | 22 986                                  | 22 657                                  | 36 672                                  | 24 020                                  | 20 416                         | 20416-36 672           |
| Ecuador      | 941                                     | 1379                                    | 2071                                    | 351                                     | -                              | 351-2071               |
| El Salvador  | 105                                     | 153                                     | 108                                     | 117                                     | -                              | 105-153                |
| Eq. Guinea   | 304                                     | 313                                     | 474                                     | 330                                     | 268                            | 268-474                |
| Ethiopia     | 183                                     | 153                                     | 553                                     | 168                                     | 867                            | 153-867                |
| Fr. Guiana   | 1097                                    | 1683                                    | 1588                                    | 403                                     | -                              | 403-1683               |
| Gabon        | 3063                                    | 3150                                    | 4742                                    | 3315                                    | 4114                           | 3063-4742              |
| Gambia,      | 7                                       | 7                                       | 11                                      | 7                                       | 6                              | 6-11                   |
| The Ghana    | 880                                     | 612                                     | 2172                                    | 678                                     | 609                            | 609-2172               |",Total carbon sequestered per annum,112,7811
10,0,Uganda,"|              | Based on compilations of harvest data   | Based on compilations of harvest data   | Based on compilations of harvest data   | Based on forest inventory               | Based on forest inventory      | Total range            |
|--------------|-----------------------------------------|-----------------------------------------|-----------------------------------------|-----------------------------------------|--------------------------------|------------------------|
| Country      | Olson et al (1983)/ Gibbs (2006) b      | Houghton (1999)/ DeFries et al (2002)   | IPCC (2006) c                           | Brown (1997)/ Achard et al (2002, 2004) | Gibbs and Brown (2007a, 2007b) | Based on all estimates |
| Myanmar      | 2843                                    | 5182                                    | 4867                                    | 4024                                    | 4754                           | 2377-5182              |
| Nepal        | 246                                     | 393                                     | 369                                     | 337                                     | 334                            | 246-393                |
| Nicaragua    | 930                                     | 1395                                    | 1275                                    | 972                                     | -                              | 930-1395               |
| Nigeria      | 1805                                    | 1377                                    | 3952                                    | 1510                                    | 1278                           | 1278-3952              |
| Panama       | 509                                     | 763                                     | 685                                     | 549                                     | -                              | 509-763                |
| PNG          | 4154                                    | 8037                                    | 7075                                    | 5160                                    | -                              | 4154-8037              |
| Paraguay     | 2831                                    | 3659                                    | 3063                                    | 1087                                    | -                              | 1087-3659              |
| Peru         | 7694                                    | 11 521                                  | 13 241                                  | 2782                                    | -                              | 2782-13241             |
| Philippines  | 869                                     | 1765                                    | 2503                                    | 1213                                    | 1530                           | 765-2503               |
| Rwanda       | 45                                      | 45                                      | 36                                      | 48                                      | 6                              | 6-48                   |
| Senegal      | 171                                     | 141                                     | 228                                     | 153                                     | 86                             | 86-228                 |
| Sierra Leone | 136                                     | 114                                     | 683                                     | 123                                     | 240                            | 114-683                |
| Sri Lanka    | 302                                     | 509                                     | 296                                     | 400                                     | 138                            | 138-509                |
| Surinam      | 1793                                    | 2753                                    | 2330                                    | 663                                     | -                              | 663-2753               |
| Tanzania     | 2716                                    | 2221                                    | 3400                                    | 2409                                    | 1281                           | 1281-3400              |
| Thailand     | 1346                                    | 2489                                    | 2215                                    | 1923                                    | 2104                           | 1346-2489              |
| Togo         | 252                                     | 172                                     | 510                                     | 192                                     | 145                            | 145-510                |
| Uganda       | 536                                     | 434                                     | 1237                                    | 479                                     | 429                            | 429-1237               |
| Venezuela    | 6141                                    | 9202                                    | 7886                                    | 2326                                    | -                              | 2326-9202              |
| Vietnam      | 774                                     | 1632                                    | 1546                                    | 1169                                    | 1642                           | 774-1642               |
| Zambia       | 4295                                    | 3423                                    | 6378                                    | 3725                                    | 1455                           | 1455-6378              |",Total carbon sequestered per annum,114,429-
10,0,Nepal,"|              | Based on compilations of harvest data   | Based on compilations of harvest data   | Based on compilations of harvest data   | Based on forest inventory               | Based on forest inventory      | Total range            |
|--------------|-----------------------------------------|-----------------------------------------|-----------------------------------------|-----------------------------------------|--------------------------------|------------------------|
| Country      | Olson et al (1983)/ Gibbs (2006) b      | Houghton (1999)/ DeFries et al (2002)   | IPCC (2006) c                           | Brown (1997)/ Achard et al (2002, 2004) | Gibbs and Brown (2007a, 2007b) | Based on all estimates |
| Myanmar      | 2843                                    | 5182                                    | 4867                                    | 4024                                    | 4754                           | 2377-5182              |
| Nepal        | 246                                     | 393                                     | 369                                     | 337                                     | 334                            | 246-393                |
| Nicaragua    | 930                                     | 1395                                    | 1275                                    | 972                                     | -                              | 930-1395               |
| Nigeria      | 1805                                    | 1377                                    | 3952                                    | 1510                                    | 1278                           | 1278-3952              |
| Panama       | 509                                     | 763                                     | 685                                     | 549                                     | -                              | 509-763                |
| PNG          | 4154                                    | 8037                                    | 7075                                    | 5160                                    | -                              | 4154-8037              |
| Paraguay     | 2831                                    | 3659                                    | 3063                                    | 1087                                    | -                              | 1087-3659              |
| Peru         | 7694                                    | 11 521                                  | 13 241                                  | 2782                                    | -                              | 2782-13241             |
| Philippines  | 869                                     | 1765                                    | 2503                                    | 1213                                    | 1530                           | 765-2503               |
| Rwanda       | 45                                      | 45                                      | 36                                      | 48                                      | 6                              | 6-48                   |
| Senegal      | 171                                     | 141                                     | 228                                     | 153                                     | 86                             | 86-228                 |
| Sierra Leone | 136                                     | 114                                     | 683                                     | 123                                     | 240                            | 114-683                |
| Sri Lanka    | 302                                     | 509                                     | 296                                     | 400                                     | 138                            | 138-509                |
| Surinam      | 1793                                    | 2753                                    | 2330                                    | 663                                     | -                              | 663-2753               |
| Tanzania     | 2716                                    | 2221                                    | 3400                                    | 2409                                    | 1281                           | 1281-3400              |
| Thailand     | 1346                                    | 2489                                    | 2215                                    | 1923                                    | 2104                           | 1346-2489              |
| Togo         | 252                                     | 172                                     | 510                                     | 192                                     | 145                            | 145-510                |
| Uganda       | 536                                     | 434                                     | 1237                                    | 479                                     | 429                            | 429-1237               |
| Venezuela    | 6141                                    | 9202                                    | 7886                                    | 2326                                    | -                              | 2326-9202              |
| Vietnam      | 774                                     | 1632                                    | 1546                                    | 1169                                    | 1642                           | 774-1642               |
| Zambia       | 4295                                    | 3423                                    | 6378                                    | 3725                                    | 1455                           | 1455-6378              |",Total carbon sequestered per annum,122,246
10,0,Peru,"|              | Based on compilations of harvest data   | Based on compilations of harvest data   | Based on compilations of harvest data   | Based on forest inventory               | Based on forest inventory      | Total range            |
|--------------|-----------------------------------------|-----------------------------------------|-----------------------------------------|-----------------------------------------|--------------------------------|------------------------|
| Country      | Olson et al (1983)/ Gibbs (2006) b      | Houghton (1999)/ DeFries et al (2002)   | IPCC (2006) c                           | Brown (1997)/ Achard et al (2002, 2004) | Gibbs and Brown (2007a, 2007b) | Based on all estimates |
| Myanmar      | 2843                                    | 5182                                    | 4867                                    | 4024                                    | 4754                           | 2377-5182              |
| Nepal        | 246                                     | 393                                     | 369                                     | 337                                     | 334                            | 246-393                |
| Nicaragua    | 930                                     | 1395                                    | 1275                                    | 972                                     | -                              | 930-1395               |
| Nigeria      | 1805                                    | 1377                                    | 3952                                    | 1510                                    | 1278                           | 1278-3952              |
| Panama       | 509                                     | 763                                     | 685                                     | 549                                     | -                              | 509-763                |
| PNG          | 4154                                    | 8037                                    | 7075                                    | 5160                                    | -                              | 4154-8037              |
| Paraguay     | 2831                                    | 3659                                    | 3063                                    | 1087                                    | -                              | 1087-3659              |
| Peru         | 7694                                    | 11 521                                  | 13 241                                  | 2782                                    | -                              | 2782-13241             |
| Philippines  | 869                                     | 1765                                    | 2503                                    | 1213                                    | 1530                           | 765-2503               |
| Rwanda       | 45                                      | 45                                      | 36                                      | 48                                      | 6                              | 6-48                   |
| Senegal      | 171                                     | 141                                     | 228                                     | 153                                     | 86                             | 86-228                 |
| Sierra Leone | 136                                     | 114                                     | 683                                     | 123                                     | 240                            | 114-683                |
| Sri Lanka    | 302                                     | 509                                     | 296                                     | 400                                     | 138                            | 138-509                |
| Surinam      | 1793                                    | 2753                                    | 2330                                    | 663                                     | -                              | 663-2753               |
| Tanzania     | 2716                                    | 2221                                    | 3400                                    | 2409                                    | 1281                           | 1281-3400              |
| Thailand     | 1346                                    | 2489                                    | 2215                                    | 1923                                    | 2104                           | 1346-2489              |
| Togo         | 252                                     | 172                                     | 510                                     | 192                                     | 145                            | 145-510                |
| Uganda       | 536                                     | 434                                     | 1237                                    | 479                                     | 429                            | 429-1237               |
| Venezuela    | 6141                                    | 9202                                    | 7886                                    | 2326                                    | -                              | 2326-9202              |
| Vietnam      | 774                                     | 1632                                    | 1546                                    | 1169                                    | 1642                           | 774-1642               |
| Zambia       | 4295                                    | 3423                                    | 6378                                    | 3725                                    | 1455                           | 1455-6378              |",Total carbon sequestered per annum,126,"13,241"
10,0,Thailand,"|              | Based on compilations of harvest data   | Based on compilations of harvest data   | Based on compilations of harvest data   | Based on forest inventory               | Based on forest inventory      | Total range            |
|--------------|-----------------------------------------|-----------------------------------------|-----------------------------------------|-----------------------------------------|--------------------------------|------------------------|
| Country      | Olson et al (1983)/ Gibbs (2006) b      | Houghton (1999)/ DeFries et al (2002)   | IPCC (2006) c                           | Brown (1997)/ Achard et al (2002, 2004) | Gibbs and Brown (2007a, 2007b) | Based on all estimates |
| Myanmar      | 2843                                    | 5182                                    | 4867                                    | 4024                                    | 4754                           | 2377-5182              |
| Nepal        | 246                                     | 393                                     | 369                                     | 337                                     | 334                            | 246-393                |
| Nicaragua    | 930                                     | 1395                                    | 1275                                    | 972                                     | -                              | 930-1395               |
| Nigeria      | 1805                                    | 1377                                    | 3952                                    | 1510                                    | 1278                           | 1278-3952              |
| Panama       | 509                                     | 763                                     | 685                                     | 549                                     | -                              | 509-763                |
| PNG          | 4154                                    | 8037                                    | 7075                                    | 5160                                    | -                              | 4154-8037              |
| Paraguay     | 2831                                    | 3659                                    | 3063                                    | 1087                                    | -                              | 1087-3659              |
| Peru         | 7694                                    | 11 521                                  | 13 241                                  | 2782                                    | -                              | 2782-13241             |
| Philippines  | 869                                     | 1765                                    | 2503                                    | 1213                                    | 1530                           | 765-2503               |
| Rwanda       | 45                                      | 45                                      | 36                                      | 48                                      | 6                              | 6-48                   |
| Senegal      | 171                                     | 141                                     | 228                                     | 153                                     | 86                             | 86-228                 |
| Sierra Leone | 136                                     | 114                                     | 683                                     | 123                                     | 240                            | 114-683                |
| Sri Lanka    | 302                                     | 509                                     | 296                                     | 400                                     | 138                            | 138-509                |
| Surinam      | 1793                                    | 2753                                    | 2330                                    | 663                                     | -                              | 663-2753               |
| Tanzania     | 2716                                    | 2221                                    | 3400                                    | 2409                                    | 1281                           | 1281-3400              |
| Thailand     | 1346                                    | 2489                                    | 2215                                    | 1923                                    | 2104                           | 1346-2489              |
| Togo         | 252                                     | 172                                     | 510                                     | 192                                     | 145                            | 145-510                |
| Uganda       | 536                                     | 434                                     | 1237                                    | 479                                     | 429                            | 429-1237               |
| Venezuela    | 6141                                    | 9202                                    | 7886                                    | 2326                                    | -                              | 2326-9202              |
| Vietnam      | 774                                     | 1632                                    | 1546                                    | 1169                                    | 1642                           | 774-1642               |
| Zambia       | 4295                                    | 3423                                    | 6378                                    | 3725                                    | 1455                           | 1455-6378              |",Total carbon sequestered per annum,130,1346
10,0,Paraguay,"|              | Based on compilations of harvest data   | Based on compilations of harvest data   | Based on compilations of harvest data   | Based on forest inventory               | Based on forest inventory      | Total range            |
|--------------|-----------------------------------------|-----------------------------------------|-----------------------------------------|-----------------------------------------|--------------------------------|------------------------|
| Country      | Olson et al (1983)/ Gibbs (2006) b      | Houghton (1999)/ DeFries et al (2002)   | IPCC (2006) c                           | Brown (1997)/ Achard et al (2002, 2004) | Gibbs and Brown (2007a, 2007b) | Based on all estimates |
| Myanmar      | 2843                                    | 5182                                    | 4867                                    | 4024                                    | 4754                           | 2377-5182              |
| Nepal        | 246                                     | 393                                     | 369                                     | 337                                     | 334                            | 246-393                |
| Nicaragua    | 930                                     | 1395                                    | 1275                                    | 972                                     | -                              | 930-1395               |
| Nigeria      | 1805                                    | 1377                                    | 3952                                    | 1510                                    | 1278                           | 1278-3952              |
| Panama       | 509                                     | 763                                     | 685                                     | 549                                     | -                              | 509-763                |
| PNG          | 4154                                    | 8037                                    | 7075                                    | 5160                                    | -                              | 4154-8037              |
| Paraguay     | 2831                                    | 3659                                    | 3063                                    | 1087                                    | -                              | 1087-3659              |
| Peru         | 7694                                    | 11 521                                  | 13 241                                  | 2782                                    | -                              | 2782-13241             |
| Philippines  | 869                                     | 1765                                    | 2503                                    | 1213                                    | 1530                           | 765-2503               |
| Rwanda       | 45                                      | 45                                      | 36                                      | 48                                      | 6                              | 6-48                   |
| Senegal      | 171                                     | 141                                     | 228                                     | 153                                     | 86                             | 86-228                 |
| Sierra Leone | 136                                     | 114                                     | 683                                     | 123                                     | 240                            | 114-683                |
| Sri Lanka    | 302                                     | 509                                     | 296                                     | 400                                     | 138                            | 138-509                |
| Surinam      | 1793                                    | 2753                                    | 2330                                    | 663                                     | -                              | 663-2753               |
| Tanzania     | 2716                                    | 2221                                    | 3400                                    | 2409                                    | 1281                           | 1281-3400              |
| Thailand     | 1346                                    | 2489                                    | 2215                                    | 1923                                    | 2104                           | 1346-2489              |
| Togo         | 252                                     | 172                                     | 510                                     | 192                                     | 145                            | 145-510                |
| Uganda       | 536                                     | 434                                     | 1237                                    | 479                                     | 429                            | 429-1237               |
| Venezuela    | 6141                                    | 9202                                    | 7886                                    | 2326                                    | -                              | 2326-9202              |
| Vietnam      | 774                                     | 1632                                    | 1546                                    | 1169                                    | 1642                           | 774-1642               |
| Zambia       | 4295                                    | 3423                                    | 6378                                    | 3725                                    | 1455                           | 1455-6378              |",Total carbon sequestered per annum,132,1087
11,0,continental Southeast Asia,"a Overview of methods used to develop table 3: In most cases, total forest carbon stocks per country were calculated by applying biome-average forest carbon values to a satellite-based global land cover map for the year 2000 (GLC 2000) stratified by the FAO forest ecological zone map (FAO 2001). Gibbs and Brown (2007a, 2007b) applied a rule-based model to the GLC 2000 map. Additional description of data sources can be found in table 2 footnotes. All values are for above- and belowground forest biomass carbon stocks (trunk, branches, roots). Units expressed as million tonnes of carbon (M t C). (1) We attempted to trace each biome average to the original source of data and explain all modifications made by the biomass dataset producers, but this was not always possible. (2) Forest classes from the global classification scheme of GLC 2000 include the following: broadleaved evergreen, broadleaved deciduous open, broadleaved deciduous closed, needleleaved evergreen, needleleaved deciduous, mixed leaf, mosaic, and burnt. All non-forest land cover categories were excluded. (3) Each data set provided different values for different biome types. If only a single forest class was provided it was applied universally to all of the above classes (open and closed). When more than one forest category was provided it was translated and applied accordingly. (4) Note that only Gibbs and Brown (2007a, 2007b) account for the impact of human disturbance on forest carbon stocks. All other estimates use the same biome-average carbon value for all forests within each broad class regardless of their condition-however, we divided the average forest carbon stocks values in half for the mosaic and burnt classes in GLC 2000.

b Based on Gibbs (2006), which translated and applied the original Olson et al (1983) data to the GLC 2000 land cover map. Olson et al (1983) is based on a large compilation of literature studies; please see on-line documentation for full list. The Olson 'medium' biomass estimates were used here. Note that Olson et al (1983) provides only a single value for all tropical forests (120 Mg C / ha) and for dry forest/woodland (60 Mg C / ha).

c Note that mountain systems were included in these national-level estimates but excluded from table 2 because they cover a relatively small portion of the tropics and are not distinguished by other databases. Default IPCC Tier 1 values for above and belowground forest biomass carbon stocks for mountain systems are 69, 87, 81, and 122 t C / ha for Africa, Latin America, continental Southeast Asia, and insular Southeast Asia, respectively.

plots (Brown et al 2000, Hamburg 2000, Nascimento and Laurance 2002, Paciomik and Rypdal 2003, Pearson et al 2005a).

Country-level forest carbon stocks can then be estimated using the statistically sampled ground-based data. Allometric relationships are first applied to the ground-based forest measurements to estimate the average carbon stocks in each forest strata (Forest C / ha).

A country's forest carbon stocks can then be estimated by applying the average carbon density values across a national land-cover map or to a forest statistics table with the same forest strata (see section 6 for more on linking forest carbon and deforestation measurements). This approach could improve upon the Tier 1 results reported in table 3 and provide estimates at the Tier 2 or 3 level.

## 4.2. Existing forest inventory data

Many tropical countries have already conducted at least one inventory of all or part of their forest area that could supplement new analyses or serve as a 'stopgap' while additional data are collected. However, very few developing countries have comprehensive national inventories, and any existing sub-national inventories must be evaluated before further use (Brown 1997, FAO 2005).

Forest Condition

<!-- image -->

Figure 1. Generalized stratification matrix that uses forest type and condition to capture the major variation in forest carbon stocks. Specific matrices should be developed for each country or region. Emissions from forest degradation could be quantified by comparing estimates of carbon storage under different forest conditions.

| Forest Type   |          | Mature   | Logged   | Secondary (young)   | Secondary (med. aged)   | Burnt   |
|---------------|----------|----------|----------|---------------------|-------------------------|---------|
|               | Moist    |          |          |                     |                         |         |
|               | Dry      |          |          |                     |                         |         |
|               | Seasonal |          |          |                     |                         |         |

## 4.3. Mapping forest carbon stocks using existing inventory data",Total carbon sequestered per annum,138,122
7,0,D.R. Congo,"|              | Based on compilations of harvest data   | Based on compilations of harvest data   | Based on compilations of harvest data   | Based on forest inventory               | Based on forest inventory      | Total range            |
|--------------|-----------------------------------------|-----------------------------------------|-----------------------------------------|-----------------------------------------|--------------------------------|------------------------|
| Country      | Olson et al (1983)/ Gibbs (2006) b      | Houghton (1999)/ DeFries et al (2002)   | IPCC (2006) c                           | Brown (1997)/ Achard et al (2002, 2004) | Gibbs and Brown (2007a, 2007b) | Based on all estimates |
| Angola       | 7811                                    | 6702                                    | 11 767                                  | 7215                                    | 3557                           | 3557-11767             |
| Bangladesh   | 65                                      | 137                                     | 93                                      | 92                                      | 158                            | 65-158                 |
| Belize       | 198                                     | 318                                     | 261                                     | 218                                     | -                              | 198-318                |
| Benin        | 410                                     | 260                                     | 792                                     | 292                                     | 262                            | 260-792                |
| Bhutan       | 13                                      | 29                                      | 121                                     | 22                                      | 2                              | 1-121                  |
| Bolivia      | 6542                                    | 9541                                    | 9189                                    | 2469                                    | -                              | 2469-9189              |
| Brazil       | 54 697                                  | 81 087                                  | 82 510                                  | 82 699                                  | -                              | 54697-82699            |
| Brunei       | 58                                      | 112                                     | 115                                     | 72                                      | 40                             | 40-115                 |
| Burundi      | 69                                      | 51                                      | 43                                      | 55                                      | 9                              | 9-69                   |
| Cambodia     | 1008                                    | 1800                                    | 1222                                    | 1334                                    | 1914                           | 957-1914               |
| Cameroon     | 3721                                    | 3454                                    | 6138                                    | 3695                                    | 3622                           | 3454-6138              |
| CAR          | 4059                                    | 3176                                    | 7405                                    | 3524                                    | 4096                           | 3176-7405              |
| Colombia     | 6737                                    | 10 085                                  | 11 467                                  | 2529                                    | -                              | 2529-11467             |
| Congo        | 3458                                    | 3549                                    | 5472                                    | 3740                                    | 4739                           | 3458-5472              |
| Costa Rica   | 471                                     | 704                                     | 593                                     | 493                                     | -                              | 471-704                |
| D.R. Congo   | 22 986                                  | 22 657                                  | 36 672                                  | 24 020                                  | 20 416                         | 20416-36 672           |
| Ecuador      | 941                                     | 1379                                    | 2071                                    | 351                                     | -                              | 351-2071               |
| El Salvador  | 105                                     | 153                                     | 108                                     | 117                                     | -                              | 105-153                |
| Eq. Guinea   | 304                                     | 313                                     | 474                                     | 330                                     | 268                            | 268-474                |
| Ethiopia     | 183                                     | 153                                     | 553                                     | 168                                     | 867                            | 153-867                |
| Fr. Guiana   | 1097                                    | 1683                                    | 1588                                    | 403                                     | -                              | 403-1683               |
| Gabon        | 3063                                    | 3150                                    | 4742                                    | 3315                                    | 4114                           | 3063-4742              |
| Gambia,      | 7                                       | 7                                       | 11                                      | 7                                       | 6                              | 6-11                   |
| The Ghana    | 880                                     | 612                                     | 2172                                    | 678                                     | 609                            | 609-2172               |",Total carbon sequestered per annum,140,36 657
7,0,Costa Rica,"|              | Based on compilations of harvest data   | Based on compilations of harvest data   | Based on compilations of harvest data   | Based on forest inventory               | Based on forest inventory      | Total range            |
|--------------|-----------------------------------------|-----------------------------------------|-----------------------------------------|-----------------------------------------|--------------------------------|------------------------|
| Country      | Olson et al (1983)/ Gibbs (2006) b      | Houghton (1999)/ DeFries et al (2002)   | IPCC (2006) c                           | Brown (1997)/ Achard et al (2002, 2004) | Gibbs and Brown (2007a, 2007b) | Based on all estimates |
| Angola       | 7811                                    | 6702                                    | 11 767                                  | 7215                                    | 3557                           | 3557-11767             |
| Bangladesh   | 65                                      | 137                                     | 93                                      | 92                                      | 158                            | 65-158                 |
| Belize       | 198                                     | 318                                     | 261                                     | 218                                     | -                              | 198-318                |
| Benin        | 410                                     | 260                                     | 792                                     | 292                                     | 262                            | 260-792                |
| Bhutan       | 13                                      | 29                                      | 121                                     | 22                                      | 2                              | 1-121                  |
| Bolivia      | 6542                                    | 9541                                    | 9189                                    | 2469                                    | -                              | 2469-9189              |
| Brazil       | 54 697                                  | 81 087                                  | 82 510                                  | 82 699                                  | -                              | 54697-82699            |
| Brunei       | 58                                      | 112                                     | 115                                     | 72                                      | 40                             | 40-115                 |
| Burundi      | 69                                      | 51                                      | 43                                      | 55                                      | 9                              | 9-69                   |
| Cambodia     | 1008                                    | 1800                                    | 1222                                    | 1334                                    | 1914                           | 957-1914               |
| Cameroon     | 3721                                    | 3454                                    | 6138                                    | 3695                                    | 3622                           | 3454-6138              |
| CAR          | 4059                                    | 3176                                    | 7405                                    | 3524                                    | 4096                           | 3176-7405              |
| Colombia     | 6737                                    | 10 085                                  | 11 467                                  | 2529                                    | -                              | 2529-11467             |
| Congo        | 3458                                    | 3549                                    | 5472                                    | 3740                                    | 4739                           | 3458-5472              |
| Costa Rica   | 471                                     | 704                                     | 593                                     | 493                                     | -                              | 471-704                |
| D.R. Congo   | 22 986                                  | 22 657                                  | 36 672                                  | 24 020                                  | 20 416                         | 20416-36 672           |
| Ecuador      | 941                                     | 1379                                    | 2071                                    | 351                                     | -                              | 351-2071               |
| El Salvador  | 105                                     | 153                                     | 108                                     | 117                                     | -                              | 105-153                |
| Eq. Guinea   | 304                                     | 313                                     | 474                                     | 330                                     | 268                            | 268-474                |
| Ethiopia     | 183                                     | 153                                     | 553                                     | 168                                     | 867                            | 153-867                |
| Fr. Guiana   | 1097                                    | 1683                                    | 1588                                    | 403                                     | -                              | 403-1683               |
| Gabon        | 3063                                    | 3150                                    | 4742                                    | 3315                                    | 4114                           | 3063-4742              |
| Gambia,      | 7                                       | 7                                       | 11                                      | 7                                       | 6                              | 6-11                   |
| The Ghana    | 880                                     | 612                                     | 2172                                    | 678                                     | 609                            | 609-2172               |",Total carbon sequestered per annum,142,471
10,0,Nicaragua,"|              | Based on compilations of harvest data   | Based on compilations of harvest data   | Based on compilations of harvest data   | Based on forest inventory               | Based on forest inventory      | Total range            |
|--------------|-----------------------------------------|-----------------------------------------|-----------------------------------------|-----------------------------------------|--------------------------------|------------------------|
| Country      | Olson et al (1983)/ Gibbs (2006) b      | Houghton (1999)/ DeFries et al (2002)   | IPCC (2006) c                           | Brown (1997)/ Achard et al (2002, 2004) | Gibbs and Brown (2007a, 2007b) | Based on all estimates |
| Myanmar      | 2843                                    | 5182                                    | 4867                                    | 4024                                    | 4754                           | 2377-5182              |
| Nepal        | 246                                     | 393                                     | 369                                     | 337                                     | 334                            | 246-393                |
| Nicaragua    | 930                                     | 1395                                    | 1275                                    | 972                                     | -                              | 930-1395               |
| Nigeria      | 1805                                    | 1377                                    | 3952                                    | 1510                                    | 1278                           | 1278-3952              |
| Panama       | 509                                     | 763                                     | 685                                     | 549                                     | -                              | 509-763                |
| PNG          | 4154                                    | 8037                                    | 7075                                    | 5160                                    | -                              | 4154-8037              |
| Paraguay     | 2831                                    | 3659                                    | 3063                                    | 1087                                    | -                              | 1087-3659              |
| Peru         | 7694                                    | 11 521                                  | 13 241                                  | 2782                                    | -                              | 2782-13241             |
| Philippines  | 869                                     | 1765                                    | 2503                                    | 1213                                    | 1530                           | 765-2503               |
| Rwanda       | 45                                      | 45                                      | 36                                      | 48                                      | 6                              | 6-48                   |
| Senegal      | 171                                     | 141                                     | 228                                     | 153                                     | 86                             | 86-228                 |
| Sierra Leone | 136                                     | 114                                     | 683                                     | 123                                     | 240                            | 114-683                |
| Sri Lanka    | 302                                     | 509                                     | 296                                     | 400                                     | 138                            | 138-509                |
| Surinam      | 1793                                    | 2753                                    | 2330                                    | 663                                     | -                              | 663-2753               |
| Tanzania     | 2716                                    | 2221                                    | 3400                                    | 2409                                    | 1281                           | 1281-3400              |
| Thailand     | 1346                                    | 2489                                    | 2215                                    | 1923                                    | 2104                           | 1346-2489              |
| Togo         | 252                                     | 172                                     | 510                                     | 192                                     | 145                            | 145-510                |
| Uganda       | 536                                     | 434                                     | 1237                                    | 479                                     | 429                            | 429-1237               |
| Venezuela    | 6141                                    | 9202                                    | 7886                                    | 2326                                    | -                              | 2326-9202              |
| Vietnam      | 774                                     | 1632                                    | 1546                                    | 1169                                    | 1642                           | 774-1642               |
| Zambia       | 4295                                    | 3423                                    | 6378                                    | 3725                                    | 1455                           | 1455-6378              |",Total carbon sequestered per annum,144,930
10,0,Sierra Leone,"|              | Based on compilations of harvest data   | Based on compilations of harvest data   | Based on compilations of harvest data   | Based on forest inventory               | Based on forest inventory      | Total range            |
|--------------|-----------------------------------------|-----------------------------------------|-----------------------------------------|-----------------------------------------|--------------------------------|------------------------|
| Country      | Olson et al (1983)/ Gibbs (2006) b      | Houghton (1999)/ DeFries et al (2002)   | IPCC (2006) c                           | Brown (1997)/ Achard et al (2002, 2004) | Gibbs and Brown (2007a, 2007b) | Based on all estimates |
| Myanmar      | 2843                                    | 5182                                    | 4867                                    | 4024                                    | 4754                           | 2377-5182              |
| Nepal        | 246                                     | 393                                     | 369                                     | 337                                     | 334                            | 246-393                |
| Nicaragua    | 930                                     | 1395                                    | 1275                                    | 972                                     | -                              | 930-1395               |
| Nigeria      | 1805                                    | 1377                                    | 3952                                    | 1510                                    | 1278                           | 1278-3952              |
| Panama       | 509                                     | 763                                     | 685                                     | 549                                     | -                              | 509-763                |
| PNG          | 4154                                    | 8037                                    | 7075                                    | 5160                                    | -                              | 4154-8037              |
| Paraguay     | 2831                                    | 3659                                    | 3063                                    | 1087                                    | -                              | 1087-3659              |
| Peru         | 7694                                    | 11 521                                  | 13 241                                  | 2782                                    | -                              | 2782-13241             |
| Philippines  | 869                                     | 1765                                    | 2503                                    | 1213                                    | 1530                           | 765-2503               |
| Rwanda       | 45                                      | 45                                      | 36                                      | 48                                      | 6                              | 6-48                   |
| Senegal      | 171                                     | 141                                     | 228                                     | 153                                     | 86                             | 86-228                 |
| Sierra Leone | 136                                     | 114                                     | 683                                     | 123                                     | 240                            | 114-683                |
| Sri Lanka    | 302                                     | 509                                     | 296                                     | 400                                     | 138                            | 138-509                |
| Surinam      | 1793                                    | 2753                                    | 2330                                    | 663                                     | -                              | 663-2753               |
| Tanzania     | 2716                                    | 2221                                    | 3400                                    | 2409                                    | 1281                           | 1281-3400              |
| Thailand     | 1346                                    | 2489                                    | 2215                                    | 1923                                    | 2104                           | 1346-2489              |
| Togo         | 252                                     | 172                                     | 510                                     | 192                                     | 145                            | 145-510                |
| Uganda       | 536                                     | 434                                     | 1237                                    | 479                                     | 429                            | 429-1237               |
| Venezuela    | 6141                                    | 9202                                    | 7886                                    | 2326                                    | -                              | 2326-9202              |
| Vietnam      | 774                                     | 1632                                    | 1546                                    | 1169                                    | 1642                           | 774-1642               |
| Zambia       | 4295                                    | 3423                                    | 6378                                    | 3725                                    | 1455                           | 1455-6378              |",Total carbon sequestered per annum,148,114
7,0,Eq. Guinea,"|              | Based on compilations of harvest data   | Based on compilations of harvest data   | Based on compilations of harvest data   | Based on forest inventory               | Based on forest inventory      | Total range            |
|--------------|-----------------------------------------|-----------------------------------------|-----------------------------------------|-----------------------------------------|--------------------------------|------------------------|
| Country      | Olson et al (1983)/ Gibbs (2006) b      | Houghton (1999)/ DeFries et al (2002)   | IPCC (2006) c                           | Brown (1997)/ Achard et al (2002, 2004) | Gibbs and Brown (2007a, 2007b) | Based on all estimates |
| Angola       | 7811                                    | 6702                                    | 11 767                                  | 7215                                    | 3557                           | 3557-11767             |
| Bangladesh   | 65                                      | 137                                     | 93                                      | 92                                      | 158                            | 65-158                 |
| Belize       | 198                                     | 318                                     | 261                                     | 218                                     | -                              | 198-318                |
| Benin        | 410                                     | 260                                     | 792                                     | 292                                     | 262                            | 260-792                |
| Bhutan       | 13                                      | 29                                      | 121                                     | 22                                      | 2                              | 1-121                  |
| Bolivia      | 6542                                    | 9541                                    | 9189                                    | 2469                                    | -                              | 2469-9189              |
| Brazil       | 54 697                                  | 81 087                                  | 82 510                                  | 82 699                                  | -                              | 54697-82699            |
| Brunei       | 58                                      | 112                                     | 115                                     | 72                                      | 40                             | 40-115                 |
| Burundi      | 69                                      | 51                                      | 43                                      | 55                                      | 9                              | 9-69                   |
| Cambodia     | 1008                                    | 1800                                    | 1222                                    | 1334                                    | 1914                           | 957-1914               |
| Cameroon     | 3721                                    | 3454                                    | 6138                                    | 3695                                    | 3622                           | 3454-6138              |
| CAR          | 4059                                    | 3176                                    | 7405                                    | 3524                                    | 4096                           | 3176-7405              |
| Colombia     | 6737                                    | 10 085                                  | 11 467                                  | 2529                                    | -                              | 2529-11467             |
| Congo        | 3458                                    | 3549                                    | 5472                                    | 3740                                    | 4739                           | 3458-5472              |
| Costa Rica   | 471                                     | 704                                     | 593                                     | 493                                     | -                              | 471-704                |
| D.R. Congo   | 22 986                                  | 22 657                                  | 36 672                                  | 24 020                                  | 20 416                         | 20416-36 672           |
| Ecuador      | 941                                     | 1379                                    | 2071                                    | 351                                     | -                              | 351-2071               |
| El Salvador  | 105                                     | 153                                     | 108                                     | 117                                     | -                              | 105-153                |
| Eq. Guinea   | 304                                     | 313                                     | 474                                     | 330                                     | 268                            | 268-474                |
| Ethiopia     | 183                                     | 153                                     | 553                                     | 168                                     | 867                            | 153-867                |
| Fr. Guiana   | 1097                                    | 1683                                    | 1588                                    | 403                                     | -                              | 403-1683               |
| Gabon        | 3063                                    | 3150                                    | 4742                                    | 3315                                    | 4114                           | 3063-4742              |
| Gambia,      | 7                                       | 7                                       | 11                                      | 7                                       | 6                              | 6-11                   |
| The Ghana    | 880                                     | 612                                     | 2172                                    | 678                                     | 609                            | 609-2172               |",Total carbon sequestered per annum,150,268
7,0,CAR,"|              | Based on compilations of harvest data   | Based on compilations of harvest data   | Based on compilations of harvest data   | Based on forest inventory               | Based on forest inventory      | Total range            |
|--------------|-----------------------------------------|-----------------------------------------|-----------------------------------------|-----------------------------------------|--------------------------------|------------------------|
| Country      | Olson et al (1983)/ Gibbs (2006) b      | Houghton (1999)/ DeFries et al (2002)   | IPCC (2006) c                           | Brown (1997)/ Achard et al (2002, 2004) | Gibbs and Brown (2007a, 2007b) | Based on all estimates |
| Angola       | 7811                                    | 6702                                    | 11 767                                  | 7215                                    | 3557                           | 3557-11767             |
| Bangladesh   | 65                                      | 137                                     | 93                                      | 92                                      | 158                            | 65-158                 |
| Belize       | 198                                     | 318                                     | 261                                     | 218                                     | -                              | 198-318                |
| Benin        | 410                                     | 260                                     | 792                                     | 292                                     | 262                            | 260-792                |
| Bhutan       | 13                                      | 29                                      | 121                                     | 22                                      | 2                              | 1-121                  |
| Bolivia      | 6542                                    | 9541                                    | 9189                                    | 2469                                    | -                              | 2469-9189              |
| Brazil       | 54 697                                  | 81 087                                  | 82 510                                  | 82 699                                  | -                              | 54697-82699            |
| Brunei       | 58                                      | 112                                     | 115                                     | 72                                      | 40                             | 40-115                 |
| Burundi      | 69                                      | 51                                      | 43                                      | 55                                      | 9                              | 9-69                   |
| Cambodia     | 1008                                    | 1800                                    | 1222                                    | 1334                                    | 1914                           | 957-1914               |
| Cameroon     | 3721                                    | 3454                                    | 6138                                    | 3695                                    | 3622                           | 3454-6138              |
| CAR          | 4059                                    | 3176                                    | 7405                                    | 3524                                    | 4096                           | 3176-7405              |
| Colombia     | 6737                                    | 10 085                                  | 11 467                                  | 2529                                    | -                              | 2529-11467             |
| Congo        | 3458                                    | 3549                                    | 5472                                    | 3740                                    | 4739                           | 3458-5472              |
| Costa Rica   | 471                                     | 704                                     | 593                                     | 493                                     | -                              | 471-704                |
| D.R. Congo   | 22 986                                  | 22 657                                  | 36 672                                  | 24 020                                  | 20 416                         | 20416-36 672           |
| Ecuador      | 941                                     | 1379                                    | 2071                                    | 351                                     | -                              | 351-2071               |
| El Salvador  | 105                                     | 153                                     | 108                                     | 117                                     | -                              | 105-153                |
| Eq. Guinea   | 304                                     | 313                                     | 474                                     | 330                                     | 268                            | 268-474                |
| Ethiopia     | 183                                     | 153                                     | 553                                     | 168                                     | 867                            | 153-867                |
| Fr. Guiana   | 1097                                    | 1683                                    | 1588                                    | 403                                     | -                              | 403-1683               |
| Gabon        | 3063                                    | 3150                                    | 4742                                    | 3315                                    | 4114                           | 3063-4742              |
| Gambia,      | 7                                       | 7                                       | 11                                      | 7                                       | 6                              | 6-11                   |
| The Ghana    | 880                                     | 612                                     | 2172                                    | 678                                     | 609                            | 609-2172               |",Total carbon sequestered per annum,152,3176
7,0,Ethiopia,"|              | Based on compilations of harvest data   | Based on compilations of harvest data   | Based on compilations of harvest data   | Based on forest inventory               | Based on forest inventory      | Total range            |
|--------------|-----------------------------------------|-----------------------------------------|-----------------------------------------|-----------------------------------------|--------------------------------|------------------------|
| Country      | Olson et al (1983)/ Gibbs (2006) b      | Houghton (1999)/ DeFries et al (2002)   | IPCC (2006) c                           | Brown (1997)/ Achard et al (2002, 2004) | Gibbs and Brown (2007a, 2007b) | Based on all estimates |
| Angola       | 7811                                    | 6702                                    | 11 767                                  | 7215                                    | 3557                           | 3557-11767             |
| Bangladesh   | 65                                      | 137                                     | 93                                      | 92                                      | 158                            | 65-158                 |
| Belize       | 198                                     | 318                                     | 261                                     | 218                                     | -                              | 198-318                |
| Benin        | 410                                     | 260                                     | 792                                     | 292                                     | 262                            | 260-792                |
| Bhutan       | 13                                      | 29                                      | 121                                     | 22                                      | 2                              | 1-121                  |
| Bolivia      | 6542                                    | 9541                                    | 9189                                    | 2469                                    | -                              | 2469-9189              |
| Brazil       | 54 697                                  | 81 087                                  | 82 510                                  | 82 699                                  | -                              | 54697-82699            |
| Brunei       | 58                                      | 112                                     | 115                                     | 72                                      | 40                             | 40-115                 |
| Burundi      | 69                                      | 51                                      | 43                                      | 55                                      | 9                              | 9-69                   |
| Cambodia     | 1008                                    | 1800                                    | 1222                                    | 1334                                    | 1914                           | 957-1914               |
| Cameroon     | 3721                                    | 3454                                    | 6138                                    | 3695                                    | 3622                           | 3454-6138              |
| CAR          | 4059                                    | 3176                                    | 7405                                    | 3524                                    | 4096                           | 3176-7405              |
| Colombia     | 6737                                    | 10 085                                  | 11 467                                  | 2529                                    | -                              | 2529-11467             |
| Congo        | 3458                                    | 3549                                    | 5472                                    | 3740                                    | 4739                           | 3458-5472              |
| Costa Rica   | 471                                     | 704                                     | 593                                     | 493                                     | -                              | 471-704                |
| D.R. Congo   | 22 986                                  | 22 657                                  | 36 672                                  | 24 020                                  | 20 416                         | 20416-36 672           |
| Ecuador      | 941                                     | 1379                                    | 2071                                    | 351                                     | -                              | 351-2071               |
| El Salvador  | 105                                     | 153                                     | 108                                     | 117                                     | -                              | 105-153                |
| Eq. Guinea   | 304                                     | 313                                     | 474                                     | 330                                     | 268                            | 268-474                |
| Ethiopia     | 183                                     | 153                                     | 553                                     | 168                                     | 867                            | 153-867                |
| Fr. Guiana   | 1097                                    | 1683                                    | 1588                                    | 403                                     | -                              | 403-1683               |
| Gabon        | 3063                                    | 3150                                    | 4742                                    | 3315                                    | 4114                           | 3063-4742              |
| Gambia,      | 7                                       | 7                                       | 11                                      | 7                                       | 6                              | 6-11                   |
| The Ghana    | 880                                     | 612                                     | 2172                                    | 678                                     | 609                            | 609-2172               |",Total carbon sequestered per annum,156,153
7,0,Cameroon,"|              | Based on compilations of harvest data   | Based on compilations of harvest data   | Based on compilations of harvest data   | Based on forest inventory               | Based on forest inventory      | Total range            |
|--------------|-----------------------------------------|-----------------------------------------|-----------------------------------------|-----------------------------------------|--------------------------------|------------------------|
| Country      | Olson et al (1983)/ Gibbs (2006) b      | Houghton (1999)/ DeFries et al (2002)   | IPCC (2006) c                           | Brown (1997)/ Achard et al (2002, 2004) | Gibbs and Brown (2007a, 2007b) | Based on all estimates |
| Angola       | 7811                                    | 6702                                    | 11 767                                  | 7215                                    | 3557                           | 3557-11767             |
| Bangladesh   | 65                                      | 137                                     | 93                                      | 92                                      | 158                            | 65-158                 |
| Belize       | 198                                     | 318                                     | 261                                     | 218                                     | -                              | 198-318                |
| Benin        | 410                                     | 260                                     | 792                                     | 292                                     | 262                            | 260-792                |
| Bhutan       | 13                                      | 29                                      | 121                                     | 22                                      | 2                              | 1-121                  |
| Bolivia      | 6542                                    | 9541                                    | 9189                                    | 2469                                    | -                              | 2469-9189              |
| Brazil       | 54 697                                  | 81 087                                  | 82 510                                  | 82 699                                  | -                              | 54697-82699            |
| Brunei       | 58                                      | 112                                     | 115                                     | 72                                      | 40                             | 40-115                 |
| Burundi      | 69                                      | 51                                      | 43                                      | 55                                      | 9                              | 9-69                   |
| Cambodia     | 1008                                    | 1800                                    | 1222                                    | 1334                                    | 1914                           | 957-1914               |
| Cameroon     | 3721                                    | 3454                                    | 6138                                    | 3695                                    | 3622                           | 3454-6138              |
| CAR          | 4059                                    | 3176                                    | 7405                                    | 3524                                    | 4096                           | 3176-7405              |
| Colombia     | 6737                                    | 10 085                                  | 11 467                                  | 2529                                    | -                              | 2529-11467             |
| Congo        | 3458                                    | 3549                                    | 5472                                    | 3740                                    | 4739                           | 3458-5472              |
| Costa Rica   | 471                                     | 704                                     | 593                                     | 493                                     | -                              | 471-704                |
| D.R. Congo   | 22 986                                  | 22 657                                  | 36 672                                  | 24 020                                  | 20 416                         | 20416-36 672           |
| Ecuador      | 941                                     | 1379                                    | 2071                                    | 351                                     | -                              | 351-2071               |
| El Salvador  | 105                                     | 153                                     | 108                                     | 117                                     | -                              | 105-153                |
| Eq. Guinea   | 304                                     | 313                                     | 474                                     | 330                                     | 268                            | 268-474                |
| Ethiopia     | 183                                     | 153                                     | 553                                     | 168                                     | 867                            | 153-867                |
| Fr. Guiana   | 1097                                    | 1683                                    | 1588                                    | 403                                     | -                              | 403-1683               |
| Gabon        | 3063                                    | 3150                                    | 4742                                    | 3315                                    | 4114                           | 3063-4742              |
| Gambia,      | 7                                       | 7                                       | 11                                      | 7                                       | 6                              | 6-11                   |
| The Ghana    | 880                                     | 612                                     | 2172                                    | 678                                     | 609                            | 609-2172               |",Total carbon sequestered per annum,158,3454
7,0,Ecuador,"|              | Based on compilations of harvest data   | Based on compilations of harvest data   | Based on compilations of harvest data   | Based on forest inventory               | Based on forest inventory      | Total range            |
|--------------|-----------------------------------------|-----------------------------------------|-----------------------------------------|-----------------------------------------|--------------------------------|------------------------|
| Country      | Olson et al (1983)/ Gibbs (2006) b      | Houghton (1999)/ DeFries et al (2002)   | IPCC (2006) c                           | Brown (1997)/ Achard et al (2002, 2004) | Gibbs and Brown (2007a, 2007b) | Based on all estimates |
| Angola       | 7811                                    | 6702                                    | 11 767                                  | 7215                                    | 3557                           | 3557-11767             |
| Bangladesh   | 65                                      | 137                                     | 93                                      | 92                                      | 158                            | 65-158                 |
| Belize       | 198                                     | 318                                     | 261                                     | 218                                     | -                              | 198-318                |
| Benin        | 410                                     | 260                                     | 792                                     | 292                                     | 262                            | 260-792                |
| Bhutan       | 13                                      | 29                                      | 121                                     | 22                                      | 2                              | 1-121                  |
| Bolivia      | 6542                                    | 9541                                    | 9189                                    | 2469                                    | -                              | 2469-9189              |
| Brazil       | 54 697                                  | 81 087                                  | 82 510                                  | 82 699                                  | -                              | 54697-82699            |
| Brunei       | 58                                      | 112                                     | 115                                     | 72                                      | 40                             | 40-115                 |
| Burundi      | 69                                      | 51                                      | 43                                      | 55                                      | 9                              | 9-69                   |
| Cambodia     | 1008                                    | 1800                                    | 1222                                    | 1334                                    | 1914                           | 957-1914               |
| Cameroon     | 3721                                    | 3454                                    | 6138                                    | 3695                                    | 3622                           | 3454-6138              |
| CAR          | 4059                                    | 3176                                    | 7405                                    | 3524                                    | 4096                           | 3176-7405              |
| Colombia     | 6737                                    | 10 085                                  | 11 467                                  | 2529                                    | -                              | 2529-11467             |
| Congo        | 3458                                    | 3549                                    | 5472                                    | 3740                                    | 4739                           | 3458-5472              |
| Costa Rica   | 471                                     | 704                                     | 593                                     | 493                                     | -                              | 471-704                |
| D.R. Congo   | 22 986                                  | 22 657                                  | 36 672                                  | 24 020                                  | 20 416                         | 20416-36 672           |
| Ecuador      | 941                                     | 1379                                    | 2071                                    | 351                                     | -                              | 351-2071               |
| El Salvador  | 105                                     | 153                                     | 108                                     | 117                                     | -                              | 105-153                |
| Eq. Guinea   | 304                                     | 313                                     | 474                                     | 330                                     | 268                            | 268-474                |
| Ethiopia     | 183                                     | 153                                     | 553                                     | 168                                     | 867                            | 153-867                |
| Fr. Guiana   | 1097                                    | 1683                                    | 1588                                    | 403                                     | -                              | 403-1683               |
| Gabon        | 3063                                    | 3150                                    | 4742                                    | 3315                                    | 4114                           | 3063-4742              |
| Gambia,      | 7                                       | 7                                       | 11                                      | 7                                       | 6                              | 6-11                   |
| The Ghana    | 880                                     | 612                                     | 2172                                    | 678                                     | 609                            | 609-2172               |",Total carbon sequestered per annum,162,1379
10,0,Sri Lanka,"|              | Based on compilations of harvest data   | Based on compilations of harvest data   | Based on compilations of harvest data   | Based on forest inventory               | Based on forest inventory      | Total range            |
|--------------|-----------------------------------------|-----------------------------------------|-----------------------------------------|-----------------------------------------|--------------------------------|------------------------|
| Country      | Olson et al (1983)/ Gibbs (2006) b      | Houghton (1999)/ DeFries et al (2002)   | IPCC (2006) c                           | Brown (1997)/ Achard et al (2002, 2004) | Gibbs and Brown (2007a, 2007b) | Based on all estimates |
| Myanmar      | 2843                                    | 5182                                    | 4867                                    | 4024                                    | 4754                           | 2377-5182              |
| Nepal        | 246                                     | 393                                     | 369                                     | 337                                     | 334                            | 246-393                |
| Nicaragua    | 930                                     | 1395                                    | 1275                                    | 972                                     | -                              | 930-1395               |
| Nigeria      | 1805                                    | 1377                                    | 3952                                    | 1510                                    | 1278                           | 1278-3952              |
| Panama       | 509                                     | 763                                     | 685                                     | 549                                     | -                              | 509-763                |
| PNG          | 4154                                    | 8037                                    | 7075                                    | 5160                                    | -                              | 4154-8037              |
| Paraguay     | 2831                                    | 3659                                    | 3063                                    | 1087                                    | -                              | 1087-3659              |
| Peru         | 7694                                    | 11 521                                  | 13 241                                  | 2782                                    | -                              | 2782-13241             |
| Philippines  | 869                                     | 1765                                    | 2503                                    | 1213                                    | 1530                           | 765-2503               |
| Rwanda       | 45                                      | 45                                      | 36                                      | 48                                      | 6                              | 6-48                   |
| Senegal      | 171                                     | 141                                     | 228                                     | 153                                     | 86                             | 86-228                 |
| Sierra Leone | 136                                     | 114                                     | 683                                     | 123                                     | 240                            | 114-683                |
| Sri Lanka    | 302                                     | 509                                     | 296                                     | 400                                     | 138                            | 138-509                |
| Surinam      | 1793                                    | 2753                                    | 2330                                    | 663                                     | -                              | 663-2753               |
| Tanzania     | 2716                                    | 2221                                    | 3400                                    | 2409                                    | 1281                           | 1281-3400              |
| Thailand     | 1346                                    | 2489                                    | 2215                                    | 1923                                    | 2104                           | 1346-2489              |
| Togo         | 252                                     | 172                                     | 510                                     | 192                                     | 145                            | 145-510                |
| Uganda       | 536                                     | 434                                     | 1237                                    | 479                                     | 429                            | 429-1237               |
| Venezuela    | 6141                                    | 9202                                    | 7886                                    | 2326                                    | -                              | 2326-9202              |
| Vietnam      | 774                                     | 1632                                    | 1546                                    | 1169                                    | 1642                           | 774-1642               |
| Zambia       | 4295                                    | 3423                                    | 6378                                    | 3725                                    | 1455                           | 1455-6378              |",Total carbon sequestered per annum,174,138
5,0,Tropical Asia,"| Forest type or region b    | Houghton (1999)/ DeFries et al (2002) c   | Brown (1997)/ Achard et al (2004) d   | Gibbs and Brown (2007a, 2007b) e   | IPCC (2006) f   |
|----------------------------|-------------------------------------------|---------------------------------------|------------------------------------|-----------------|
| Central America            | -                                         | -                                     | -                                  | -               |
| Pan-Amazon                 | -                                         | 129                                   | -                                  | -               |
| Brazilian Amazon           | -                                         | 186                                   | -                                  | -               |
| Latin America              |                                           |                                       |                                    |                 |
| Tropical equatorial forest | 200                                       | -                                     | -                                  | 193             |
| Tropical seasonal forest   | 140                                       | -                                     | -                                  | 128             |
| Tropical dry forest        | 55                                        | 47                                    | -                                  | 126             |
| Warm coniferous forest     | 168                                       | -                                     | -                                  | -               |
| Temp. broadleaved forest   | 100                                       | -                                     | -                                  | -               |
| Sub-Saharan Africa         |                                           |                                       |                                    |                 |
| All forests                | -                                         | 143                                   | -                                  | -               |
| Tropical equatorial forest | -                                         | -                                     | 99                                 | 200             |
| Tropical seasonal forest   | -                                         | -                                     | 38                                 | 152             |
| Tropical dry forest        | -                                         | -                                     | 17                                 | 72              |
| Closed forest              | 136                                       | -                                     | -                                  | -               |
| Open forest                | 30                                        | 36                                    | -                                  | -               |
| Tropical Asia              |                                           |                                       |                                    |                 |
| All forests                | -                                         | 151                                   | -                                  | -               |
| Tropical equatorial forest | 250                                       | -                                     | 164                                | 180/ 225 g      |
| Tropical seasonal forest   | 150                                       | -                                     | 142                                | 105/ 169        |
| Tropical dry forest        | -                                         | -                                     | 120                                | 78/ 96          |

a Table modified from Ramankutty et al (2007). Estimates of forest carbon stocks (t C / ha) are based on different

biome-average datasets and most have slight modifications. All values are for above- and belowground forest biomass carbon. Olson et al (1983) was excluded from this table because he provides only a single value for all tropical forests (120 t C / ha) and for dry forest/woodland (60 t C / ha).

b Houghton (1999)/DeFries et al (2002) and IPCC (2006) distinguished forest types within each region, whereas Brown (1997)/Achard et al (2004) distinguished only by region and not by forest type.

c Used values from Houghton and Hackler (2001), which was based on a compilation of harvest measurements from ecological studies and originally published in Houghton (1999); 'The values were obtained from summaries of global vegetation Whittaker and Likens (1973), Ajtay et al (1979), Olson et al (1983) as well as from regional studies (for additional sources see Melillo et al 1988, Houghton et al 1991, Houghton and Hackler 1995)' (Houghton 1999: p 302). Values include aboveground, belowground and groundcover carbon stocks.

d Estimated values based on Brown (1997), which was based on forest inventory data and converted to carbon stocks using allometric relationships. Achard et al (2002, 2004) increased values by 20% for root carbon stocks. Here, we report mean values; Achard et al (2004) added a range by adding ± 20%.",Total carbon sequestered per annum,182,151
11,0,insular Southeast Asia,"a Overview of methods used to develop table 3: In most cases, total forest carbon stocks per country were calculated by applying biome-average forest carbon values to a satellite-based global land cover map for the year 2000 (GLC 2000) stratified by the FAO forest ecological zone map (FAO 2001). Gibbs and Brown (2007a, 2007b) applied a rule-based model to the GLC 2000 map. Additional description of data sources can be found in table 2 footnotes. All values are for above- and belowground forest biomass carbon stocks (trunk, branches, roots). Units expressed as million tonnes of carbon (M t C). (1) We attempted to trace each biome average to the original source of data and explain all modifications made by the biomass dataset producers, but this was not always possible. (2) Forest classes from the global classification scheme of GLC 2000 include the following: broadleaved evergreen, broadleaved deciduous open, broadleaved deciduous closed, needleleaved evergreen, needleleaved deciduous, mixed leaf, mosaic, and burnt. All non-forest land cover categories were excluded. (3) Each data set provided different values for different biome types. If only a single forest class was provided it was applied universally to all of the above classes (open and closed). When more than one forest category was provided it was translated and applied accordingly. (4) Note that only Gibbs and Brown (2007a, 2007b) account for the impact of human disturbance on forest carbon stocks. All other estimates use the same biome-average carbon value for all forests within each broad class regardless of their condition-however, we divided the average forest carbon stocks values in half for the mosaic and burnt classes in GLC 2000.

b Based on Gibbs (2006), which translated and applied the original Olson et al (1983) data to the GLC 2000 land cover map. Olson et al (1983) is based on a large compilation of literature studies; please see on-line documentation for full list. The Olson 'medium' biomass estimates were used here. Note that Olson et al (1983) provides only a single value for all tropical forests (120 Mg C / ha) and for dry forest/woodland (60 Mg C / ha).

c Note that mountain systems were included in these national-level estimates but excluded from table 2 because they cover a relatively small portion of the tropics and are not distinguished by other databases. Default IPCC Tier 1 values for above and belowground forest biomass carbon stocks for mountain systems are 69, 87, 81, and 122 t C / ha for Africa, Latin America, continental Southeast Asia, and insular Southeast Asia, respectively.

plots (Brown et al 2000, Hamburg 2000, Nascimento and Laurance 2002, Paciomik and Rypdal 2003, Pearson et al 2005a).

Country-level forest carbon stocks can then be estimated using the statistically sampled ground-based data. Allometric relationships are first applied to the ground-based forest measurements to estimate the average carbon stocks in each forest strata (Forest C / ha).

A country's forest carbon stocks can then be estimated by applying the average carbon density values across a national land-cover map or to a forest statistics table with the same forest strata (see section 6 for more on linking forest carbon and deforestation measurements). This approach could improve upon the Tier 1 results reported in table 3 and provide estimates at the Tier 2 or 3 level.

## 4.2. Existing forest inventory data

Many tropical countries have already conducted at least one inventory of all or part of their forest area that could supplement new analyses or serve as a 'stopgap' while additional data are collected. However, very few developing countries have comprehensive national inventories, and any existing sub-national inventories must be evaluated before further use (Brown 1997, FAO 2005).

Forest Condition

<!-- image -->

Figure 1. Generalized stratification matrix that uses forest type and condition to capture the major variation in forest carbon stocks. Specific matrices should be developed for each country or region. Emissions from forest degradation could be quantified by comparing estimates of carbon storage under different forest conditions.

| Forest Type   |          | Mature   | Logged   | Secondary (young)   | Secondary (med. aged)   | Burnt   |
|---------------|----------|----------|----------|---------------------|-------------------------|---------|
|               | Moist    |          |          |                     |                         |         |
|               | Dry      |          |          |                     |                         |         |
|               | Seasonal |          |          |                     |                         |         |

## 4.3. Mapping forest carbon stocks using existing inventory data",Total carbon sequestered per annum,186,122
10,0,Tanzania,"|              | Based on compilations of harvest data   | Based on compilations of harvest data   | Based on compilations of harvest data   | Based on forest inventory               | Based on forest inventory      | Total range            |
|--------------|-----------------------------------------|-----------------------------------------|-----------------------------------------|-----------------------------------------|--------------------------------|------------------------|
| Country      | Olson et al (1983)/ Gibbs (2006) b      | Houghton (1999)/ DeFries et al (2002)   | IPCC (2006) c                           | Brown (1997)/ Achard et al (2002, 2004) | Gibbs and Brown (2007a, 2007b) | Based on all estimates |
| Myanmar      | 2843                                    | 5182                                    | 4867                                    | 4024                                    | 4754                           | 2377-5182              |
| Nepal        | 246                                     | 393                                     | 369                                     | 337                                     | 334                            | 246-393                |
| Nicaragua    | 930                                     | 1395                                    | 1275                                    | 972                                     | -                              | 930-1395               |
| Nigeria      | 1805                                    | 1377                                    | 3952                                    | 1510                                    | 1278                           | 1278-3952              |
| Panama       | 509                                     | 763                                     | 685                                     | 549                                     | -                              | 509-763                |
| PNG          | 4154                                    | 8037                                    | 7075                                    | 5160                                    | -                              | 4154-8037              |
| Paraguay     | 2831                                    | 3659                                    | 3063                                    | 1087                                    | -                              | 1087-3659              |
| Peru         | 7694                                    | 11 521                                  | 13 241                                  | 2782                                    | -                              | 2782-13241             |
| Philippines  | 869                                     | 1765                                    | 2503                                    | 1213                                    | 1530                           | 765-2503               |
| Rwanda       | 45                                      | 45                                      | 36                                      | 48                                      | 6                              | 6-48                   |
| Senegal      | 171                                     | 141                                     | 228                                     | 153                                     | 86                             | 86-228                 |
| Sierra Leone | 136                                     | 114                                     | 683                                     | 123                                     | 240                            | 114-683                |
| Sri Lanka    | 302                                     | 509                                     | 296                                     | 400                                     | 138                            | 138-509                |
| Surinam      | 1793                                    | 2753                                    | 2330                                    | 663                                     | -                              | 663-2753               |
| Tanzania     | 2716                                    | 2221                                    | 3400                                    | 2409                                    | 1281                           | 1281-3400              |
| Thailand     | 1346                                    | 2489                                    | 2215                                    | 1923                                    | 2104                           | 1346-2489              |
| Togo         | 252                                     | 172                                     | 510                                     | 192                                     | 145                            | 145-510                |
| Uganda       | 536                                     | 434                                     | 1237                                    | 479                                     | 429                            | 429-1237               |
| Venezuela    | 6141                                    | 9202                                    | 7886                                    | 2326                                    | -                              | 2326-9202              |
| Vietnam      | 774                                     | 1632                                    | 1546                                    | 1169                                    | 1642                           | 774-1642               |
| Zambia       | 4295                                    | 3423                                    | 6378                                    | 3725                                    | 1455                           | 1455-6378              |",Total carbon sequestered per annum,190,128
10,0,Togo,"|              | Based on compilations of harvest data   | Based on compilations of harvest data   | Based on compilations of harvest data   | Based on forest inventory               | Based on forest inventory      | Total range            |
|--------------|-----------------------------------------|-----------------------------------------|-----------------------------------------|-----------------------------------------|--------------------------------|------------------------|
| Country      | Olson et al (1983)/ Gibbs (2006) b      | Houghton (1999)/ DeFries et al (2002)   | IPCC (2006) c                           | Brown (1997)/ Achard et al (2002, 2004) | Gibbs and Brown (2007a, 2007b) | Based on all estimates |
| Myanmar      | 2843                                    | 5182                                    | 4867                                    | 4024                                    | 4754                           | 2377-5182              |
| Nepal        | 246                                     | 393                                     | 369                                     | 337                                     | 334                            | 246-393                |
| Nicaragua    | 930                                     | 1395                                    | 1275                                    | 972                                     | -                              | 930-1395               |
| Nigeria      | 1805                                    | 1377                                    | 3952                                    | 1510                                    | 1278                           | 1278-3952              |
| Panama       | 509                                     | 763                                     | 685                                     | 549                                     | -                              | 509-763                |
| PNG          | 4154                                    | 8037                                    | 7075                                    | 5160                                    | -                              | 4154-8037              |
| Paraguay     | 2831                                    | 3659                                    | 3063                                    | 1087                                    | -                              | 1087-3659              |
| Peru         | 7694                                    | 11 521                                  | 13 241                                  | 2782                                    | -                              | 2782-13241             |
| Philippines  | 869                                     | 1765                                    | 2503                                    | 1213                                    | 1530                           | 765-2503               |
| Rwanda       | 45                                      | 45                                      | 36                                      | 48                                      | 6                              | 6-48                   |
| Senegal      | 171                                     | 141                                     | 228                                     | 153                                     | 86                             | 86-228                 |
| Sierra Leone | 136                                     | 114                                     | 683                                     | 123                                     | 240                            | 114-683                |
| Sri Lanka    | 302                                     | 509                                     | 296                                     | 400                                     | 138                            | 138-509                |
| Surinam      | 1793                                    | 2753                                    | 2330                                    | 663                                     | -                              | 663-2753               |
| Tanzania     | 2716                                    | 2221                                    | 3400                                    | 2409                                    | 1281                           | 1281-3400              |
| Thailand     | 1346                                    | 2489                                    | 2215                                    | 1923                                    | 2104                           | 1346-2489              |
| Togo         | 252                                     | 172                                     | 510                                     | 192                                     | 145                            | 145-510                |
| Uganda       | 536                                     | 434                                     | 1237                                    | 479                                     | 429                            | 429-1237               |
| Venezuela    | 6141                                    | 9202                                    | 7886                                    | 2326                                    | -                              | 2326-9202              |
| Vietnam      | 774                                     | 1632                                    | 1546                                    | 1169                                    | 1642                           | 774-1642               |
| Zambia       | 4295                                    | 3423                                    | 6378                                    | 3725                                    | 1455                           | 1455-6378              |",Total carbon sequestered per annum,192,145
7,0,Bolivia,"|              | Based on compilations of harvest data   | Based on compilations of harvest data   | Based on compilations of harvest data   | Based on forest inventory               | Based on forest inventory      | Total range            |
|--------------|-----------------------------------------|-----------------------------------------|-----------------------------------------|-----------------------------------------|--------------------------------|------------------------|
| Country      | Olson et al (1983)/ Gibbs (2006) b      | Houghton (1999)/ DeFries et al (2002)   | IPCC (2006) c                           | Brown (1997)/ Achard et al (2002, 2004) | Gibbs and Brown (2007a, 2007b) | Based on all estimates |
| Angola       | 7811                                    | 6702                                    | 11 767                                  | 7215                                    | 3557                           | 3557-11767             |
| Bangladesh   | 65                                      | 137                                     | 93                                      | 92                                      | 158                            | 65-158                 |
| Belize       | 198                                     | 318                                     | 261                                     | 218                                     | -                              | 198-318                |
| Benin        | 410                                     | 260                                     | 792                                     | 292                                     | 262                            | 260-792                |
| Bhutan       | 13                                      | 29                                      | 121                                     | 22                                      | 2                              | 1-121                  |
| Bolivia      | 6542                                    | 9541                                    | 9189                                    | 2469                                    | -                              | 2469-9189              |
| Brazil       | 54 697                                  | 81 087                                  | 82 510                                  | 82 699                                  | -                              | 54697-82699            |
| Brunei       | 58                                      | 112                                     | 115                                     | 72                                      | 40                             | 40-115                 |
| Burundi      | 69                                      | 51                                      | 43                                      | 55                                      | 9                              | 9-69                   |
| Cambodia     | 1008                                    | 1800                                    | 1222                                    | 1334                                    | 1914                           | 957-1914               |
| Cameroon     | 3721                                    | 3454                                    | 6138                                    | 3695                                    | 3622                           | 3454-6138              |
| CAR          | 4059                                    | 3176                                    | 7405                                    | 3524                                    | 4096                           | 3176-7405              |
| Colombia     | 6737                                    | 10 085                                  | 11 467                                  | 2529                                    | -                              | 2529-11467             |
| Congo        | 3458                                    | 3549                                    | 5472                                    | 3740                                    | 4739                           | 3458-5472              |
| Costa Rica   | 471                                     | 704                                     | 593                                     | 493                                     | -                              | 471-704                |
| D.R. Congo   | 22 986                                  | 22 657                                  | 36 672                                  | 24 020                                  | 20 416                         | 20416-36 672           |
| Ecuador      | 941                                     | 1379                                    | 2071                                    | 351                                     | -                              | 351-2071               |
| El Salvador  | 105                                     | 153                                     | 108                                     | 117                                     | -                              | 105-153                |
| Eq. Guinea   | 304                                     | 313                                     | 474                                     | 330                                     | 268                            | 268-474                |
| Ethiopia     | 183                                     | 153                                     | 553                                     | 168                                     | 867                            | 153-867                |
| Fr. Guiana   | 1097                                    | 1683                                    | 1588                                    | 403                                     | -                              | 403-1683               |
| Gabon        | 3063                                    | 3150                                    | 4742                                    | 3315                                    | 4114                           | 3063-4742              |
| Gambia,      | 7                                       | 7                                       | 11                                      | 7                                       | 6                              | 6-11                   |
| The Ghana    | 880                                     | 612                                     | 2172                                    | 678                                     | 609                            | 609-2172               |",Total carbon sequestered per annum,198,2469
16,0,Venezuela,"- Chave J, Condit R, Aguilar S, Hernandez A, Lao S and Perez R 2004 Error propagation and scaling for tropical forest biomass estimates Phil. Trans. R. Soc. B 359 409-20
- Chave J et al 2005 Tree allometry and improved estimation of carbon stocks and balance in tropical forests Oecologia 145 87-9
- DeFries R, Achard F, Brown S, Herold M, Murdiyarso D, Schmlamadinger B and deSouza C 2007 Earth observations for estimating greenhouse gas emissions from deforestation in developing countries Environ. Sci. Policy 10 385-94
- DeFries R S, Asner G, Achard F, Justice C, Laporte N, Price K, Small C and Townshend J 2005 Monitoring tropical deforestation for emerging carbon markets Tropical Deforestation and Climate Change ed P Moutino and S Schwartzman (Belem: IPAM and Environmental Defense) pp 35-44
- DeFries R S, Houghton R A, Hansen M C, Field C B, Skole D and Townshend J 2002 Carbon emissions from tropical deforestation and regrowth based on satellite observations for the 1980s and 1990s Proc. Natl Acad. Sci. USA 99 14256-61
- Delaney M, Brown S, Lugo A E, Torres-Lezama A and Bello Quintero N 1998 The quantity and turnover of dead wood in permanent forest plots in six life zones of Venezuela Biotropica 30 2-11
- Drake J B et al 2003 Above-ground biomass estimation in closed-canopy neotropical forests using lidar remote sensing: factors affecting the generality of relationships Glob. Ecol. Biogeogr. 12 147-59
- Dubayah R and Drake J B 2000 Lidar remote sensing for forestry applications J. Forestry 98 44-6
- FAO (Food and Agricultural Organization of the United Nations) 2000 Global forest resources assessment 2000 FAO Forestry paper 140 479
- FAO (Food and Agricultural Organization of the United Nations) 2005 FAO Statistical database 2005 available at http:// faostat.fao.org/ (accessed 2005-09-06)
- Fearnside P M 2000 Global warming and tropical land-use change: greenhouse gas emissions from biomass burning, decomposition and soils in forest conversion, shifting cultivation and secondary vegetation Clim. Change 46 115-58
- Fearnside P M and Laurance W F 2003 Comment on 'Determination of deforestation rates of the world's humid tropical forests' Science 299 1015
- Fearnside P M and Laurance W F 2004 Tropical deforestation and greenhouse gas emissions Ecological Appl. 14 982-6
- Foody G M, Boyd D S and Cutler M E J 2003 Predictive relations of tropical forest biomass from Landset TM data and their transferability between regions Remote Sens. Environ. 85 463-74
- Foody G M and Cutler M E J 2003 Tree diversity in protected and logged Bornean tropical rain forests and is measurement by satellite remote sensing J. Biogeogr. 30 1053-66
- Fuller D O 2006 Tropical forest monitoring and remote sensing: a new era of transparency in forest governance? Singap. J. Trop. Geogr. 27 15-29
- Fuller D O, Jessup T C and Salim A 2004 Forest loss in Kalimantan, Indonesia since the 1997-1998 El Nino event Conser. Biol. 18 249-54
- Gaston G, Brown S, Lorenzini M and Singh K D 1998 State and change in carbon pools in the forests of tropical Africa Glob. Change Biol. 4 97
- Gibbs H K 2006 Olson's major world ecosystem complexes ranked by carbon in live vegetation: an updated database using the GLC2000 land cover product NDP-017b available at http:// cdiac.ornl.gov/epubs/ndp/ndp017/ndp017b.html from the Carbon Dioxide Information Center, Oak Ridge National Laboratory, Oak Ridge, TN
- Gibbs H K and Brown S 2007a Geographical distribution of woody biomass carbon stocks in tropical Africa: an updated database for 2000. Available at http://cdiac.ornl.gov/epubs/ndp/ndp0555/ ndp05b.html from the Carbon Dioxide Information Center, Oak Ridge National Laboratory, Oak Ridge, TN",Total carbon sequestered per annum,206,None-
10,0,Panama,"|              | Based on compilations of harvest data   | Based on compilations of harvest data   | Based on compilations of harvest data   | Based on forest inventory               | Based on forest inventory      | Total range            |
|--------------|-----------------------------------------|-----------------------------------------|-----------------------------------------|-----------------------------------------|--------------------------------|------------------------|
| Country      | Olson et al (1983)/ Gibbs (2006) b      | Houghton (1999)/ DeFries et al (2002)   | IPCC (2006) c                           | Brown (1997)/ Achard et al (2002, 2004) | Gibbs and Brown (2007a, 2007b) | Based on all estimates |
| Myanmar      | 2843                                    | 5182                                    | 4867                                    | 4024                                    | 4754                           | 2377-5182              |
| Nepal        | 246                                     | 393                                     | 369                                     | 337                                     | 334                            | 246-393                |
| Nicaragua    | 930                                     | 1395                                    | 1275                                    | 972                                     | -                              | 930-1395               |
| Nigeria      | 1805                                    | 1377                                    | 3952                                    | 1510                                    | 1278                           | 1278-3952              |
| Panama       | 509                                     | 763                                     | 685                                     | 549                                     | -                              | 509-763                |
| PNG          | 4154                                    | 8037                                    | 7075                                    | 5160                                    | -                              | 4154-8037              |
| Paraguay     | 2831                                    | 3659                                    | 3063                                    | 1087                                    | -                              | 1087-3659              |
| Peru         | 7694                                    | 11 521                                  | 13 241                                  | 2782                                    | -                              | 2782-13241             |
| Philippines  | 869                                     | 1765                                    | 2503                                    | 1213                                    | 1530                           | 765-2503               |
| Rwanda       | 45                                      | 45                                      | 36                                      | 48                                      | 6                              | 6-48                   |
| Senegal      | 171                                     | 141                                     | 228                                     | 153                                     | 86                             | 86-228                 |
| Sierra Leone | 136                                     | 114                                     | 683                                     | 123                                     | 240                            | 114-683                |
| Sri Lanka    | 302                                     | 509                                     | 296                                     | 400                                     | 138                            | 138-509                |
| Surinam      | 1793                                    | 2753                                    | 2330                                    | 663                                     | -                              | 663-2753               |
| Tanzania     | 2716                                    | 2221                                    | 3400                                    | 2409                                    | 1281                           | 1281-3400              |
| Thailand     | 1346                                    | 2489                                    | 2215                                    | 1923                                    | 2104                           | 1346-2489              |
| Togo         | 252                                     | 172                                     | 510                                     | 192                                     | 145                            | 145-510                |
| Uganda       | 536                                     | 434                                     | 1237                                    | 479                                     | 429                            | 429-1237               |
| Venezuela    | 6141                                    | 9202                                    | 7886                                    | 2326                                    | -                              | 2326-9202              |
| Vietnam      | 774                                     | 1632                                    | 1546                                    | 1169                                    | 1642                           | 774-1642               |
| Zambia       | 4295                                    | 3423                                    | 6378                                    | 3725                                    | 1455                           | 1455-6378              |",Total carbon sequestered per annum,216,509
10,0,Nigeria,"|              | Based on compilations of harvest data   | Based on compilations of harvest data   | Based on compilations of harvest data   | Based on forest inventory               | Based on forest inventory      | Total range            |
|--------------|-----------------------------------------|-----------------------------------------|-----------------------------------------|-----------------------------------------|--------------------------------|------------------------|
| Country      | Olson et al (1983)/ Gibbs (2006) b      | Houghton (1999)/ DeFries et al (2002)   | IPCC (2006) c                           | Brown (1997)/ Achard et al (2002, 2004) | Gibbs and Brown (2007a, 2007b) | Based on all estimates |
| Myanmar      | 2843                                    | 5182                                    | 4867                                    | 4024                                    | 4754                           | 2377-5182              |
| Nepal        | 246                                     | 393                                     | 369                                     | 337                                     | 334                            | 246-393                |
| Nicaragua    | 930                                     | 1395                                    | 1275                                    | 972                                     | -                              | 930-1395               |
| Nigeria      | 1805                                    | 1377                                    | 3952                                    | 1510                                    | 1278                           | 1278-3952              |
| Panama       | 509                                     | 763                                     | 685                                     | 549                                     | -                              | 509-763                |
| PNG          | 4154                                    | 8037                                    | 7075                                    | 5160                                    | -                              | 4154-8037              |
| Paraguay     | 2831                                    | 3659                                    | 3063                                    | 1087                                    | -                              | 1087-3659              |
| Peru         | 7694                                    | 11 521                                  | 13 241                                  | 2782                                    | -                              | 2782-13241             |
| Philippines  | 869                                     | 1765                                    | 2503                                    | 1213                                    | 1530                           | 765-2503               |
| Rwanda       | 45                                      | 45                                      | 36                                      | 48                                      | 6                              | 6-48                   |
| Senegal      | 171                                     | 141                                     | 228                                     | 153                                     | 86                             | 86-228                 |
| Sierra Leone | 136                                     | 114                                     | 683                                     | 123                                     | 240                            | 114-683                |
| Sri Lanka    | 302                                     | 509                                     | 296                                     | 400                                     | 138                            | 138-509                |
| Surinam      | 1793                                    | 2753                                    | 2330                                    | 663                                     | -                              | 663-2753               |
| Tanzania     | 2716                                    | 2221                                    | 3400                                    | 2409                                    | 1281                           | 1281-3400              |
| Thailand     | 1346                                    | 2489                                    | 2215                                    | 1923                                    | 2104                           | 1346-2489              |
| Togo         | 252                                     | 172                                     | 510                                     | 192                                     | 145                            | 145-510                |
| Uganda       | 536                                     | 434                                     | 1237                                    | 479                                     | 429                            | 429-1237               |
| Venezuela    | 6141                                    | 9202                                    | 7886                                    | 2326                                    | -                              | 2326-9202              |
| Vietnam      | 774                                     | 1632                                    | 1546                                    | 1169                                    | 1642                           | 774-1642               |
| Zambia       | 4295                                    | 3423                                    | 6378                                    | 3725                                    | 1455                           | 1455-6378              |",Total carbon sequestered per annum,226,1278
17,0,Brazil,"- Gibbs H K and Brown S 2007b Geographical distribution of biomass carbon in tropical southeast Asian forests: an updated database for 2000. Available at http://cdiac.ornl.gov/epubs/ndp/ndp068/ ndp068b.html from the Carbon Dioxide Information Center, Oak Ridge National Laboratory, Oak Ridge, TN
- Global Land Cover 2000 Database. European Commission, Joint Research Centre 2003 http://www-gem.jrc.it/glc2000
- Gullison R E et al 2007 Tropical forests and climate policy Science 316 985-6
- Hamburg S P 2000 Simple rules for measuring changes in ecosystem carbon in forestry set projects Mitigat. Adapt. Strateg. Glob. Change 5 25-37
- Harmon M E and Sexton J 1996 Guidelines for measurements of woody detritus in forest ecosystems US LTER Publication No. 20 US LTER Network Office, University of Washington, Seattle, WA
- Herold M and Johns T 2007 Linking requirements with capabilities for deforestation monitoring in the context of the UNFCCC-REDDprocess Environ. Res. Lett. 2 at press
- Hese S, Lucht W, Schmullius C, Barnsley M, Dubayah R, Knorr D, Neumann K, Ridel T and Shcroter K 2005 Global biomass mapping for an improved understanding of the CO2 balance-the Earth observation mission carbon-3D Remote Sens. Environ. 94 94-104
- Hirsch A I, Little W S, Houghton R A, Scott N A and White J D 2004 The net carbon flux due to deforestation and forest re-growth in the Brazilian Amazon: analysis using a process-based model Glob. Change Biol. 10 908-24
- Houghton R A 1999 The annual net flux of carbon to the atmosphere from changes in land use 1850-1990 Tellus B 51 298-13
- Houghton R A 2005 Tropical deforestation as a source of greenhouse gas emissions Tropical Deforestation and Climate Change ed Mutinho and Schwartzman (Belem: IPAM)
- Houghton R A and Hackler J L 1995 Continental scale estimates of biotic carbon flux from land cover change: 1850-1980 ORNL/CDIAC-79, NDP-050 (Oak Ridge, TN: Oak Ridge National Laboratory)
- Houghton R A and Hackler J L 2001 Carbon Flux to the Atmosphere from Land-Use Changes: 1850 to 1990 ORNL/CDIAC-131, NDP-050/R1 http://cdiac.esd.ornl.gov/ndps/ndp050.html Carbon Dioxide Information Analysis Center, US Department of Energy, Oak Ridge National Laboratory, Oak Ridge, TN, p 86
- Houghton R A, Lawrence K T, Hackler J L and Brown S 2001 The spatial distribution of forest biomass in the Brazilian Amazon: a comparison of estimates Glob. Change Biol. 7 731-46
- Houghton R A, Lefkowitz D S and Skole D L 1991 Changes in the landscape of Latin America between 1850-1980 (I). A progressive loss of forest Forest Ecol. Manag. 38 143-72
- IPCC 2006 IPCC Guidelines for National Greenhouse Gas Inventories. Prepared by the National Greenhouse Gas Inventories Programme ed H S Eggleston, L Buendia, K Miwa, T Ngara and K Tanabe (Japan: Institute For Global Environmental Strategies)
- Iverson L, Brown S, Prasad A, Mitasova H, Gillespie A J R and Lugo A E 1994 Use of GIS for estimating potential and actual forest biomass for continental South and Southeast Asia Effects of Land-Use Change on Atmospheric CO2 Concentrations: South and Southeast Asia as a Case Study ed V Dale (New York: Springer) pp 67-116
- Keller M, Palace M and Hurtt G 2001 Biomass estimation in the Tapajos National Forest, Brazil: examination of sampling and allometric uncertainties Forest Ecol. Manag. 154 371-82
- Kellndorfer J, Walker W, Pierce L, Dobson C, Fites J A, Hunsaker C, Vona J and Clutter M 2004 Vegetation height estimation from shuttle radar topography mission and national elevation datasets Remote Sens. Environ. 93 339-58
- Lefsky M A, Cohen W B, Acker S A, Parker G G, Spies T A and Harding D 1999 Lidar remote sensing of the canopy structure",Total carbon sequestered per annum,228,None.2
10,0,Surinam,"|              | Based on compilations of harvest data   | Based on compilations of harvest data   | Based on compilations of harvest data   | Based on forest inventory               | Based on forest inventory      | Total range            |
|--------------|-----------------------------------------|-----------------------------------------|-----------------------------------------|-----------------------------------------|--------------------------------|------------------------|
| Country      | Olson et al (1983)/ Gibbs (2006) b      | Houghton (1999)/ DeFries et al (2002)   | IPCC (2006) c                           | Brown (1997)/ Achard et al (2002, 2004) | Gibbs and Brown (2007a, 2007b) | Based on all estimates |
| Myanmar      | 2843                                    | 5182                                    | 4867                                    | 4024                                    | 4754                           | 2377-5182              |
| Nepal        | 246                                     | 393                                     | 369                                     | 337                                     | 334                            | 246-393                |
| Nicaragua    | 930                                     | 1395                                    | 1275                                    | 972                                     | -                              | 930-1395               |
| Nigeria      | 1805                                    | 1377                                    | 3952                                    | 1510                                    | 1278                           | 1278-3952              |
| Panama       | 509                                     | 763                                     | 685                                     | 549                                     | -                              | 509-763                |
| PNG          | 4154                                    | 8037                                    | 7075                                    | 5160                                    | -                              | 4154-8037              |
| Paraguay     | 2831                                    | 3659                                    | 3063                                    | 1087                                    | -                              | 1087-3659              |
| Peru         | 7694                                    | 11 521                                  | 13 241                                  | 2782                                    | -                              | 2782-13241             |
| Philippines  | 869                                     | 1765                                    | 2503                                    | 1213                                    | 1530                           | 765-2503               |
| Rwanda       | 45                                      | 45                                      | 36                                      | 48                                      | 6                              | 6-48                   |
| Senegal      | 171                                     | 141                                     | 228                                     | 153                                     | 86                             | 86-228                 |
| Sierra Leone | 136                                     | 114                                     | 683                                     | 123                                     | 240                            | 114-683                |
| Sri Lanka    | 302                                     | 509                                     | 296                                     | 400                                     | 138                            | 138-509                |
| Surinam      | 1793                                    | 2753                                    | 2330                                    | 663                                     | -                              | 663-2753               |
| Tanzania     | 2716                                    | 2221                                    | 3400                                    | 2409                                    | 1281                           | 1281-3400              |
| Thailand     | 1346                                    | 2489                                    | 2215                                    | 1923                                    | 2104                           | 1346-2489              |
| Togo         | 252                                     | 172                                     | 510                                     | 192                                     | 145                            | 145-510                |
| Uganda       | 536                                     | 434                                     | 1237                                    | 479                                     | 429                            | 429-1237               |
| Venezuela    | 6141                                    | 9202                                    | 7886                                    | 2326                                    | -                              | 2326-9202              |
| Vietnam      | 774                                     | 1632                                    | 1546                                    | 1169                                    | 1642                           | 774-1642               |
| Zambia       | 4295                                    | 3423                                    | 6378                                    | 3725                                    | 1455                           | 1455-6378              |",Total carbon sequestered per annum,230,663
7,0,Benin,"|              | Based on compilations of harvest data   | Based on compilations of harvest data   | Based on compilations of harvest data   | Based on forest inventory               | Based on forest inventory      | Total range            |
|--------------|-----------------------------------------|-----------------------------------------|-----------------------------------------|-----------------------------------------|--------------------------------|------------------------|
| Country      | Olson et al (1983)/ Gibbs (2006) b      | Houghton (1999)/ DeFries et al (2002)   | IPCC (2006) c                           | Brown (1997)/ Achard et al (2002, 2004) | Gibbs and Brown (2007a, 2007b) | Based on all estimates |
| Angola       | 7811                                    | 6702                                    | 11 767                                  | 7215                                    | 3557                           | 3557-11767             |
| Bangladesh   | 65                                      | 137                                     | 93                                      | 92                                      | 158                            | 65-158                 |
| Belize       | 198                                     | 318                                     | 261                                     | 218                                     | -                              | 198-318                |
| Benin        | 410                                     | 260                                     | 792                                     | 292                                     | 262                            | 260-792                |
| Bhutan       | 13                                      | 29                                      | 121                                     | 22                                      | 2                              | 1-121                  |
| Bolivia      | 6542                                    | 9541                                    | 9189                                    | 2469                                    | -                              | 2469-9189              |
| Brazil       | 54 697                                  | 81 087                                  | 82 510                                  | 82 699                                  | -                              | 54697-82699            |
| Brunei       | 58                                      | 112                                     | 115                                     | 72                                      | 40                             | 40-115                 |
| Burundi      | 69                                      | 51                                      | 43                                      | 55                                      | 9                              | 9-69                   |
| Cambodia     | 1008                                    | 1800                                    | 1222                                    | 1334                                    | 1914                           | 957-1914               |
| Cameroon     | 3721                                    | 3454                                    | 6138                                    | 3695                                    | 3622                           | 3454-6138              |
| CAR          | 4059                                    | 3176                                    | 7405                                    | 3524                                    | 4096                           | 3176-7405              |
| Colombia     | 6737                                    | 10 085                                  | 11 467                                  | 2529                                    | -                              | 2529-11467             |
| Congo        | 3458                                    | 3549                                    | 5472                                    | 3740                                    | 4739                           | 3458-5472              |
| Costa Rica   | 471                                     | 704                                     | 593                                     | 493                                     | -                              | 471-704                |
| D.R. Congo   | 22 986                                  | 22 657                                  | 36 672                                  | 24 020                                  | 20 416                         | 20416-36 672           |
| Ecuador      | 941                                     | 1379                                    | 2071                                    | 351                                     | -                              | 351-2071               |
| El Salvador  | 105                                     | 153                                     | 108                                     | 117                                     | -                              | 105-153                |
| Eq. Guinea   | 304                                     | 313                                     | 474                                     | 330                                     | 268                            | 268-474                |
| Ethiopia     | 183                                     | 153                                     | 553                                     | 168                                     | 867                            | 153-867                |
| Fr. Guiana   | 1097                                    | 1683                                    | 1588                                    | 403                                     | -                              | 403-1683               |
| Gabon        | 3063                                    | 3150                                    | 4742                                    | 3315                                    | 4114                           | 3063-4742              |
| Gambia,      | 7                                       | 7                                       | 11                                      | 7                                       | 6                              | 6-11                   |
| The Ghana    | 880                                     | 612                                     | 2172                                    | 678                                     | 609                            | 609-2172               |",Total carbon sequestered per annum,234,260
7,0,Cambodia,"|              | Based on compilations of harvest data   | Based on compilations of harvest data   | Based on compilations of harvest data   | Based on forest inventory               | Based on forest inventory      | Total range            |
|--------------|-----------------------------------------|-----------------------------------------|-----------------------------------------|-----------------------------------------|--------------------------------|------------------------|
| Country      | Olson et al (1983)/ Gibbs (2006) b      | Houghton (1999)/ DeFries et al (2002)   | IPCC (2006) c                           | Brown (1997)/ Achard et al (2002, 2004) | Gibbs and Brown (2007a, 2007b) | Based on all estimates |
| Angola       | 7811                                    | 6702                                    | 11 767                                  | 7215                                    | 3557                           | 3557-11767             |
| Bangladesh   | 65                                      | 137                                     | 93                                      | 92                                      | 158                            | 65-158                 |
| Belize       | 198                                     | 318                                     | 261                                     | 218                                     | -                              | 198-318                |
| Benin        | 410                                     | 260                                     | 792                                     | 292                                     | 262                            | 260-792                |
| Bhutan       | 13                                      | 29                                      | 121                                     | 22                                      | 2                              | 1-121                  |
| Bolivia      | 6542                                    | 9541                                    | 9189                                    | 2469                                    | -                              | 2469-9189              |
| Brazil       | 54 697                                  | 81 087                                  | 82 510                                  | 82 699                                  | -                              | 54697-82699            |
| Brunei       | 58                                      | 112                                     | 115                                     | 72                                      | 40                             | 40-115                 |
| Burundi      | 69                                      | 51                                      | 43                                      | 55                                      | 9                              | 9-69                   |
| Cambodia     | 1008                                    | 1800                                    | 1222                                    | 1334                                    | 1914                           | 957-1914               |
| Cameroon     | 3721                                    | 3454                                    | 6138                                    | 3695                                    | 3622                           | 3454-6138              |
| CAR          | 4059                                    | 3176                                    | 7405                                    | 3524                                    | 4096                           | 3176-7405              |
| Colombia     | 6737                                    | 10 085                                  | 11 467                                  | 2529                                    | -                              | 2529-11467             |
| Congo        | 3458                                    | 3549                                    | 5472                                    | 3740                                    | 4739                           | 3458-5472              |
| Costa Rica   | 471                                     | 704                                     | 593                                     | 493                                     | -                              | 471-704                |
| D.R. Congo   | 22 986                                  | 22 657                                  | 36 672                                  | 24 020                                  | 20 416                         | 20416-36 672           |
| Ecuador      | 941                                     | 1379                                    | 2071                                    | 351                                     | -                              | 351-2071               |
| El Salvador  | 105                                     | 153                                     | 108                                     | 117                                     | -                              | 105-153                |
| Eq. Guinea   | 304                                     | 313                                     | 474                                     | 330                                     | 268                            | 268-474                |
| Ethiopia     | 183                                     | 153                                     | 553                                     | 168                                     | 867                            | 153-867                |
| Fr. Guiana   | 1097                                    | 1683                                    | 1588                                    | 403                                     | -                              | 403-1683               |
| Gabon        | 3063                                    | 3150                                    | 4742                                    | 3315                                    | 4114                           | 3063-4742              |
| Gambia,      | 7                                       | 7                                       | 11                                      | 7                                       | 6                              | 6-11                   |
| The Ghana    | 880                                     | 612                                     | 2172                                    | 678                                     | 609                            | 609-2172               |",Total carbon sequestered per annum,238,957
7,0,Bhutan,"|              | Based on compilations of harvest data   | Based on compilations of harvest data   | Based on compilations of harvest data   | Based on forest inventory               | Based on forest inventory      | Total range            |
|--------------|-----------------------------------------|-----------------------------------------|-----------------------------------------|-----------------------------------------|--------------------------------|------------------------|
| Country      | Olson et al (1983)/ Gibbs (2006) b      | Houghton (1999)/ DeFries et al (2002)   | IPCC (2006) c                           | Brown (1997)/ Achard et al (2002, 2004) | Gibbs and Brown (2007a, 2007b) | Based on all estimates |
| Angola       | 7811                                    | 6702                                    | 11 767                                  | 7215                                    | 3557                           | 3557-11767             |
| Bangladesh   | 65                                      | 137                                     | 93                                      | 92                                      | 158                            | 65-158                 |
| Belize       | 198                                     | 318                                     | 261                                     | 218                                     | -                              | 198-318                |
| Benin        | 410                                     | 260                                     | 792                                     | 292                                     | 262                            | 260-792                |
| Bhutan       | 13                                      | 29                                      | 121                                     | 22                                      | 2                              | 1-121                  |
| Bolivia      | 6542                                    | 9541                                    | 9189                                    | 2469                                    | -                              | 2469-9189              |
| Brazil       | 54 697                                  | 81 087                                  | 82 510                                  | 82 699                                  | -                              | 54697-82699            |
| Brunei       | 58                                      | 112                                     | 115                                     | 72                                      | 40                             | 40-115                 |
| Burundi      | 69                                      | 51                                      | 43                                      | 55                                      | 9                              | 9-69                   |
| Cambodia     | 1008                                    | 1800                                    | 1222                                    | 1334                                    | 1914                           | 957-1914               |
| Cameroon     | 3721                                    | 3454                                    | 6138                                    | 3695                                    | 3622                           | 3454-6138              |
| CAR          | 4059                                    | 3176                                    | 7405                                    | 3524                                    | 4096                           | 3176-7405              |
| Colombia     | 6737                                    | 10 085                                  | 11 467                                  | 2529                                    | -                              | 2529-11467             |
| Congo        | 3458                                    | 3549                                    | 5472                                    | 3740                                    | 4739                           | 3458-5472              |
| Costa Rica   | 471                                     | 704                                     | 593                                     | 493                                     | -                              | 471-704                |
| D.R. Congo   | 22 986                                  | 22 657                                  | 36 672                                  | 24 020                                  | 20 416                         | 20416-36 672           |
| Ecuador      | 941                                     | 1379                                    | 2071                                    | 351                                     | -                              | 351-2071               |
| El Salvador  | 105                                     | 153                                     | 108                                     | 117                                     | -                              | 105-153                |
| Eq. Guinea   | 304                                     | 313                                     | 474                                     | 330                                     | 268                            | 268-474                |
| Ethiopia     | 183                                     | 153                                     | 553                                     | 168                                     | 867                            | 153-867                |
| Fr. Guiana   | 1097                                    | 1683                                    | 1588                                    | 403                                     | -                              | 403-1683               |
| Gabon        | 3063                                    | 3150                                    | 4742                                    | 3315                                    | 4114                           | 3063-4742              |
| Gambia,      | 7                                       | 7                                       | 11                                      | 7                                       | 6                              | 6-11                   |
| The Ghana    | 880                                     | 612                                     | 2172                                    | 678                                     | 609                            | 609-2172               |",Total carbon sequestered per annum,252,1121
7,0,Brazil,"|              | Based on compilations of harvest data   | Based on compilations of harvest data   | Based on compilations of harvest data   | Based on forest inventory               | Based on forest inventory      | Total range            |
|--------------|-----------------------------------------|-----------------------------------------|-----------------------------------------|-----------------------------------------|--------------------------------|------------------------|
| Country      | Olson et al (1983)/ Gibbs (2006) b      | Houghton (1999)/ DeFries et al (2002)   | IPCC (2006) c                           | Brown (1997)/ Achard et al (2002, 2004) | Gibbs and Brown (2007a, 2007b) | Based on all estimates |
| Angola       | 7811                                    | 6702                                    | 11 767                                  | 7215                                    | 3557                           | 3557-11767             |
| Bangladesh   | 65                                      | 137                                     | 93                                      | 92                                      | 158                            | 65-158                 |
| Belize       | 198                                     | 318                                     | 261                                     | 218                                     | -                              | 198-318                |
| Benin        | 410                                     | 260                                     | 792                                     | 292                                     | 262                            | 260-792                |
| Bhutan       | 13                                      | 29                                      | 121                                     | 22                                      | 2                              | 1-121                  |
| Bolivia      | 6542                                    | 9541                                    | 9189                                    | 2469                                    | -                              | 2469-9189              |
| Brazil       | 54 697                                  | 81 087                                  | 82 510                                  | 82 699                                  | -                              | 54697-82699            |
| Brunei       | 58                                      | 112                                     | 115                                     | 72                                      | 40                             | 40-115                 |
| Burundi      | 69                                      | 51                                      | 43                                      | 55                                      | 9                              | 9-69                   |
| Cambodia     | 1008                                    | 1800                                    | 1222                                    | 1334                                    | 1914                           | 957-1914               |
| Cameroon     | 3721                                    | 3454                                    | 6138                                    | 3695                                    | 3622                           | 3454-6138              |
| CAR          | 4059                                    | 3176                                    | 7405                                    | 3524                                    | 4096                           | 3176-7405              |
| Colombia     | 6737                                    | 10 085                                  | 11 467                                  | 2529                                    | -                              | 2529-11467             |
| Congo        | 3458                                    | 3549                                    | 5472                                    | 3740                                    | 4739                           | 3458-5472              |
| Costa Rica   | 471                                     | 704                                     | 593                                     | 493                                     | -                              | 471-704                |
| D.R. Congo   | 22 986                                  | 22 657                                  | 36 672                                  | 24 020                                  | 20 416                         | 20416-36 672           |
| Ecuador      | 941                                     | 1379                                    | 2071                                    | 351                                     | -                              | 351-2071               |
| El Salvador  | 105                                     | 153                                     | 108                                     | 117                                     | -                              | 105-153                |
| Eq. Guinea   | 304                                     | 313                                     | 474                                     | 330                                     | 268                            | 268-474                |
| Ethiopia     | 183                                     | 153                                     | 553                                     | 168                                     | 867                            | 153-867                |
| Fr. Guiana   | 1097                                    | 1683                                    | 1588                                    | 403                                     | -                              | 403-1683               |
| Gabon        | 3063                                    | 3150                                    | 4742                                    | 3315                                    | 4114                           | 3063-4742              |
| Gambia,      | 7                                       | 7                                       | 11                                      | 7                                       | 6                              | 6-11                   |
| The Ghana    | 880                                     | 612                                     | 2172                                    | 678                                     | 609                            | 609-2172               |",Total carbon sequestered per annum,256,82 697
17,0,Southeast Asia,"- Gibbs H K and Brown S 2007b Geographical distribution of biomass carbon in tropical southeast Asian forests: an updated database for 2000. Available at http://cdiac.ornl.gov/epubs/ndp/ndp068/ ndp068b.html from the Carbon Dioxide Information Center, Oak Ridge National Laboratory, Oak Ridge, TN
- Global Land Cover 2000 Database. European Commission, Joint Research Centre 2003 http://www-gem.jrc.it/glc2000
- Gullison R E et al 2007 Tropical forests and climate policy Science 316 985-6
- Hamburg S P 2000 Simple rules for measuring changes in ecosystem carbon in forestry set projects Mitigat. Adapt. Strateg. Glob. Change 5 25-37
- Harmon M E and Sexton J 1996 Guidelines for measurements of woody detritus in forest ecosystems US LTER Publication No. 20 US LTER Network Office, University of Washington, Seattle, WA
- Herold M and Johns T 2007 Linking requirements with capabilities for deforestation monitoring in the context of the UNFCCC-REDDprocess Environ. Res. Lett. 2 at press
- Hese S, Lucht W, Schmullius C, Barnsley M, Dubayah R, Knorr D, Neumann K, Ridel T and Shcroter K 2005 Global biomass mapping for an improved understanding of the CO2 balance-the Earth observation mission carbon-3D Remote Sens. Environ. 94 94-104
- Hirsch A I, Little W S, Houghton R A, Scott N A and White J D 2004 The net carbon flux due to deforestation and forest re-growth in the Brazilian Amazon: analysis using a process-based model Glob. Change Biol. 10 908-24
- Houghton R A 1999 The annual net flux of carbon to the atmosphere from changes in land use 1850-1990 Tellus B 51 298-13
- Houghton R A 2005 Tropical deforestation as a source of greenhouse gas emissions Tropical Deforestation and Climate Change ed Mutinho and Schwartzman (Belem: IPAM)
- Houghton R A and Hackler J L 1995 Continental scale estimates of biotic carbon flux from land cover change: 1850-1980 ORNL/CDIAC-79, NDP-050 (Oak Ridge, TN: Oak Ridge National Laboratory)
- Houghton R A and Hackler J L 2001 Carbon Flux to the Atmosphere from Land-Use Changes: 1850 to 1990 ORNL/CDIAC-131, NDP-050/R1 http://cdiac.esd.ornl.gov/ndps/ndp050.html Carbon Dioxide Information Analysis Center, US Department of Energy, Oak Ridge National Laboratory, Oak Ridge, TN, p 86
- Houghton R A, Lawrence K T, Hackler J L and Brown S 2001 The spatial distribution of forest biomass in the Brazilian Amazon: a comparison of estimates Glob. Change Biol. 7 731-46
- Houghton R A, Lefkowitz D S and Skole D L 1991 Changes in the landscape of Latin America between 1850-1980 (I). A progressive loss of forest Forest Ecol. Manag. 38 143-72
- IPCC 2006 IPCC Guidelines for National Greenhouse Gas Inventories. Prepared by the National Greenhouse Gas Inventories Programme ed H S Eggleston, L Buendia, K Miwa, T Ngara and K Tanabe (Japan: Institute For Global Environmental Strategies)
- Iverson L, Brown S, Prasad A, Mitasova H, Gillespie A J R and Lugo A E 1994 Use of GIS for estimating potential and actual forest biomass for continental South and Southeast Asia Effects of Land-Use Change on Atmospheric CO2 Concentrations: South and Southeast Asia as a Case Study ed V Dale (New York: Springer) pp 67-116
- Keller M, Palace M and Hurtt G 2001 Biomass estimation in the Tapajos National Forest, Brazil: examination of sampling and allometric uncertainties Forest Ecol. Manag. 154 371-82
- Kellndorfer J, Walker W, Pierce L, Dobson C, Fites J A, Hunsaker C, Vona J and Clutter M 2004 Vegetation height estimation from shuttle radar topography mission and national elevation datasets Remote Sens. Environ. 93 339-58
- Lefsky M A, Cohen W B, Acker S A, Parker G G, Spies T A and Harding D 1999 Lidar remote sensing of the canopy structure",Total carbon sequestered per annum,260,"None0-1980:  
1850-1990: None 
1980-1990: None 
1850-1980: 0.8"
0,0,Africa,"Environ. Res. Lett. 2 (2007) 045023 (13pp)

## Monitoring and estimating tropical forest carbon stocks: making REDD a reality

Holly K Gibbs 1 , Sandra Brown 2 , John O Niles 3 and Jonathan A Foley 1

- 1 Center for Sustainability and the Global Environment (SAGE), Nelson Institute for Environmental Studies, University of Wisconsin, 1710 University Avenue, Madison, WI 53726, USA

2 Winrock International, Ecosystem Services Unit, 1621 N Kent Street, Suite 1200, Arlington,

VA 22207, USA

3 Carbon Conservation, 1226 E Mason Street, Santa Barbara, CA 93103, USA

Received 14 August 2007

Accepted for publication 1 November 2007 Published 5 December 2007

Online at stacks.iop.org/ERL/2/045023

## Abstract

Reducing carbon emissions from deforestation and degradation in developing countries is of central importance in efforts to combat climate change. Key scientific challenges must be addressed to prevent any policy roadblocks. Foremost among the challenges is quantifying nations' carbon emissions from deforestation and forest degradation, which requires information on forest clearing and carbon storage. Here we review a range of methods available to estimate national-level forest carbon stocks in developing countries. While there are no practical methods to directly measure all forest carbon stocks across a country, both ground-based and remote-sensing measurements of forest attributes can be converted into estimates of national carbon stocks using allometric relationships. Here we synthesize, map and update prominent forest biomass carbon databases to create the first complete set of national-level forest carbon stock estimates. These forest carbon estimates expand on the default values recommended by the Intergovernmental Panel on Climate Change's National Greenhouse Gas Inventory Guidelines and provide a range of globally consistent estimates.

Keywords: deforestation, tropical forests, forest biomass, carbon stocks, emissions, forest inventory, UNFCCC, REDD, LULUCF, avoided deforestation

## 1. Introduction

Forests sequester and store more carbon than any other terrestrial ecosystem and are an important natural 'brake' on climate change. When forests are cleared or degraded, their stored carbon is released into the atmosphere as carbon dioxide (CO2). Tropical deforestation is estimated to have released of the order of 1-2 billion tonnes of carbon per year during the 1990s, roughly 15-25% of annual global greenhouse gas emissions (Malhi and Grace 2000, Fearnside and Laurance 2003, 2004, Houghton 2005). The largest source of greenhouse gas emissions in most tropical countries is from deforestation and forest degradation. In Africa, for example, deforestation accounts for nearly 70% of total emissions (FAO 2005). Moreover, clearing tropical forests also destroys globally important carbon sinks that are currently sequestering

CO2 from the atmosphere and are critical to future climate stabilization (Stephens et al 2007).

Despite the importance of avoiding deforestation and associated emissions, developing countries have had few economic or policy incentives to reduce emissions from landuse change (Santilli et al 2005). 'Avoided deforestation' projects were excluded from the 2008-2012 first commitment period of the Kyoto Protocol because of concerns about diluting fossil fuel reductions, sovereignty and methods to measure emissions reductions (Niles 2002, Gullison et al 2007). More recently the importance of including emissions reductions from tropical deforestation in future climate change policy has grown. The United Nations Framework Convention on Climate Change recently agreed to study and consider a new initiative, led by forest-rich developing countries, that calls for economic incentives to help facilitate reductions

in emissions from deforestation in developing countries (REDD).

The REDD concept is-at its core-a proposal to provide financial incentives to help developing countries voluntarily reduce national deforestation rates and associated carbon emissions below a baseline (based either on a historical reference case or future projection). Countries that demonstrate emissions reductions may be able to sell those carbon credits on the international carbon market or elsewhere. These emissions reductions could simultaneously combat climate change, conserve biodiversity and protect other ecosystem goods and services.",Total carbon sequestered per annum,272,70% of
